entity_id	entity_type
CR_001	ConditionRule
CR_003	ConditionRule
CR_004	ConditionRule
CR_005	ConditionRule
CR_006	ConditionRule
CR_007	ConditionRule
CR_008	ConditionRule
CR_009	ConditionRule
CR_010	ConditionRule
CR_011	ConditionRule
CR_012	ConditionRule
CR_013	ConditionRule
CR_016	ConditionRule
CR_017	ConditionRule
CR_018	ConditionRule
CR_019	ConditionRule
CR_020	ConditionRule
CR_021	ConditionRule
CR_025	ConditionRule
CR_026	ConditionRule
CR_027	ConditionRule
CR_028	ConditionRule
CR_029	ConditionRule
CR_031	ConditionRule
CR_032	ConditionRule
CR_033	ConditionRule
CR_034	ConditionRule
CR_035	ConditionRule
CR_036	ConditionRule
CR_037	ConditionRule
CR_038	ConditionRule
CR_040	ConditionRule
CR_042	ConditionRule
CR_043	ConditionRule
CR_044	ConditionRule
CR_045	ConditionRule
CR_047	ConditionRule
CR_048	ConditionRule
CR_049	ConditionRule
CR_050	ConditionRule
CR_051	ConditionRule
CR_053	ConditionRule
CR_054	ConditionRule
CR_056	ConditionRule
CR_057	ConditionRule
CR_058	ConditionRule
CR_062	ConditionRule
CR_063	ConditionRule
CR_064	ConditionRule
CR_070	ConditionRule
CR_071	ConditionRule
CR_072	ConditionRule
CR_073	ConditionRule
CR_074	ConditionRule
CR_075	ConditionRule
CR_076	ConditionRule
CR_077	ConditionRule
CR_078	ConditionRule
CR_079	ConditionRule
CR_081	ConditionRule
CR_083	ConditionRule
CR_086	ConditionRule
CR_087	ConditionRule
CR_089	ConditionRule
CR_091	ConditionRule
CR_092	ConditionRule
CR_093	ConditionRule
CR_094	ConditionRule
CR_095	ConditionRule
CR_096	ConditionRule
CR_098	ConditionRule
CR_099	ConditionRule
CR_100	ConditionRule
CR_1000	ConditionRule
CR_1001	ConditionRule
CR_1002	ConditionRule
CR_1003	ConditionRule
CR_1004	ConditionRule
CR_1005	ConditionRule
CR_1006	ConditionRule
CR_1007	ConditionRule
CR_1008	ConditionRule
CR_1009	ConditionRule
CR_101	ConditionRule
CR_1010	ConditionRule
CR_1011	ConditionRule
CR_1012	ConditionRule
CR_1013	ConditionRule
CR_1014	ConditionRule
CR_1015	ConditionRule
CR_1016	ConditionRule
CR_1017	ConditionRule
CR_1018	ConditionRule
CR_1019	ConditionRule
CR_102	ConditionRule
CR_1020	ConditionRule
CR_1021	ConditionRule
CR_1022	ConditionRule
CR_1023	ConditionRule
CR_1024	ConditionRule
CR_1025	ConditionRule
CR_1026	ConditionRule
CR_1027	ConditionRule
CR_1028	ConditionRule
CR_1029	ConditionRule
CR_103	ConditionRule
CR_1030	ConditionRule
CR_1031	ConditionRule
CR_1032	ConditionRule
CR_1033	ConditionRule
CR_1034	ConditionRule
CR_1035	ConditionRule
CR_1036	ConditionRule
CR_1037	ConditionRule
CR_1038	ConditionRule
CR_1039	ConditionRule
CR_104	ConditionRule
CR_1040	ConditionRule
CR_1041	ConditionRule
CR_1042	ConditionRule
CR_1043	ConditionRule
CR_1044	ConditionRule
CR_1045	ConditionRule
CR_1046	ConditionRule
CR_1047	ConditionRule
CR_1048	ConditionRule
CR_1049	ConditionRule
CR_105	ConditionRule
CR_1050	ConditionRule
CR_1051	ConditionRule
CR_1052	ConditionRule
CR_1053	ConditionRule
CR_1054	ConditionRule
CR_1055	ConditionRule
CR_1056	ConditionRule
CR_1057	ConditionRule
CR_1058	ConditionRule
CR_1059	ConditionRule
CR_106	ConditionRule
CR_1060	ConditionRule
CR_1061	ConditionRule
CR_1062	ConditionRule
CR_1063	ConditionRule
CR_1064	ConditionRule
CR_1065	ConditionRule
CR_1066	ConditionRule
CR_1067	ConditionRule
CR_1068	ConditionRule
CR_1069	ConditionRule
CR_107	ConditionRule
CR_1070	ConditionRule
CR_1071	ConditionRule
CR_1072	ConditionRule
CR_1073	ConditionRule
CR_1074	ConditionRule
CR_1075	ConditionRule
CR_1076	ConditionRule
CR_1077	ConditionRule
CR_1078	ConditionRule
CR_1079	ConditionRule
CR_108	ConditionRule
CR_1080	ConditionRule
CR_1081	ConditionRule
CR_1082	ConditionRule
CR_1083	ConditionRule
CR_1084	ConditionRule
CR_1085	ConditionRule
CR_1086	ConditionRule
CR_1087	ConditionRule
CR_1088	ConditionRule
CR_1089	ConditionRule
CR_109	ConditionRule
CR_1090	ConditionRule
CR_1091	ConditionRule
CR_1092	ConditionRule
CR_1093	ConditionRule
CR_1094	ConditionRule
CR_1095	ConditionRule
CR_1096	ConditionRule
CR_1097	ConditionRule
CR_1098	ConditionRule
CR_1099	ConditionRule
CR_1100	ConditionRule
CR_1101	ConditionRule
CR_1102	ConditionRule
CR_1103	ConditionRule
CR_1104	ConditionRule
CR_1105	ConditionRule
CR_1106	ConditionRule
CR_1107	ConditionRule
CR_1108	ConditionRule
CR_1109	ConditionRule
CR_1110	ConditionRule
CR_1111	ConditionRule
CR_1112	ConditionRule
CR_1113	ConditionRule
CR_1114	ConditionRule
CR_1115	ConditionRule
CR_1116	ConditionRule
CR_1117	ConditionRule
CR_1118	ConditionRule
CR_1119	ConditionRule
CR_1120	ConditionRule
CR_1121	ConditionRule
CR_1122	ConditionRule
CR_1123	ConditionRule
CR_1124	ConditionRule
CR_1125	ConditionRule
CR_1126	ConditionRule
CR_1127	ConditionRule
CR_1128	ConditionRule
CR_1129	ConditionRule
CR_113	ConditionRule
CR_1130	ConditionRule
CR_1131	ConditionRule
CR_1132	ConditionRule
CR_1133	ConditionRule
CR_1134	ConditionRule
CR_1135	ConditionRule
CR_1136	ConditionRule
CR_1137	ConditionRule
CR_1138	ConditionRule
CR_1139	ConditionRule
CR_1140	ConditionRule
CR_1141	ConditionRule
CR_1142	ConditionRule
CR_1143	ConditionRule
CR_1144	ConditionRule
CR_1145	ConditionRule
CR_1146	ConditionRule
CR_1147	ConditionRule
CR_1148	ConditionRule
CR_1149	ConditionRule
CR_115	ConditionRule
CR_1150	ConditionRule
CR_1151	ConditionRule
CR_1152	ConditionRule
CR_1153	ConditionRule
CR_1154	ConditionRule
CR_1155	ConditionRule
CR_1156	ConditionRule
CR_1157	ConditionRule
CR_1158	ConditionRule
CR_1159	ConditionRule
CR_116	ConditionRule
CR_1160	ConditionRule
CR_1161	ConditionRule
CR_1162	ConditionRule
CR_1163	ConditionRule
CR_1164	ConditionRule
CR_1165	ConditionRule
CR_1166	ConditionRule
CR_1167	ConditionRule
CR_1168	ConditionRule
CR_1169	ConditionRule
CR_117	ConditionRule
CR_1170	ConditionRule
CR_1171	ConditionRule
CR_1172	ConditionRule
CR_1173	ConditionRule
CR_1174	ConditionRule
CR_1175	ConditionRule
CR_1176	ConditionRule
CR_1177	ConditionRule
CR_1178	ConditionRule
CR_1179	ConditionRule
CR_118	ConditionRule
CR_1180	ConditionRule
CR_1181	ConditionRule
CR_1182	ConditionRule
CR_1183	ConditionRule
CR_1184	ConditionRule
CR_1185	ConditionRule
CR_1186	ConditionRule
CR_1187	ConditionRule
CR_1188	ConditionRule
CR_1189	ConditionRule
CR_119	ConditionRule
CR_1190	ConditionRule
CR_1191	ConditionRule
CR_1192	ConditionRule
CR_1193	ConditionRule
CR_1194	ConditionRule
CR_1195	ConditionRule
CR_1196	ConditionRule
CR_1197	ConditionRule
CR_1198	ConditionRule
CR_1199	ConditionRule
CR_1200	ConditionRule
CR_1201	ConditionRule
CR_1202	ConditionRule
CR_1203	ConditionRule
CR_1204	ConditionRule
CR_1205	ConditionRule
CR_1206	ConditionRule
CR_1207	ConditionRule
CR_1208	ConditionRule
CR_1209	ConditionRule
CR_121	ConditionRule
CR_1210	ConditionRule
CR_1211	ConditionRule
CR_1212	ConditionRule
CR_1213	ConditionRule
CR_1214	ConditionRule
CR_1215	ConditionRule
CR_1216	ConditionRule
CR_1217	ConditionRule
CR_1218	ConditionRule
CR_1219	ConditionRule
CR_1220	ConditionRule
CR_1221	ConditionRule
CR_1222	ConditionRule
CR_1223	ConditionRule
CR_1224	ConditionRule
CR_1225	ConditionRule
CR_1226	ConditionRule
CR_1227	ConditionRule
CR_1228	ConditionRule
CR_1229	ConditionRule
CR_123	ConditionRule
CR_1230	ConditionRule
CR_1231	ConditionRule
CR_1232	ConditionRule
CR_1233	ConditionRule
CR_1234	ConditionRule
CR_1235	ConditionRule
CR_1236	ConditionRule
CR_1237	ConditionRule
CR_1238	ConditionRule
CR_1239	ConditionRule
CR_124	ConditionRule
CR_1240	ConditionRule
CR_1241	ConditionRule
CR_1242	ConditionRule
CR_1243	ConditionRule
CR_1244	ConditionRule
CR_1245	ConditionRule
CR_1246	ConditionRule
CR_1247	ConditionRule
CR_1248	ConditionRule
CR_1249	ConditionRule
CR_125	ConditionRule
CR_1250	ConditionRule
CR_1251	ConditionRule
CR_1252	ConditionRule
CR_1253	ConditionRule
CR_1254	ConditionRule
CR_1255	ConditionRule
CR_1256	ConditionRule
CR_1257	ConditionRule
CR_1258	ConditionRule
CR_1259	ConditionRule
CR_1260	ConditionRule
CR_1261	ConditionRule
CR_1262	ConditionRule
CR_1263	ConditionRule
CR_1264	ConditionRule
CR_1265	ConditionRule
CR_1266	ConditionRule
CR_1267	ConditionRule
CR_1268	ConditionRule
CR_1269	ConditionRule
CR_1270	ConditionRule
CR_1271	ConditionRule
CR_1272	ConditionRule
CR_1273	ConditionRule
CR_1274	ConditionRule
CR_1275	ConditionRule
CR_1276	ConditionRule
CR_1277	ConditionRule
CR_1278	ConditionRule
CR_1279	ConditionRule
CR_128	ConditionRule
CR_1280	ConditionRule
CR_1281	ConditionRule
CR_1282	ConditionRule
CR_1283	ConditionRule
CR_1284	ConditionRule
CR_1285	ConditionRule
CR_1286	ConditionRule
CR_1287	ConditionRule
CR_1288	ConditionRule
CR_1289	ConditionRule
CR_129	ConditionRule
CR_1290	ConditionRule
CR_1291	ConditionRule
CR_1292	ConditionRule
CR_1293	ConditionRule
CR_1294	ConditionRule
CR_1295	ConditionRule
CR_1296	ConditionRule
CR_1297	ConditionRule
CR_1298	ConditionRule
CR_1299	ConditionRule
CR_130	ConditionRule
CR_1300	ConditionRule
CR_1301	ConditionRule
CR_1302	ConditionRule
CR_1303	ConditionRule
CR_1304	ConditionRule
CR_1305	ConditionRule
CR_1306	ConditionRule
CR_1307	ConditionRule
CR_1308	ConditionRule
CR_1309	ConditionRule
CR_131	ConditionRule
CR_1310	ConditionRule
CR_1311	ConditionRule
CR_1312	ConditionRule
CR_1313	ConditionRule
CR_1314	ConditionRule
CR_1315	ConditionRule
CR_1316	ConditionRule
CR_1317	ConditionRule
CR_1318	ConditionRule
CR_1319	ConditionRule
CR_132	ConditionRule
CR_1320	ConditionRule
CR_1321	ConditionRule
CR_1322	ConditionRule
CR_1323	ConditionRule
CR_1324	ConditionRule
CR_1325	ConditionRule
CR_1326	ConditionRule
CR_1327	ConditionRule
CR_1328	ConditionRule
CR_1329	ConditionRule
CR_1330	ConditionRule
CR_1331	ConditionRule
CR_1332	ConditionRule
CR_1333	ConditionRule
CR_1334	ConditionRule
CR_1335	ConditionRule
CR_1336	ConditionRule
CR_1337	ConditionRule
CR_1338	ConditionRule
CR_1339	ConditionRule
CR_134	ConditionRule
CR_1340	ConditionRule
CR_1341	ConditionRule
CR_1342	ConditionRule
CR_1343	ConditionRule
CR_1344	ConditionRule
CR_1345	ConditionRule
CR_1346	ConditionRule
CR_1347	ConditionRule
CR_1348	ConditionRule
CR_1349	ConditionRule
CR_135	ConditionRule
CR_1350	ConditionRule
CR_1351	ConditionRule
CR_1352	ConditionRule
CR_1353	ConditionRule
CR_1354	ConditionRule
CR_1355	ConditionRule
CR_1356	ConditionRule
CR_1357	ConditionRule
CR_1358	ConditionRule
CR_1359	ConditionRule
CR_136	ConditionRule
CR_1360	ConditionRule
CR_1361	ConditionRule
CR_1362	ConditionRule
CR_1363	ConditionRule
CR_1364	ConditionRule
CR_1365	ConditionRule
CR_1366	ConditionRule
CR_1367	ConditionRule
CR_1368	ConditionRule
CR_1369	ConditionRule
CR_137	ConditionRule
CR_1370	ConditionRule
CR_1371	ConditionRule
CR_1372	ConditionRule
CR_1373	ConditionRule
CR_1374	ConditionRule
CR_1375	ConditionRule
CR_1376	ConditionRule
CR_1377	ConditionRule
CR_1378	ConditionRule
CR_1379	ConditionRule
CR_138	ConditionRule
CR_1380	ConditionRule
CR_1381	ConditionRule
CR_1382	ConditionRule
CR_1383	ConditionRule
CR_1384	ConditionRule
CR_1385	ConditionRule
CR_1386	ConditionRule
CR_1387	ConditionRule
CR_1388	ConditionRule
CR_1389	ConditionRule
CR_139	ConditionRule
CR_1390	ConditionRule
CR_1391	ConditionRule
CR_1392	ConditionRule
CR_1393	ConditionRule
CR_1394	ConditionRule
CR_1395	ConditionRule
CR_1396	ConditionRule
CR_1397	ConditionRule
CR_1398	ConditionRule
CR_1399	ConditionRule
CR_1400	ConditionRule
CR_1401	ConditionRule
CR_1402	ConditionRule
CR_1403	ConditionRule
CR_1404	ConditionRule
CR_1405	ConditionRule
CR_1406	ConditionRule
CR_1407	ConditionRule
CR_1408	ConditionRule
CR_1409	ConditionRule
CR_141	ConditionRule
CR_1410	ConditionRule
CR_1411	ConditionRule
CR_1412	ConditionRule
CR_1413	ConditionRule
CR_1414	ConditionRule
CR_1415	ConditionRule
CR_1416	ConditionRule
CR_1417	ConditionRule
CR_1418	ConditionRule
CR_1419	ConditionRule
CR_1420	ConditionRule
CR_1421	ConditionRule
CR_1422	ConditionRule
CR_1423	ConditionRule
CR_1424	ConditionRule
CR_1425	ConditionRule
CR_1426	ConditionRule
CR_1427	ConditionRule
CR_1428	ConditionRule
CR_1429	ConditionRule
CR_1430	ConditionRule
CR_1431	ConditionRule
CR_1432	ConditionRule
CR_1433	ConditionRule
CR_1434	ConditionRule
CR_1435	ConditionRule
CR_1436	ConditionRule
CR_1437	ConditionRule
CR_1438	ConditionRule
CR_1439	ConditionRule
CR_144	ConditionRule
CR_1440	ConditionRule
CR_1441	ConditionRule
CR_1442	ConditionRule
CR_1443	ConditionRule
CR_1444	ConditionRule
CR_1445	ConditionRule
CR_1446	ConditionRule
CR_1447	ConditionRule
CR_1448	ConditionRule
CR_1449	ConditionRule
CR_145	ConditionRule
CR_1450	ConditionRule
CR_1451	ConditionRule
CR_1452	ConditionRule
CR_1453	ConditionRule
CR_1454	ConditionRule
CR_1455	ConditionRule
CR_1456	ConditionRule
CR_1457	ConditionRule
CR_1458	ConditionRule
CR_1459	ConditionRule
CR_1460	ConditionRule
CR_1461	ConditionRule
CR_1462	ConditionRule
CR_1463	ConditionRule
CR_1464	ConditionRule
CR_1465	ConditionRule
CR_1466	ConditionRule
CR_1467	ConditionRule
CR_1468	ConditionRule
CR_1469	ConditionRule
CR_1470	ConditionRule
CR_1471	ConditionRule
CR_1472	ConditionRule
CR_1473	ConditionRule
CR_151	ConditionRule
CR_152	ConditionRule
CR_153	ConditionRule
CR_154	ConditionRule
CR_155	ConditionRule
CR_156	ConditionRule
CR_157	ConditionRule
CR_158	ConditionRule
CR_159	ConditionRule
CR_160	ConditionRule
CR_161	ConditionRule
CR_162	ConditionRule
CR_163	ConditionRule
CR_164	ConditionRule
CR_165	ConditionRule
CR_166	ConditionRule
CR_167	ConditionRule
CR_168	ConditionRule
CR_169	ConditionRule
CR_170	ConditionRule
CR_171	ConditionRule
CR_172	ConditionRule
CR_173	ConditionRule
CR_174	ConditionRule
CR_175	ConditionRule
CR_176	ConditionRule
CR_177	ConditionRule
CR_178	ConditionRule
CR_179	ConditionRule
CR_180	ConditionRule
CR_181	ConditionRule
CR_182	ConditionRule
CR_183	ConditionRule
CR_184	ConditionRule
CR_185	ConditionRule
CR_186	ConditionRule
CR_187	ConditionRule
CR_188	ConditionRule
CR_189	ConditionRule
CR_190	ConditionRule
CR_191	ConditionRule
CR_192	ConditionRule
CR_193	ConditionRule
CR_194	ConditionRule
CR_195	ConditionRule
CR_196	ConditionRule
CR_197	ConditionRule
CR_198	ConditionRule
CR_199	ConditionRule
CR_200	ConditionRule
CR_201	ConditionRule
CR_202	ConditionRule
CR_203	ConditionRule
CR_204	ConditionRule
CR_205	ConditionRule
CR_206	ConditionRule
CR_207	ConditionRule
CR_208	ConditionRule
CR_209	ConditionRule
CR_210	ConditionRule
CR_211	ConditionRule
CR_212	ConditionRule
CR_213	ConditionRule
CR_214	ConditionRule
CR_215	ConditionRule
CR_216	ConditionRule
CR_217	ConditionRule
CR_218	ConditionRule
CR_219	ConditionRule
CR_220	ConditionRule
CR_221	ConditionRule
CR_222	ConditionRule
CR_223	ConditionRule
CR_224	ConditionRule
CR_225	ConditionRule
CR_226	ConditionRule
CR_227	ConditionRule
CR_228	ConditionRule
CR_229	ConditionRule
CR_230	ConditionRule
CR_231	ConditionRule
CR_232	ConditionRule
CR_233	ConditionRule
CR_234	ConditionRule
CR_235	ConditionRule
CR_236	ConditionRule
CR_237	ConditionRule
CR_238	ConditionRule
CR_239	ConditionRule
CR_240	ConditionRule
CR_241	ConditionRule
CR_242	ConditionRule
CR_243	ConditionRule
CR_244	ConditionRule
CR_245	ConditionRule
CR_246	ConditionRule
CR_247	ConditionRule
CR_248	ConditionRule
CR_249	ConditionRule
CR_250	ConditionRule
CR_251	ConditionRule
CR_252	ConditionRule
CR_253	ConditionRule
CR_254	ConditionRule
CR_255	ConditionRule
CR_256	ConditionRule
CR_257	ConditionRule
CR_258	ConditionRule
CR_259	ConditionRule
CR_260	ConditionRule
CR_261	ConditionRule
CR_262	ConditionRule
CR_263	ConditionRule
CR_264	ConditionRule
CR_265	ConditionRule
CR_266	ConditionRule
CR_267	ConditionRule
CR_268	ConditionRule
CR_269	ConditionRule
CR_270	ConditionRule
CR_271	ConditionRule
CR_272	ConditionRule
CR_273	ConditionRule
CR_274	ConditionRule
CR_275	ConditionRule
CR_276	ConditionRule
CR_277	ConditionRule
CR_278	ConditionRule
CR_279	ConditionRule
CR_280	ConditionRule
CR_281	ConditionRule
CR_282	ConditionRule
CR_283	ConditionRule
CR_284	ConditionRule
CR_285	ConditionRule
CR_286	ConditionRule
CR_287	ConditionRule
CR_288	ConditionRule
CR_289	ConditionRule
CR_290	ConditionRule
CR_291	ConditionRule
CR_292	ConditionRule
CR_293	ConditionRule
CR_294	ConditionRule
CR_295	ConditionRule
CR_296	ConditionRule
CR_297	ConditionRule
CR_298	ConditionRule
CR_299	ConditionRule
CR_300	ConditionRule
CR_301	ConditionRule
CR_302	ConditionRule
CR_303	ConditionRule
CR_304	ConditionRule
CR_305	ConditionRule
CR_306	ConditionRule
CR_307	ConditionRule
CR_308	ConditionRule
CR_309	ConditionRule
CR_310	ConditionRule
CR_311	ConditionRule
CR_312	ConditionRule
CR_313	ConditionRule
CR_314	ConditionRule
CR_315	ConditionRule
CR_316	ConditionRule
CR_317	ConditionRule
CR_318	ConditionRule
CR_319	ConditionRule
CR_320	ConditionRule
CR_321	ConditionRule
CR_322	ConditionRule
CR_323	ConditionRule
CR_324	ConditionRule
CR_325	ConditionRule
CR_326	ConditionRule
CR_327	ConditionRule
CR_328	ConditionRule
CR_329	ConditionRule
CR_330	ConditionRule
CR_331	ConditionRule
CR_332	ConditionRule
CR_333	ConditionRule
CR_334	ConditionRule
CR_335	ConditionRule
CR_336	ConditionRule
CR_337	ConditionRule
CR_338	ConditionRule
CR_339	ConditionRule
CR_340	ConditionRule
CR_341	ConditionRule
CR_342	ConditionRule
CR_343	ConditionRule
CR_344	ConditionRule
CR_366	ConditionRule
CR_367	ConditionRule
CR_368	ConditionRule
CR_369	ConditionRule
CR_370	ConditionRule
CR_371	ConditionRule
CR_372	ConditionRule
CR_373	ConditionRule
CR_374	ConditionRule
CR_375	ConditionRule
CR_376	ConditionRule
CR_377	ConditionRule
CR_378	ConditionRule
CR_379	ConditionRule
CR_380	ConditionRule
CR_381	ConditionRule
CR_382	ConditionRule
CR_383	ConditionRule
CR_384	ConditionRule
CR_385	ConditionRule
CR_386	ConditionRule
CR_387	ConditionRule
CR_388	ConditionRule
CR_389	ConditionRule
CR_390	ConditionRule
CR_391	ConditionRule
CR_392	ConditionRule
CR_393	ConditionRule
CR_394	ConditionRule
CR_395	ConditionRule
CR_396	ConditionRule
CR_397	ConditionRule
CR_398	ConditionRule
CR_399	ConditionRule
CR_400	ConditionRule
CR_401	ConditionRule
CR_402	ConditionRule
CR_403	ConditionRule
CR_404	ConditionRule
CR_405	ConditionRule
CR_406	ConditionRule
CR_407	ConditionRule
CR_408	ConditionRule
CR_409	ConditionRule
CR_410	ConditionRule
CR_411	ConditionRule
CR_412	ConditionRule
CR_413	ConditionRule
CR_414	ConditionRule
CR_415	ConditionRule
CR_416	ConditionRule
CR_417	ConditionRule
CR_418	ConditionRule
CR_419	ConditionRule
CR_420	ConditionRule
CR_421	ConditionRule
CR_422	ConditionRule
CR_423	ConditionRule
CR_424	ConditionRule
CR_425	ConditionRule
CR_426	ConditionRule
CR_427	ConditionRule
CR_428	ConditionRule
CR_429	ConditionRule
CR_430	ConditionRule
CR_431	ConditionRule
CR_432	ConditionRule
CR_433	ConditionRule
CR_434	ConditionRule
CR_435	ConditionRule
CR_436	ConditionRule
CR_437	ConditionRule
CR_438	ConditionRule
CR_439	ConditionRule
CR_440	ConditionRule
CR_441	ConditionRule
CR_442	ConditionRule
CR_443	ConditionRule
CR_444	ConditionRule
CR_445	ConditionRule
CR_446	ConditionRule
CR_447	ConditionRule
CR_448	ConditionRule
CR_449	ConditionRule
CR_450	ConditionRule
CR_451	ConditionRule
CR_452	ConditionRule
CR_453	ConditionRule
CR_454	ConditionRule
CR_455	ConditionRule
CR_456	ConditionRule
CR_457	ConditionRule
CR_458	ConditionRule
CR_459	ConditionRule
CR_460	ConditionRule
CR_461	ConditionRule
CR_462	ConditionRule
CR_463	ConditionRule
CR_464	ConditionRule
CR_465	ConditionRule
CR_466	ConditionRule
CR_467	ConditionRule
CR_468	ConditionRule
CR_469	ConditionRule
CR_470	ConditionRule
CR_471	ConditionRule
CR_472	ConditionRule
CR_473	ConditionRule
CR_474	ConditionRule
CR_475	ConditionRule
CR_476	ConditionRule
CR_477	ConditionRule
CR_478	ConditionRule
CR_479	ConditionRule
CR_480	ConditionRule
CR_481	ConditionRule
CR_482	ConditionRule
CR_483	ConditionRule
CR_484	ConditionRule
CR_485	ConditionRule
CR_486	ConditionRule
CR_487	ConditionRule
CR_488	ConditionRule
CR_489	ConditionRule
CR_490	ConditionRule
CR_491	ConditionRule
CR_492	ConditionRule
CR_493	ConditionRule
CR_494	ConditionRule
CR_495	ConditionRule
CR_496	ConditionRule
CR_497	ConditionRule
CR_498	ConditionRule
CR_499	ConditionRule
CR_500	ConditionRule
CR_501	ConditionRule
CR_502	ConditionRule
CR_503	ConditionRule
CR_504	ConditionRule
CR_505	ConditionRule
CR_506	ConditionRule
CR_507	ConditionRule
CR_508	ConditionRule
CR_509	ConditionRule
CR_510	ConditionRule
CR_511	ConditionRule
CR_512	ConditionRule
CR_513	ConditionRule
CR_514	ConditionRule
CR_515	ConditionRule
CR_516	ConditionRule
CR_517	ConditionRule
CR_518	ConditionRule
CR_519	ConditionRule
CR_520	ConditionRule
CR_521	ConditionRule
CR_522	ConditionRule
CR_523	ConditionRule
CR_524	ConditionRule
CR_525	ConditionRule
CR_526	ConditionRule
CR_527	ConditionRule
CR_528	ConditionRule
CR_529	ConditionRule
CR_530	ConditionRule
CR_531	ConditionRule
CR_532	ConditionRule
CR_533	ConditionRule
CR_534	ConditionRule
CR_535	ConditionRule
CR_536	ConditionRule
CR_537	ConditionRule
CR_538	ConditionRule
CR_539	ConditionRule
CR_540	ConditionRule
CR_541	ConditionRule
CR_542	ConditionRule
CR_543	ConditionRule
CR_544	ConditionRule
CR_545	ConditionRule
CR_546	ConditionRule
CR_547	ConditionRule
CR_548	ConditionRule
CR_549	ConditionRule
CR_550	ConditionRule
CR_551	ConditionRule
CR_552	ConditionRule
CR_553	ConditionRule
CR_554	ConditionRule
CR_555	ConditionRule
CR_556	ConditionRule
CR_557	ConditionRule
CR_558	ConditionRule
CR_559	ConditionRule
CR_560	ConditionRule
CR_561	ConditionRule
CR_562	ConditionRule
CR_563	ConditionRule
CR_564	ConditionRule
CR_565	ConditionRule
CR_566	ConditionRule
CR_567	ConditionRule
CR_568	ConditionRule
CR_569	ConditionRule
CR_570	ConditionRule
CR_571	ConditionRule
CR_572	ConditionRule
CR_573	ConditionRule
CR_574	ConditionRule
CR_575	ConditionRule
CR_576	ConditionRule
CR_577	ConditionRule
CR_578	ConditionRule
CR_579	ConditionRule
CR_580	ConditionRule
CR_581	ConditionRule
CR_582	ConditionRule
CR_583	ConditionRule
CR_584	ConditionRule
CR_585	ConditionRule
CR_586	ConditionRule
CR_587	ConditionRule
CR_588	ConditionRule
CR_589	ConditionRule
CR_590	ConditionRule
CR_591	ConditionRule
CR_592	ConditionRule
CR_593	ConditionRule
CR_594	ConditionRule
CR_595	ConditionRule
CR_596	ConditionRule
CR_597	ConditionRule
CR_598	ConditionRule
CR_599	ConditionRule
CR_600	ConditionRule
CR_601	ConditionRule
CR_602	ConditionRule
CR_603	ConditionRule
CR_604	ConditionRule
CR_605	ConditionRule
CR_606	ConditionRule
CR_607	ConditionRule
CR_608	ConditionRule
CR_609	ConditionRule
CR_610	ConditionRule
CR_611	ConditionRule
CR_612	ConditionRule
CR_613	ConditionRule
CR_614	ConditionRule
CR_615	ConditionRule
CR_616	ConditionRule
CR_617	ConditionRule
CR_618	ConditionRule
CR_619	ConditionRule
CR_620	ConditionRule
CR_621	ConditionRule
CR_622	ConditionRule
CR_623	ConditionRule
CR_624	ConditionRule
CR_625	ConditionRule
CR_626	ConditionRule
CR_627	ConditionRule
CR_628	ConditionRule
CR_629	ConditionRule
CR_630	ConditionRule
CR_631	ConditionRule
CR_632	ConditionRule
CR_633	ConditionRule
CR_634	ConditionRule
CR_635	ConditionRule
CR_636	ConditionRule
CR_637	ConditionRule
CR_638	ConditionRule
CR_639	ConditionRule
CR_640	ConditionRule
CR_641	ConditionRule
CR_642	ConditionRule
CR_643	ConditionRule
CR_644	ConditionRule
CR_645	ConditionRule
CR_646	ConditionRule
CR_647	ConditionRule
CR_648	ConditionRule
CR_649	ConditionRule
CR_650	ConditionRule
CR_651	ConditionRule
CR_652	ConditionRule
CR_653	ConditionRule
CR_654	ConditionRule
CR_655	ConditionRule
CR_656	ConditionRule
CR_657	ConditionRule
CR_658	ConditionRule
CR_659	ConditionRule
CR_660	ConditionRule
CR_661	ConditionRule
CR_662	ConditionRule
CR_663	ConditionRule
CR_664	ConditionRule
CR_665	ConditionRule
CR_666	ConditionRule
CR_667	ConditionRule
CR_668	ConditionRule
CR_669	ConditionRule
CR_670	ConditionRule
CR_671	ConditionRule
CR_672	ConditionRule
CR_673	ConditionRule
CR_674	ConditionRule
CR_675	ConditionRule
CR_676	ConditionRule
CR_677	ConditionRule
CR_678	ConditionRule
CR_679	ConditionRule
CR_680	ConditionRule
CR_681	ConditionRule
CR_682	ConditionRule
CR_683	ConditionRule
CR_684	ConditionRule
CR_685	ConditionRule
CR_686	ConditionRule
CR_688	ConditionRule
CR_690	ConditionRule
CR_692	ConditionRule
CR_693	ConditionRule
CR_747	ConditionRule
CR_748	ConditionRule
CR_749	ConditionRule
CR_750	ConditionRule
CR_751	ConditionRule
CR_752	ConditionRule
CR_891	ConditionRule
CR_892	ConditionRule
CR_893	ConditionRule
CR_894	ConditionRule
CR_895	ConditionRule
CR_896	ConditionRule
CR_897	ConditionRule
CR_898	ConditionRule
CR_899	ConditionRule
CR_900	ConditionRule
CR_901	ConditionRule
CR_902	ConditionRule
CR_903	ConditionRule
CR_904	ConditionRule
CR_905	ConditionRule
CR_906	ConditionRule
CR_907	ConditionRule
CR_908	ConditionRule
CR_909	ConditionRule
CR_910	ConditionRule
CR_911	ConditionRule
CR_912	ConditionRule
CR_913	ConditionRule
CR_914	ConditionRule
CR_915	ConditionRule
CR_916	ConditionRule
CR_917	ConditionRule
CR_918	ConditionRule
CR_919	ConditionRule
CR_920	ConditionRule
CR_921	ConditionRule
CR_922	ConditionRule
CR_923	ConditionRule
CR_924	ConditionRule
CR_925	ConditionRule
CR_926	ConditionRule
CR_927	ConditionRule
CR_928	ConditionRule
CR_929	ConditionRule
CR_930	ConditionRule
CR_931	ConditionRule
CR_932	ConditionRule
CR_933	ConditionRule
CR_934	ConditionRule
CR_935	ConditionRule
CR_936	ConditionRule
CR_937	ConditionRule
CR_938	ConditionRule
CR_939	ConditionRule
CR_940	ConditionRule
CR_941	ConditionRule
CR_942	ConditionRule
CR_943	ConditionRule
CR_944	ConditionRule
CR_945	ConditionRule
CR_946	ConditionRule
CR_947	ConditionRule
CR_948	ConditionRule
CR_949	ConditionRule
CR_950	ConditionRule
CR_951	ConditionRule
CR_952	ConditionRule
CR_953	ConditionRule
CR_954	ConditionRule
CR_955	ConditionRule
CR_956	ConditionRule
CR_957	ConditionRule
CR_958	ConditionRule
CR_959	ConditionRule
CR_960	ConditionRule
CR_961	ConditionRule
CR_962	ConditionRule
CR_963	ConditionRule
CR_964	ConditionRule
CR_965	ConditionRule
CR_966	ConditionRule
CR_967	ConditionRule
CR_968	ConditionRule
CR_969	ConditionRule
CR_970	ConditionRule
CR_971	ConditionRule
CR_972	ConditionRule
CR_973	ConditionRule
CR_974	ConditionRule
CR_975	ConditionRule
CR_976	ConditionRule
CR_977	ConditionRule
CR_978	ConditionRule
CR_979	ConditionRule
CR_980	ConditionRule
CR_981	ConditionRule
CR_982	ConditionRule
CR_983	ConditionRule
CR_984	ConditionRule
CR_985	ConditionRule
CR_986	ConditionRule
CR_987	ConditionRule
CR_988	ConditionRule
CR_989	ConditionRule
CR_990	ConditionRule
CR_991	ConditionRule
CR_992	ConditionRule
CR_993	ConditionRule
CR_994	ConditionRule
CR_995	ConditionRule
CR_996	ConditionRule
CR_997	ConditionRule
CR_998	ConditionRule
CR_999	ConditionRule
C_001	Component
C_002	Component
C_003	Component
C_004	Component
C_005	Component
C_006	Component
C_007	Component
C_008	Component
C_009	Component
C_010	Component
C_011	Component
C_012	Component
C_013	Component
C_014	Component
C_015	Component
C_016	Component
C_017	Component
C_018	Component
C_019	Component
C_020	Component
C_021	Component
C_022	Component
C_023	Component
C_024	Component
C_025	Component
C_026	Component
C_027	Component
C_028	Component
C_029	Component
C_030	Component
C_031	Component
C_032	Component
C_033	Component
C_034	Component
C_035	Component
C_036	Component
C_037	Component
C_038	Component
C_039	Component
C_040	Component
C_041	Component
C_042	Component
C_043	Component
C_044	Component
C_045	Component
C_046	Component
C_047	Component
C_048	Component
C_049	Component
C_050	Component
C_051	Component
C_052	Component
C_053	Component
C_054	Component
C_055	Component
C_056	Component
C_057	Component
C_058	Component
C_059	Component
C_060	Component
C_061	Component
C_062	Component
C_063	Component
C_064	Component
C_065	Component
C_066	Component
C_068	Component
C_069	Component
C_070	Component
C_071	Component
C_072	Component
C_073	Component
C_074	Component
C_075	Component
C_076	Component
C_077	Component
C_078	Component
C_079	Component
C_080	Component
C_081	Component
C_082	Component
C_083	Component
C_084	Component
C_085	Component
C_086	Component
C_087	Component
C_088	Component
C_089	Component
C_090	Component
C_091	Component
C_092	Component
C_093	Component
C_094	Component
C_095	Component
C_096	Component
C_097	Component
C_098	Component
C_099	Component
C_100	Component
C_1000	Component
C_1001	Component
C_1002	Component
C_1003	Component
C_1004	Component
C_1005	Component
C_1006	Component
C_1007	Component
C_1008	Component
C_1009	Component
C_101	Component
C_1010	Component
C_1011	Component
C_1012	Component
C_1013	Component
C_1014	Component
C_102	Component
C_103	Component
C_104	Component
C_105	Component
C_106	Component
C_107	Component
C_108	Component
C_109	Component
C_110	Component
C_111	Component
C_112	Component
C_113	Component
C_114	Component
C_115	Component
C_116	Component
C_117	Component
C_118	Component
C_119	Component
C_120	Component
C_121	Component
C_122	Component
C_123	Component
C_124	Component
C_125	Component
C_126	Component
C_127	Component
C_1278	Component
C_1279	Component
C_128	Component
C_1280	Component
C_1281	Component
C_1282	Component
C_1283	Component
C_1284	Component
C_1285	Component
C_1286	Component
C_1287	Component
C_1288	Component
C_1289	Component
C_129	Component
C_1290	Component
C_1291	Component
C_1292	Component
C_1293	Component
C_1294	Component
C_1295	Component
C_1296	Component
C_1297	Component
C_1298	Component
C_1299	Component
C_130	Component
C_1300	Component
C_1301	Component
C_1302	Component
C_1303	Component
C_1304	Component
C_1305	Component
C_1306	Component
C_1307	Component
C_1308	Component
C_1309	Component
C_131	Component
C_1310	Component
C_1311	Component
C_1312	Component
C_1313	Component
C_1314	Component
C_1315	Component
C_1316	Component
C_1317	Component
C_1318	Component
C_1319	Component
C_132	Component
C_1320	Component
C_1321	Component
C_1322	Component
C_1323	Component
C_1324	Component
C_1325	Component
C_1326	Component
C_1327	Component
C_1328	Component
C_1329	Component
C_133	Component
C_1330	Component
C_1331	Component
C_1332	Component
C_1333	Component
C_1334	Component
C_1335	Component
C_1336	Component
C_1337	Component
C_1338	Component
C_1339	Component
C_134	Component
C_1340	Component
C_1341	Component
C_1342	Component
C_1343	Component
C_1344	Component
C_1345	Component
C_1346	Component
C_1347	Component
C_1348	Component
C_1349	Component
C_135	Component
C_1350	Component
C_1351	Component
C_1352	Component
C_1353	Component
C_1354	Component
C_1355	Component
C_1356	Component
C_1357	Component
C_1358	Component
C_1359	Component
C_136	Component
C_1360	Component
C_1361	Component
C_1362	Component
C_1363	Component
C_1364	Component
C_1365	Component
C_1366	Component
C_1367	Component
C_1368	Component
C_1369	Component
C_137	Component
C_1370	Component
C_1371	Component
C_1372	Component
C_1373	Component
C_1374	Component
C_1375	Component
C_1376	Component
C_1377	Component
C_1378	Component
C_1379	Component
C_138	Component
C_1380	Component
C_1381	Component
C_1382	Component
C_1383	Component
C_1384	Component
C_1385	Component
C_1386	Component
C_1387	Component
C_1388	Component
C_1389	Component
C_139	Component
C_1390	Component
C_1391	Component
C_1392	Component
C_1393	Component
C_1394	Component
C_1395	Component
C_1396	Component
C_1397	Component
C_1398	Component
C_1399	Component
C_140	Component
C_1400	Component
C_1401	Component
C_1402	Component
C_1403	Component
C_1404	Component
C_1405	Component
C_1406	Component
C_1407	Component
C_1408	Component
C_1409	Component
C_141	Component
C_1410	Component
C_1411	Component
C_1412	Component
C_1413	Component
C_1414	Component
C_1415	Component
C_1416	Component
C_1417	Component
C_1418	Component
C_1419	Component
C_142	Component
C_1420	Component
C_1421	Component
C_1422	Component
C_1423	Component
C_1424	Component
C_1425	Component
C_1426	Component
C_1427	Component
C_1428	Component
C_1429	Component
C_143	Component
C_1430	Component
C_1431	Component
C_1432	Component
C_1433	Component
C_1434	Component
C_1435	Component
C_1436	Component
C_1437	Component
C_1438	Component
C_1439	Component
C_144	Component
C_1440	Component
C_1441	Component
C_1442	Component
C_1443	Component
C_1444	Component
C_1445	Component
C_1446	Component
C_1447	Component
C_1448	Component
C_1449	Component
C_145	Component
C_1450	Component
C_1451	Component
C_1452	Component
C_1453	Component
C_1454	Component
C_1455	Component
C_1456	Component
C_1457	Component
C_1458	Component
C_1459	Component
C_146	Component
C_1460	Component
C_1461	Component
C_1462	Component
C_1463	Component
C_1464	Component
C_1465	Component
C_1466	Component
C_1467	Component
C_1468	Component
C_1469	Component
C_147	Component
C_1470	Component
C_1471	Component
C_1472	Component
C_1473	Component
C_1474	Component
C_1475	Component
C_1476	Component
C_1477	Component
C_1478	Component
C_1479	Component
C_148	Component
C_1480	Component
C_1481	Component
C_1482	Component
C_1483	Component
C_1484	Component
C_1485	Component
C_1486	Component
C_1487	Component
C_1488	Component
C_1489	Component
C_149	Component
C_1490	Component
C_1491	Component
C_1492	Component
C_1493	Component
C_1494	Component
C_1495	Component
C_1496	Component
C_1497	Component
C_1498	Component
C_1499	Component
C_150	Component
C_1500	Component
C_1501	Component
C_1502	Component
C_1503	Component
C_1504	Component
C_1505	Component
C_1506	Component
C_1507	Component
C_1508	Component
C_1509	Component
C_151	Component
C_1510	Component
C_1511	Component
C_1512	Component
C_1513	Component
C_1514	Component
C_1515	Component
C_1516	Component
C_1517	Component
C_1518	Component
C_1519	Component
C_152	Component
C_1520	Component
C_1521	Component
C_1522	Component
C_1523	Component
C_1524	Component
C_1525	Component
C_1526	Component
C_1527	Component
C_1528	Component
C_1529	Component
C_153	Component
C_1530	Component
C_1531	Component
C_1532	Component
C_1533	Component
C_1534	Component
C_1535	Component
C_1536	Component
C_1537	Component
C_1538	Component
C_1539	Component
C_154	Component
C_1540	Component
C_1541	Component
C_1542	Component
C_1543	Component
C_1544	Component
C_1545	Component
C_1546	Component
C_1547	Component
C_1548	Component
C_1549	Component
C_155	Component
C_1550	Component
C_1551	Component
C_1552	Component
C_1553	Component
C_1554	Component
C_1555	Component
C_1556	Component
C_1557	Component
C_1558	Component
C_1559	Component
C_156	Component
C_1560	Component
C_1561	Component
C_1562	Component
C_1563	Component
C_1564	Component
C_1565	Component
C_1566	Component
C_1567	Component
C_1568	Component
C_1569	Component
C_157	Component
C_1570	Component
C_1571	Component
C_1572	Component
C_1573	Component
C_1574	Component
C_1575	Component
C_1576	Component
C_1577	Component
C_1578	Component
C_1579	Component
C_158	Component
C_1580	Component
C_1581	Component
C_1582	Component
C_1583	Component
C_1584	Component
C_1585	Component
C_1586	Component
C_1587	Component
C_1588	Component
C_1589	Component
C_159	Component
C_1590	Component
C_1591	Component
C_1592	Component
C_1593	Component
C_1594	Component
C_1595	Component
C_1596	Component
C_1597	Component
C_1598	Component
C_1599	Component
C_160	Component
C_1600	Component
C_1601	Component
C_1602	Component
C_1603	Component
C_1604	Component
C_1605	Component
C_1606	Component
C_1607	Component
C_1608	Component
C_1609	Component
C_161	Component
C_1610	Component
C_1611	Component
C_1612	Component
C_1613	Component
C_1614	Component
C_1615	Component
C_1616	Component
C_1617	Component
C_1618	Component
C_1619	Component
C_162	Component
C_1620	Component
C_1621	Component
C_1622	Component
C_1623	Component
C_1624	Component
C_1625	Component
C_1626	Component
C_1627	Component
C_1628	Component
C_1629	Component
C_163	Component
C_1630	Component
C_1631	Component
C_1632	Component
C_1633	Component
C_1634	Component
C_1635	Component
C_1636	Component
C_1637	Component
C_1638	Component
C_1639	Component
C_164	Component
C_1640	Component
C_1641	Component
C_1642	Component
C_1643	Component
C_1644	Component
C_1645	Component
C_1646	Component
C_1647	Component
C_1648	Component
C_1649	Component
C_165	Component
C_1650	Component
C_1651	Component
C_1652	Component
C_1653	Component
C_1654	Component
C_1655	Component
C_1656	Component
C_1657	Component
C_1658	Component
C_1659	Component
C_166	Component
C_1660	Component
C_1661	Component
C_1662	Component
C_1663	Component
C_1664	Component
C_1665	Component
C_1666	Component
C_1667	Component
C_1668	Component
C_1669	Component
C_167	Component
C_1670	Component
C_1671	Component
C_1672	Component
C_1673	Component
C_1674	Component
C_1675	Component
C_1676	Component
C_1677	Component
C_1678	Component
C_1679	Component
C_168	Component
C_1680	Component
C_1681	Component
C_1682	Component
C_1683	Component
C_1684	Component
C_1685	Component
C_1686	Component
C_1687	Component
C_1688	Component
C_1689	Component
C_169	Component
C_1690	Component
C_1691	Component
C_1692	Component
C_1693	Component
C_1694	Component
C_1695	Component
C_1696	Component
C_1697	Component
C_1698	Component
C_1699	Component
C_170	Component
C_1700	Component
C_1701	Component
C_1702	Component
C_1703	Component
C_1704	Component
C_1705	Component
C_1706	Component
C_1707	Component
C_1708	Component
C_1709	Component
C_171	Component
C_1710	Component
C_1711	Component
C_1712	Component
C_1713	Component
C_1714	Component
C_1715	Component
C_1716	Component
C_1717	Component
C_1718	Component
C_1719	Component
C_172	Component
C_1720	Component
C_1721	Component
C_1722	Component
C_1723	Component
C_1724	Component
C_1725	Component
C_1726	Component
C_1727	Component
C_1728	Component
C_1729	Component
C_173	Component
C_1730	Component
C_1731	Component
C_1732	Component
C_1733	Component
C_1734	Component
C_1735	Component
C_1736	Component
C_1737	Component
C_1738	Component
C_1739	Component
C_174	Component
C_1740	Component
C_1741	Component
C_1742	Component
C_1743	Component
C_1744	Component
C_1745	Component
C_1746	Component
C_1747	Component
C_1748	Component
C_1749	Component
C_175	Component
C_1750	Component
C_1751	Component
C_1752	Component
C_1753	Component
C_1754	Component
C_1755	Component
C_1756	Component
C_1757	Component
C_1758	Component
C_1759	Component
C_176	Component
C_1760	Component
C_1761	Component
C_1762	Component
C_1763	Component
C_1764	Component
C_1765	Component
C_1766	Component
C_1767	Component
C_1768	Component
C_1769	Component
C_177	Component
C_1770	Component
C_1771	Component
C_1772	Component
C_1773	Component
C_1774	Component
C_1775	Component
C_1776	Component
C_1777	Component
C_1778	Component
C_1779	Component
C_178	Component
C_1780	Component
C_1781	Component
C_1782	Component
C_1783	Component
C_1784	Component
C_1785	Component
C_1786	Component
C_1787	Component
C_1788	Component
C_1789	Component
C_179	Component
C_1790	Component
C_1791	Component
C_1792	Component
C_1793	Component
C_1794	Component
C_1795	Component
C_1796	Component
C_1797	Component
C_1798	Component
C_1799	Component
C_180	Component
C_1800	Component
C_1801	Component
C_1802	Component
C_1803	Component
C_1804	Component
C_1805	Component
C_1806	Component
C_1807	Component
C_1808	Component
C_1809	Component
C_181	Component
C_1810	Component
C_1811	Component
C_1812	Component
C_1813	Component
C_1814	Component
C_1815	Component
C_1816	Component
C_1817	Component
C_1818	Component
C_1819	Component
C_182	Component
C_1820	Component
C_1821	Component
C_1822	Component
C_1823	Component
C_1824	Component
C_1825	Component
C_1826	Component
C_1827	Component
C_1828	Component
C_1829	Component
C_183	Component
C_1830	Component
C_1831	Component
C_1832	Component
C_1833	Component
C_1834	Component
C_1835	Component
C_1836	Component
C_1837	Component
C_1838	Component
C_1839	Component
C_184	Component
C_1840	Component
C_1841	Component
C_1842	Component
C_1843	Component
C_1844	Component
C_1845	Component
C_1846	Component
C_1847	Component
C_1848	Component
C_1849	Component
C_185	Component
C_1850	Component
C_1851	Component
C_1852	Component
C_1853	Component
C_1854	Component
C_1855	Component
C_1856	Component
C_1857	Component
C_1858	Component
C_1859	Component
C_186	Component
C_1860	Component
C_1861	Component
C_1862	Component
C_1863	Component
C_1864	Component
C_1865	Component
C_1866	Component
C_1867	Component
C_1868	Component
C_1869	Component
C_187	Component
C_1870	Component
C_1871	Component
C_1872	Component
C_1873	Component
C_1874	Component
C_1875	Component
C_1876	Component
C_1877	Component
C_1878	Component
C_1879	Component
C_188	Component
C_1880	Component
C_1881	Component
C_1882	Component
C_1883	Component
C_1884	Component
C_1885	Component
C_1886	Component
C_1887	Component
C_1888	Component
C_1889	Component
C_189	Component
C_1890	Component
C_1891	Component
C_1892	Component
C_1893	Component
C_1894	Component
C_1895	Component
C_1896	Component
C_1897	Component
C_1898	Component
C_1899	Component
C_190	Component
C_1900	Component
C_1901	Component
C_1902	Component
C_1903	Component
C_1904	Component
C_1905	Component
C_1906	Component
C_1907	Component
C_1908	Component
C_1909	Component
C_191	Component
C_1910	Component
C_1911	Component
C_1912	Component
C_1913	Component
C_1914	Component
C_1915	Component
C_1916	Component
C_1917	Component
C_1918	Component
C_1919	Component
C_192	Component
C_1920	Component
C_1921	Component
C_1922	Component
C_1923	Component
C_1924	Component
C_1925	Component
C_1926	Component
C_1927	Component
C_1928	Component
C_1929	Component
C_193	Component
C_1930	Component
C_1931	Component
C_1932	Component
C_1933	Component
C_1934	Component
C_1935	Component
C_1936	Component
C_1937	Component
C_1938	Component
C_1939	Component
C_194	Component
C_1940	Component
C_1941	Component
C_1942	Component
C_1943	Component
C_1944	Component
C_1945	Component
C_1946	Component
C_1947	Component
C_1948	Component
C_1949	Component
C_195	Component
C_1950	Component
C_1951	Component
C_1952	Component
C_1953	Component
C_1954	Component
C_1955	Component
C_1956	Component
C_1957	Component
C_1958	Component
C_1959	Component
C_196	Component
C_1960	Component
C_1961	Component
C_1962	Component
C_1963	Component
C_1964	Component
C_1965	Component
C_1966	Component
C_1967	Component
C_1968	Component
C_1969	Component
C_197	Component
C_1970	Component
C_1971	Component
C_1972	Component
C_1973	Component
C_1974	Component
C_1975	Component
C_1976	Component
C_1977	Component
C_1978	Component
C_1979	Component
C_198	Component
C_1980	Component
C_1981	Component
C_1982	Component
C_1983	Component
C_1984	Component
C_1985	Component
C_1986	Component
C_1987	Component
C_1988	Component
C_1989	Component
C_199	Component
C_1990	Component
C_1991	Component
C_1992	Component
C_1993	Component
C_1994	Component
C_1995	Component
C_1996	Component
C_1997	Component
C_1998	Component
C_1999	Component
C_200	Component
C_2000	Component
C_2001	Component
C_2002	Component
C_2003	Component
C_2004	Component
C_2005	Component
C_2006	Component
C_2007	Component
C_2008	Component
C_2009	Component
C_201	Component
C_2010	Component
C_2011	Component
C_2012	Component
C_2013	Component
C_2014	Component
C_2015	Component
C_2016	Component
C_2017	Component
C_2018	Component
C_2019	Component
C_202	Component
C_2020	Component
C_2021	Component
C_2022	Component
C_2023	Component
C_2024	Component
C_2025	Component
C_2026	Component
C_2027	Component
C_2028	Component
C_2029	Component
C_203	Component
C_2030	Component
C_2031	Component
C_2032	Component
C_2033	Component
C_2034	Component
C_2035	Component
C_2036	Component
C_2037	Component
C_2038	Component
C_2039	Component
C_204	Component
C_2040	Component
C_2041	Component
C_2042	Component
C_2043	Component
C_2044	Component
C_2045	Component
C_2046	Component
C_2047	Component
C_2048	Component
C_2049	Component
C_205	Component
C_2050	Component
C_2051	Component
C_2052	Component
C_2053	Component
C_2054	Component
C_2055	Component
C_2056	Component
C_2057	Component
C_2058	Component
C_2059	Component
C_206	Component
C_2060	Component
C_2061	Component
C_2062	Component
C_2063	Component
C_2064	Component
C_2065	Component
C_2066	Component
C_2067	Component
C_2068	Component
C_2069	Component
C_207	Component
C_2070	Component
C_2071	Component
C_2072	Component
C_2073	Component
C_2074	Component
C_2075	Component
C_2076	Component
C_2077	Component
C_2078	Component
C_2079	Component
C_208	Component
C_2080	Component
C_2081	Component
C_2082	Component
C_2083	Component
C_2084	Component
C_2085	Component
C_2086	Component
C_2087	Component
C_2088	Component
C_2089	Component
C_209	Component
C_2090	Component
C_2091	Component
C_2092	Component
C_2093	Component
C_2094	Component
C_2095	Component
C_2096	Component
C_2097	Component
C_2098	Component
C_2099	Component
C_210	Component
C_2100	Component
C_2101	Component
C_2102	Component
C_2103	Component
C_2104	Component
C_2105	Component
C_2106	Component
C_2107	Component
C_2108	Component
C_2109	Component
C_211	Component
C_2110	Component
C_2111	Component
C_2112	Component
C_2113	Component
C_2114	Component
C_2115	Component
C_2116	Component
C_2117	Component
C_2118	Component
C_2119	Component
C_212	Component
C_2120	Component
C_2121	Component
C_2122	Component
C_2123	Component
C_2124	Component
C_2125	Component
C_2126	Component
C_2127	Component
C_2128	Component
C_2129	Component
C_213	Component
C_2130	Component
C_2131	Component
C_2132	Component
C_2133	Component
C_2134	Component
C_2135	Component
C_2136	Component
C_2137	Component
C_2138	Component
C_2139	Component
C_214	Component
C_2140	Component
C_2141	Component
C_2142	Component
C_2143	Component
C_2144	Component
C_2145	Component
C_2146	Component
C_2147	Component
C_2148	Component
C_2149	Component
C_215	Component
C_2150	Component
C_2151	Component
C_2152	Component
C_2153	Component
C_2154	Component
C_2155	Component
C_2156	Component
C_2157	Component
C_2158	Component
C_2159	Component
C_216	Component
C_2160	Component
C_2161	Component
C_2162	Component
C_2163	Component
C_2164	Component
C_2165	Component
C_2166	Component
C_2167	Component
C_2168	Component
C_2169	Component
C_217	Component
C_2170	Component
C_2171	Component
C_2172	Component
C_2173	Component
C_2174	Component
C_2175	Component
C_2176	Component
C_2177	Component
C_2178	Component
C_2179	Component
C_218	Component
C_2180	Component
C_2181	Component
C_2182	Component
C_2183	Component
C_2184	Component
C_2185	Component
C_2186	Component
C_2187	Component
C_2188	Component
C_2189	Component
C_219	Component
C_2190	Component
C_2191	Component
C_2192	Component
C_2193	Component
C_2194	Component
C_2195	Component
C_2196	Component
C_2197	Component
C_2198	Component
C_2199	Component
C_220	Component
C_2200	Component
C_2201	Component
C_2202	Component
C_2203	Component
C_2204	Component
C_2205	Component
C_2206	Component
C_2207	Component
C_2208	Component
C_2209	Component
C_221	Component
C_2210	Component
C_2211	Component
C_2212	Component
C_2213	Component
C_2214	Component
C_2215	Component
C_2216	Component
C_2217	Component
C_2218	Component
C_2219	Component
C_222	Component
C_2220	Component
C_2221	Component
C_2222	Component
C_2223	Component
C_2224	Component
C_2225	Component
C_2226	Component
C_2227	Component
C_2228	Component
C_2229	Component
C_223	Component
C_2230	Component
C_2231	Component
C_2232	Component
C_2233	Component
C_2234	Component
C_2235	Component
C_2236	Component
C_2237	Component
C_2238	Component
C_2239	Component
C_224	Component
C_2240	Component
C_2241	Component
C_2242	Component
C_2243	Component
C_2244	Component
C_2245	Component
C_2246	Component
C_2247	Component
C_2248	Component
C_2249	Component
C_225	Component
C_2250	Component
C_2251	Component
C_2252	Component
C_2253	Component
C_2254	Component
C_2255	Component
C_2256	Component
C_2257	Component
C_2258	Component
C_2259	Component
C_226	Component
C_2260	Component
C_2261	Component
C_2262	Component
C_2263	Component
C_2264	Component
C_2265	Component
C_2266	Component
C_2267	Component
C_2268	Component
C_2269	Component
C_227	Component
C_2270	Component
C_2271	Component
C_2272	Component
C_2273	Component
C_2274	Component
C_2275	Component
C_2276	Component
C_2277	Component
C_2278	Component
C_2279	Component
C_228	Component
C_2280	Component
C_2281	Component
C_2282	Component
C_2283	Component
C_2284	Component
C_2285	Component
C_2286	Component
C_2287	Component
C_2288	Component
C_2289	Component
C_229	Component
C_2290	Component
C_2291	Component
C_2292	Component
C_2293	Component
C_2294	Component
C_2295	Component
C_2296	Component
C_2297	Component
C_2298	Component
C_2299	Component
C_230	Component
C_2300	Component
C_2301	Component
C_2302	Component
C_2303	Component
C_2304	Component
C_2305	Component
C_2306	Component
C_2307	Component
C_2308	Component
C_2309	Component
C_231	Component
C_2310	Component
C_2311	Component
C_2312	Component
C_2313	Component
C_2314	Component
C_2315	Component
C_2316	Component
C_2317	Component
C_2318	Component
C_2319	Component
C_232	Component
C_2320	Component
C_2321	Component
C_2322	Component
C_2323	Component
C_2324	Component
C_2325	Component
C_2326	Component
C_2327	Component
C_2328	Component
C_2329	Component
C_233	Component
C_2330	Component
C_2331	Component
C_2332	Component
C_2333	Component
C_2334	Component
C_2335	Component
C_2336	Component
C_2337	Component
C_2338	Component
C_2339	Component
C_234	Component
C_2340	Component
C_2341	Component
C_2342	Component
C_2343	Component
C_2344	Component
C_2345	Component
C_2346	Component
C_2347	Component
C_2348	Component
C_2349	Component
C_235	Component
C_2350	Component
C_2351	Component
C_2352	Component
C_2353	Component
C_2354	Component
C_2355	Component
C_2356	Component
C_2357	Component
C_2358	Component
C_2359	Component
C_236	Component
C_2360	Component
C_2361	Component
C_2362	Component
C_2363	Component
C_2364	Component
C_2365	Component
C_2366	Component
C_2367	Component
C_2368	Component
C_2369	Component
C_237	Component
C_2370	Component
C_2371	Component
C_2372	Component
C_2373	Component
C_2374	Component
C_2375	Component
C_2376	Component
C_2377	Component
C_2378	Component
C_2379	Component
C_238	Component
C_2380	Component
C_2381	Component
C_2382	Component
C_2383	Component
C_2384	Component
C_2385	Component
C_2386	Component
C_2387	Component
C_2388	Component
C_2389	Component
C_239	Component
C_2390	Component
C_2391	Component
C_2392	Component
C_2393	Component
C_2394	Component
C_2395	Component
C_2396	Component
C_2397	Component
C_2398	Component
C_2399	Component
C_240	Component
C_2400	Component
C_2401	Component
C_2402	Component
C_2403	Component
C_2404	Component
C_2405	Component
C_2406	Component
C_2407	Component
C_2408	Component
C_2409	Component
C_241	Component
C_2410	Component
C_2411	Component
C_2412	Component
C_2413	Component
C_2414	Component
C_2415	Component
C_2416	Component
C_2417	Component
C_2418	Component
C_2419	Component
C_242	Component
C_2420	Component
C_2421	Component
C_2422	Component
C_2423	Component
C_2424	Component
C_2425	Component
C_2426	Component
C_2427	Component
C_2428	Component
C_2429	Component
C_243	Component
C_2430	Component
C_2431	Component
C_2432	Component
C_2433	Component
C_2434	Component
C_2435	Component
C_2436	Component
C_2437	Component
C_2438	Component
C_2439	Component
C_244	Component
C_2440	Component
C_2441	Component
C_2442	Component
C_2443	Component
C_2444	Component
C_2445	Component
C_2446	Component
C_2447	Component
C_2448	Component
C_2449	Component
C_245	Component
C_2450	Component
C_2451	Component
C_2452	Component
C_2453	Component
C_2454	Component
C_2455	Component
C_2456	Component
C_2457	Component
C_2458	Component
C_2459	Component
C_246	Component
C_2460	Component
C_2461	Component
C_2462	Component
C_2463	Component
C_2464	Component
C_2465	Component
C_2466	Component
C_2467	Component
C_2468	Component
C_2469	Component
C_247	Component
C_2470	Component
C_2471	Component
C_2472	Component
C_2473	Component
C_2474	Component
C_2475	Component
C_2476	Component
C_2477	Component
C_2478	Component
C_2479	Component
C_248	Component
C_2480	Component
C_2481	Component
C_2482	Component
C_2483	Component
C_2484	Component
C_2485	Component
C_2486	Component
C_2487	Component
C_2488	Component
C_2489	Component
C_249	Component
C_2490	Component
C_2491	Component
C_2492	Component
C_2493	Component
C_2494	Component
C_2495	Component
C_2496	Component
C_2497	Component
C_2498	Component
C_2499	Component
C_250	Component
C_2500	Component
C_2501	Component
C_2502	Component
C_2503	Component
C_2504	Component
C_2505	Component
C_2506	Component
C_2507	Component
C_2508	Component
C_2509	Component
C_251	Component
C_2510	Component
C_2511	Component
C_2512	Component
C_2513	Component
C_2514	Component
C_2515	Component
C_2516	Component
C_2517	Component
C_2518	Component
C_2519	Component
C_252	Component
C_2520	Component
C_2521	Component
C_2522	Component
C_2523	Component
C_2524	Component
C_253	Component
C_254	Component
C_255	Component
C_256	Component
C_257	Component
C_258	Component
C_259	Component
C_260	Component
C_261	Component
C_262	Component
C_263	Component
C_264	Component
C_265	Component
C_266	Component
C_267	Component
C_268	Component
C_269	Component
C_270	Component
C_271	Component
C_272	Component
C_273	Component
C_274	Component
C_275	Component
C_276	Component
C_277	Component
C_278	Component
C_279	Component
C_280	Component
C_281	Component
C_282	Component
C_283	Component
C_284	Component
C_285	Component
C_286	Component
C_287	Component
C_288	Component
C_289	Component
C_290	Component
C_291	Component
C_292	Component
C_293	Component
C_294	Component
C_295	Component
C_296	Component
C_297	Component
C_298	Component
C_299	Component
C_300	Component
C_301	Component
C_302	Component
C_303	Component
C_304	Component
C_305	Component
C_306	Component
C_307	Component
C_308	Component
C_309	Component
C_310	Component
C_311	Component
C_312	Component
C_313	Component
C_314	Component
C_315	Component
C_316	Component
C_317	Component
C_318	Component
C_319	Component
C_320	Component
C_321	Component
C_322	Component
C_323	Component
C_324	Component
C_325	Component
C_326	Component
C_327	Component
C_328	Component
C_329	Component
C_330	Component
C_331	Component
C_332	Component
C_333	Component
C_334	Component
C_335	Component
C_336	Component
C_337	Component
C_338	Component
C_339	Component
C_340	Component
C_341	Component
C_342	Component
C_343	Component
C_344	Component
C_345	Component
C_346	Component
C_347	Component
C_348	Component
C_349	Component
C_350	Component
C_351	Component
C_352	Component
C_353	Component
C_354	Component
C_355	Component
C_356	Component
C_357	Component
C_358	Component
C_359	Component
C_360	Component
C_361	Component
C_362	Component
C_363	Component
C_364	Component
C_365	Component
C_366	Component
C_367	Component
C_368	Component
C_369	Component
C_370	Component
C_371	Component
C_372	Component
C_373	Component
C_374	Component
C_375	Component
C_376	Component
C_377	Component
C_378	Component
C_379	Component
C_380	Component
C_381	Component
C_382	Component
C_383	Component
C_384	Component
C_385	Component
C_386	Component
C_387	Component
C_388	Component
C_389	Component
C_390	Component
C_391	Component
C_392	Component
C_393	Component
C_394	Component
C_395	Component
C_396	Component
C_397	Component
C_398	Component
C_399	Component
C_400	Component
C_401	Component
C_402	Component
C_403	Component
C_404	Component
C_405	Component
C_406	Component
C_407	Component
C_408	Component
C_409	Component
C_410	Component
C_411	Component
C_412	Component
C_413	Component
C_414	Component
C_415	Component
C_416	Component
C_417	Component
C_418	Component
C_419	Component
C_420	Component
C_421	Component
C_422	Component
C_423	Component
C_424	Component
C_425	Component
C_426	Component
C_427	Component
C_428	Component
C_429	Component
C_430	Component
C_431	Component
C_432	Component
C_433	Component
C_434	Component
C_435	Component
C_436	Component
C_437	Component
C_438	Component
C_439	Component
C_440	Component
C_441	Component
C_442	Component
C_443	Component
C_444	Component
C_445	Component
C_446	Component
C_447	Component
C_448	Component
C_449	Component
C_450	Component
C_451	Component
C_452	Component
C_453	Component
C_454	Component
C_455	Component
C_456	Component
C_457	Component
C_458	Component
C_459	Component
C_460	Component
C_461	Component
C_462	Component
C_463	Component
C_464	Component
C_465	Component
C_466	Component
C_467	Component
C_468	Component
C_469	Component
C_470	Component
C_471	Component
C_472	Component
C_473	Component
C_474	Component
C_475	Component
C_476	Component
C_477	Component
C_478	Component
C_479	Component
C_480	Component
C_481	Component
C_482	Component
C_483	Component
C_484	Component
C_485	Component
C_486	Component
C_487	Component
C_488	Component
C_489	Component
C_490	Component
C_491	Component
C_492	Component
C_493	Component
C_494	Component
C_495	Component
C_496	Component
C_497	Component
C_498	Component
C_499	Component
C_500	Component
C_501	Component
C_502	Component
C_503	Component
C_504	Component
C_505	Component
C_506	Component
C_507	Component
C_508	Component
C_509	Component
C_510	Component
C_511	Component
C_512	Component
C_513	Component
C_514	Component
C_515	Component
C_516	Component
C_517	Component
C_518	Component
C_519	Component
C_520	Component
C_521	Component
C_522	Component
C_523	Component
C_524	Component
C_525	Component
C_526	Component
C_527	Component
C_528	Component
C_529	Component
C_530	Component
C_531	Component
C_532	Component
C_533	Component
C_534	Component
C_535	Component
C_536	Component
C_537	Component
C_538	Component
C_539	Component
C_540	Component
C_541	Component
C_542	Component
C_543	Component
C_544	Component
C_545	Component
C_546	Component
C_547	Component
C_548	Component
C_549	Component
C_550	Component
C_551	Component
C_552	Component
C_553	Component
C_554	Component
C_555	Component
C_556	Component
C_557	Component
C_558	Component
C_559	Component
C_560	Component
C_561	Component
C_562	Component
C_563	Component
C_564	Component
C_565	Component
C_566	Component
C_567	Component
C_568	Component
C_569	Component
C_570	Component
C_571	Component
C_572	Component
C_573	Component
C_574	Component
C_575	Component
C_576	Component
C_577	Component
C_578	Component
C_579	Component
C_580	Component
C_581	Component
C_582	Component
C_583	Component
C_584	Component
C_585	Component
C_586	Component
C_587	Component
C_588	Component
C_589	Component
C_590	Component
C_591	Component
C_592	Component
C_593	Component
C_594	Component
C_595	Component
C_596	Component
C_597	Component
C_598	Component
C_599	Component
C_600	Component
C_601	Component
C_602	Component
C_603	Component
C_604	Component
C_605	Component
C_606	Component
C_607	Component
C_608	Component
C_609	Component
C_610	Component
C_611	Component
C_612	Component
C_613	Component
C_614	Component
C_615	Component
C_616	Component
C_617	Component
C_618	Component
C_619	Component
C_620	Component
C_621	Component
C_622	Component
C_623	Component
C_624	Component
C_625	Component
C_626	Component
C_627	Component
C_628	Component
C_629	Component
C_630	Component
C_631	Component
C_632	Component
C_633	Component
C_634	Component
C_635	Component
C_636	Component
C_637	Component
C_638	Component
C_639	Component
C_640	Component
C_641	Component
C_642	Component
C_643	Component
C_644	Component
C_645	Component
C_646	Component
C_647	Component
C_648	Component
C_649	Component
C_650	Component
C_651	Component
C_652	Component
C_653	Component
C_654	Component
C_655	Component
C_656	Component
C_657	Component
C_658	Component
C_659	Component
C_660	Component
C_661	Component
C_662	Component
C_663	Component
C_664	Component
C_665	Component
C_666	Component
C_667	Component
C_668	Component
C_669	Component
C_670	Component
C_671	Component
C_672	Component
C_673	Component
C_674	Component
C_675	Component
C_676	Component
C_677	Component
C_678	Component
C_679	Component
C_680	Component
C_681	Component
C_682	Component
C_683	Component
C_684	Component
C_685	Component
C_686	Component
C_687	Component
C_688	Component
C_689	Component
C_690	Component
C_691	Component
C_692	Component
C_693	Component
C_694	Component
C_695	Component
C_696	Component
C_697	Component
C_698	Component
C_699	Component
C_700	Component
C_701	Component
C_702	Component
C_703	Component
C_704	Component
C_705	Component
C_706	Component
C_707	Component
C_708	Component
C_709	Component
C_710	Component
C_711	Component
C_712	Component
C_713	Component
C_714	Component
C_715	Component
C_716	Component
C_717	Component
C_718	Component
C_719	Component
C_720	Component
C_721	Component
C_722	Component
C_723	Component
C_724	Component
C_725	Component
C_726	Component
C_727	Component
C_728	Component
C_729	Component
C_730	Component
C_731	Component
C_732	Component
C_733	Component
C_734	Component
C_735	Component
C_736	Component
C_737	Component
C_738	Component
C_739	Component
C_740	Component
C_741	Component
C_742	Component
C_743	Component
C_744	Component
C_745	Component
C_746	Component
C_747	Component
C_748	Component
C_749	Component
C_750	Component
C_751	Component
C_752	Component
C_753	Component
C_754	Component
C_755	Component
C_756	Component
C_757	Component
C_758	Component
C_759	Component
C_760	Component
C_761	Component
C_762	Component
C_763	Component
C_764	Component
C_765	Component
C_766	Component
C_767	Component
C_768	Component
C_769	Component
C_770	Component
C_771	Component
C_772	Component
C_773	Component
C_774	Component
C_775	Component
C_776	Component
C_777	Component
C_778	Component
C_779	Component
C_780	Component
C_781	Component
C_782	Component
C_783	Component
C_784	Component
C_785	Component
C_786	Component
C_787	Component
C_788	Component
C_789	Component
C_790	Component
C_791	Component
C_792	Component
C_793	Component
C_794	Component
C_795	Component
C_796	Component
C_797	Component
C_798	Component
C_799	Component
C_800	Component
C_801	Component
C_802	Component
C_803	Component
C_804	Component
C_805	Component
C_806	Component
C_807	Component
C_808	Component
C_809	Component
C_810	Component
C_811	Component
C_812	Component
C_813	Component
C_814	Component
C_815	Component
C_816	Component
C_817	Component
C_818	Component
C_819	Component
C_820	Component
C_821	Component
C_822	Component
C_823	Component
C_824	Component
C_825	Component
C_826	Component
C_827	Component
C_828	Component
C_829	Component
C_830	Component
C_831	Component
C_832	Component
C_833	Component
C_834	Component
C_835	Component
C_836	Component
C_837	Component
C_838	Component
C_839	Component
C_840	Component
C_841	Component
C_842	Component
C_843	Component
C_844	Component
C_845	Component
C_846	Component
C_847	Component
C_848	Component
C_849	Component
C_850	Component
C_851	Component
C_852	Component
C_853	Component
C_854	Component
C_855	Component
C_856	Component
C_857	Component
C_858	Component
C_859	Component
C_860	Component
C_861	Component
C_862	Component
C_863	Component
C_864	Component
C_865	Component
C_866	Component
C_867	Component
C_868	Component
C_869	Component
C_870	Component
C_871	Component
C_872	Component
C_873	Component
C_874	Component
C_875	Component
C_876	Component
C_877	Component
C_878	Component
C_879	Component
C_880	Component
C_881	Component
C_882	Component
C_883	Component
C_884	Component
C_885	Component
C_886	Component
C_887	Component
C_888	Component
C_889	Component
C_890	Component
C_891	Component
C_892	Component
C_893	Component
C_894	Component
C_895	Component
C_896	Component
C_897	Component
C_898	Component
C_899	Component
C_900	Component
C_901	Component
C_902	Component
C_903	Component
C_904	Component
C_905	Component
C_906	Component
C_907	Component
C_908	Component
C_909	Component
C_910	Component
C_911	Component
C_912	Component
C_913	Component
C_914	Component
C_915	Component
C_916	Component
C_917	Component
C_918	Component
C_919	Component
C_920	Component
C_921	Component
C_922	Component
C_923	Component
C_924	Component
C_925	Component
C_926	Component
C_927	Component
C_928	Component
C_929	Component
C_930	Component
C_931	Component
C_932	Component
C_933	Component
C_934	Component
C_935	Component
C_936	Component
C_937	Component
C_938	Component
C_939	Component
C_940	Component
C_941	Component
C_942	Component
C_943	Component
C_944	Component
C_945	Component
C_946	Component
C_947	Component
C_948	Component
C_949	Component
C_950	Component
C_951	Component
C_952	Component
C_953	Component
C_954	Component
C_955	Component
C_956	Component
C_957	Component
C_958	Component
C_959	Component
C_960	Component
C_961	Component
C_962	Component
C_963	Component
C_964	Component
C_965	Component
C_966	Component
C_967	Component
C_968	Component
C_969	Component
C_970	Component
C_971	Component
C_972	Component
C_973	Component
C_974	Component
C_975	Component
C_976	Component
C_977	Component
C_978	Component
C_979	Component
C_980	Component
C_981	Component
C_982	Component
C_983	Component
C_984	Component
C_985	Component
C_986	Component
C_987	Component
C_988	Component
C_989	Component
C_990	Component
C_991	Component
C_992	Component
C_993	Component
C_994	Component
C_995	Component
C_996	Component
C_997	Component
C_998	Component
C_999	Component
DC_001_003_001	DocumentChunk
DC_001_003_002	DocumentChunk
DC_001_003_003	DocumentChunk
DC_001_003_004	DocumentChunk
DC_001_003_005	DocumentChunk
DC_001_003_006	DocumentChunk
DC_001_003_007	DocumentChunk
DC_001_004_001	DocumentChunk
DC_001_004_002	DocumentChunk
DC_001_004_003	DocumentChunk
DC_001_004_004	DocumentChunk
DC_002_005_001	DocumentChunk
DC_002_005_002	DocumentChunk
DC_002_006_001	DocumentChunk
DC_002_007_001	DocumentChunk
DC_002_008_001	DocumentChunk
DC_002_009_001	DocumentChunk
DC_002_009_002	DocumentChunk
DC_003_010_001	DocumentChunk
DC_003_010_002	DocumentChunk
DC_003_010_003	DocumentChunk
DC_003_010_004	DocumentChunk
DC_003_010_005	DocumentChunk
DC_003_010_006	DocumentChunk
DC_003_010_007	DocumentChunk
DC_003_010_008	DocumentChunk
DC_003_010_009	DocumentChunk
DC_003_010_010	DocumentChunk
DC_003_010_011	DocumentChunk
DC_003_010_012	DocumentChunk
DC_003_010_013	DocumentChunk
DC_003_010_014	DocumentChunk
DC_003_010_015	DocumentChunk
DC_003_010_016	DocumentChunk
DC_003_011_001	DocumentChunk
DC_003_011_002	DocumentChunk
DC_003_011_003	DocumentChunk
DC_003_011_004	DocumentChunk
DC_003_011_005	DocumentChunk
DC_003_011_006	DocumentChunk
DC_003_011_007	DocumentChunk
DC_003_011_008	DocumentChunk
DC_003_011_009	DocumentChunk
DC_003_011_010	DocumentChunk
DC_003_011_011	DocumentChunk
DC_003_011_012	DocumentChunk
DC_003_011_013	DocumentChunk
DC_003_011_014	DocumentChunk
DC_003_011_015	DocumentChunk
DC_003_011_016	DocumentChunk
DC_003_011_017	DocumentChunk
DC_003_011_018	DocumentChunk
DC_003_011_019	DocumentChunk
DC_003_011_020	DocumentChunk
DC_003_011_021	DocumentChunk
DC_003_012_001	DocumentChunk
DC_003_012_002	DocumentChunk
DC_003_012_003	DocumentChunk
DC_003_012_004	DocumentChunk
DC_003_012_005	DocumentChunk
DC_003_012_006	DocumentChunk
DC_003_012_007	DocumentChunk
DC_003_012_008	DocumentChunk
DC_003_012_009	DocumentChunk
DC_003_012_010	DocumentChunk
DC_003_012_011	DocumentChunk
DC_003_012_012	DocumentChunk
DC_003_012_013	DocumentChunk
DC_003_012_014	DocumentChunk
DC_003_012_015	DocumentChunk
DC_003_012_016	DocumentChunk
DC_003_012_017	DocumentChunk
DC_003_012_018	DocumentChunk
DC_003_012_019	DocumentChunk
DC_003_012_020	DocumentChunk
DC_003_012_021	DocumentChunk
DC_003_013_001	DocumentChunk
DC_003_013_002	DocumentChunk
DC_003_013_003	DocumentChunk
DC_003_013_004	DocumentChunk
DC_003_013_005	DocumentChunk
DC_003_013_006	DocumentChunk
DC_003_013_007	DocumentChunk
DC_003_013_008	DocumentChunk
DC_003_013_009	DocumentChunk
DC_003_013_010	DocumentChunk
DC_003_013_011	DocumentChunk
DC_003_013_012	DocumentChunk
DC_003_013_013	DocumentChunk
DC_003_013_014	DocumentChunk
DC_003_013_015	DocumentChunk
DC_003_013_016	DocumentChunk
DC_003_013_017	DocumentChunk
DC_003_013_018	DocumentChunk
DC_003_013_019	DocumentChunk
DC_003_014_001	DocumentChunk
DC_003_014_002	DocumentChunk
DC_003_014_003	DocumentChunk
DC_003_014_004	DocumentChunk
DC_003_014_005	DocumentChunk
DC_003_014_006	DocumentChunk
DC_003_014_007	DocumentChunk
DC_003_014_008	DocumentChunk
DC_003_014_009	DocumentChunk
DC_003_014_010	DocumentChunk
DC_003_014_011	DocumentChunk
DC_003_014_012	DocumentChunk
DC_003_014_013	DocumentChunk
DC_003_014_014	DocumentChunk
DC_003_014_015	DocumentChunk
DC_003_014_016	DocumentChunk
DC_003_014_017	DocumentChunk
DC_003_015_001	DocumentChunk
DC_003_015_002	DocumentChunk
DC_003_015_003	DocumentChunk
DC_003_015_004	DocumentChunk
DC_003_015_005	DocumentChunk
DC_003_015_006	DocumentChunk
DC_003_015_007	DocumentChunk
DC_003_015_008	DocumentChunk
DC_003_015_009	DocumentChunk
DC_003_015_010	DocumentChunk
DC_003_015_011	DocumentChunk
DC_003_015_012	DocumentChunk
DC_003_015_013	DocumentChunk
DC_003_015_014	DocumentChunk
DC_003_015_015	DocumentChunk
DC_003_015_016	DocumentChunk
DC_003_016_001	DocumentChunk
DC_003_016_002	DocumentChunk
DC_003_016_003	DocumentChunk
DC_003_016_004	DocumentChunk
DC_003_016_005	DocumentChunk
DC_003_016_006	DocumentChunk
DC_003_016_007	DocumentChunk
DC_003_016_008	DocumentChunk
DC_003_016_009	DocumentChunk
DC_003_016_010	DocumentChunk
DC_003_016_011	DocumentChunk
DC_003_016_012	DocumentChunk
DC_003_016_013	DocumentChunk
DC_003_017_001	DocumentChunk
DC_003_017_002	DocumentChunk
DC_003_017_003	DocumentChunk
DC_003_017_004	DocumentChunk
DC_003_017_005	DocumentChunk
DC_003_017_006	DocumentChunk
DC_003_017_007	DocumentChunk
DC_003_017_008	DocumentChunk
DC_003_017_009	DocumentChunk
DC_003_017_010	DocumentChunk
DC_003_017_011	DocumentChunk
DC_003_017_012	DocumentChunk
DC_003_017_013	DocumentChunk
DC_003_017_014	DocumentChunk
DC_003_017_015	DocumentChunk
DC_003_017_016	DocumentChunk
DC_003_017_017	DocumentChunk
DC_003_018_001	DocumentChunk
DC_003_018_002	DocumentChunk
DC_003_018_003	DocumentChunk
DC_003_018_004	DocumentChunk
DC_003_018_005	DocumentChunk
DC_003_018_006	DocumentChunk
DC_003_018_007	DocumentChunk
DC_003_018_008	DocumentChunk
DC_003_018_009	DocumentChunk
DC_003_018_010	DocumentChunk
DC_003_018_011	DocumentChunk
DC_003_018_012	DocumentChunk
DC_003_018_013	DocumentChunk
DC_003_018_014	DocumentChunk
DC_003_018_015	DocumentChunk
DC_003_018_016	DocumentChunk
DC_003_018_017	DocumentChunk
DC_003_018_018	DocumentChunk
DC_003_019_001	DocumentChunk
DC_003_019_002	DocumentChunk
DC_003_019_003	DocumentChunk
DC_003_019_004	DocumentChunk
DC_003_019_005	DocumentChunk
DC_003_019_006	DocumentChunk
DC_003_019_007	DocumentChunk
DC_003_019_008	DocumentChunk
DC_003_019_009	DocumentChunk
DC_003_019_010	DocumentChunk
DC_003_019_011	DocumentChunk
DC_003_019_012	DocumentChunk
DC_003_019_013	DocumentChunk
DC_003_019_014	DocumentChunk
DC_003_019_015	DocumentChunk
DC_003_019_016	DocumentChunk
DC_003_019_017	DocumentChunk
DC_003_019_018	DocumentChunk
DC_003_019_019	DocumentChunk
DC_003_019_020	DocumentChunk
DC_003_020_001	DocumentChunk
DC_003_020_002	DocumentChunk
DC_003_020_003	DocumentChunk
DC_003_020_004	DocumentChunk
DC_003_020_005	DocumentChunk
DC_003_021_001	DocumentChunk
DC_003_021_002	DocumentChunk
DC_003_021_003	DocumentChunk
DC_003_021_004	DocumentChunk
DC_003_021_005	DocumentChunk
DC_003_021_006	DocumentChunk
DC_003_021_007	DocumentChunk
DC_003_021_008	DocumentChunk
DC_003_021_009	DocumentChunk
DC_003_021_010	DocumentChunk
DC_003_021_011	DocumentChunk
DC_003_021_012	DocumentChunk
DC_003_021_013	DocumentChunk
DC_003_021_014	DocumentChunk
DC_003_021_015	DocumentChunk
DC_003_021_016	DocumentChunk
DC_003_021_017	DocumentChunk
DC_003_021_018	DocumentChunk
DC_003_021_019	DocumentChunk
DC_003_021_020	DocumentChunk
DC_003_021_021	DocumentChunk
DC_003_021_022	DocumentChunk
DC_003_022_001	DocumentChunk
DC_003_022_002	DocumentChunk
DC_003_022_003	DocumentChunk
DC_003_022_004	DocumentChunk
DC_003_022_005	DocumentChunk
DC_003_022_006	DocumentChunk
DC_003_022_007	DocumentChunk
DC_003_022_008	DocumentChunk
DC_003_023_001	DocumentChunk
DC_003_023_002	DocumentChunk
DC_003_023_003	DocumentChunk
DC_003_023_004	DocumentChunk
DC_003_023_005	DocumentChunk
DC_003_023_006	DocumentChunk
DC_003_023_007	DocumentChunk
DC_003_023_008	DocumentChunk
DC_003_023_009	DocumentChunk
DC_003_023_010	DocumentChunk
DC_003_023_011	DocumentChunk
DC_004_024_001	DocumentChunk
DC_004_024_002	DocumentChunk
DC_004_024_003	DocumentChunk
DC_004_024_004	DocumentChunk
DC_004_024_005	DocumentChunk
DC_004_024_006	DocumentChunk
DC_004_024_007	DocumentChunk
DC_004_024_008	DocumentChunk
DC_004_024_009	DocumentChunk
DC_004_024_010	DocumentChunk
DC_004_024_011	DocumentChunk
DC_004_024_012	DocumentChunk
DC_004_025_001	DocumentChunk
DC_004_025_002	DocumentChunk
DC_004_026_001	DocumentChunk
DC_004_026_002	DocumentChunk
DC_004_027_001	DocumentChunk
DC_004_027_002	DocumentChunk
DC_004_028_001	DocumentChunk
DC_004_028_002	DocumentChunk
DC_004_029_001	DocumentChunk
DC_004_029_002	DocumentChunk
DC_004_029_003	DocumentChunk
DC_004_029_004	DocumentChunk
DC_004_029_005	DocumentChunk
DC_004_029_006	DocumentChunk
DC_004_029_007	DocumentChunk
DC_004_029_008	DocumentChunk
DC_004_029_009	DocumentChunk
DC_004_029_010	DocumentChunk
DC_004_029_011	DocumentChunk
DC_004_029_012	DocumentChunk
DC_004_029_013	DocumentChunk
DC_004_029_014	DocumentChunk
DC_004_029_015	DocumentChunk
DC_004_029_016	DocumentChunk
DC_004_030_001	DocumentChunk
DC_004_030_002	DocumentChunk
DC_004_030_003	DocumentChunk
DC_004_030_004	DocumentChunk
DC_004_030_005	DocumentChunk
DC_004_030_006	DocumentChunk
DC_004_030_007	DocumentChunk
DC_004_031_001	DocumentChunk
DC_004_031_002	DocumentChunk
DC_004_031_003	DocumentChunk
DC_004_031_004	DocumentChunk
DC_004_031_005	DocumentChunk
DC_004_031_006	DocumentChunk
DC_004_031_007	DocumentChunk
DC_004_031_008	DocumentChunk
DC_004_031_009	DocumentChunk
DC_004_032_001	DocumentChunk
DC_004_032_002	DocumentChunk
DC_004_032_003	DocumentChunk
DC_004_032_004	DocumentChunk
DC_004_032_005	DocumentChunk
DC_004_032_006	DocumentChunk
DC_004_032_007	DocumentChunk
DC_004_032_008	DocumentChunk
DC_004_032_009	DocumentChunk
DC_004_032_010	DocumentChunk
DC_004_032_011	DocumentChunk
DC_004_032_012	DocumentChunk
DC_004_032_013	DocumentChunk
DC_004_032_014	DocumentChunk
DC_004_032_015	DocumentChunk
DC_004_032_016	DocumentChunk
DC_004_033_001	DocumentChunk
DC_004_033_002	DocumentChunk
DC_004_033_003	DocumentChunk
DC_004_033_004	DocumentChunk
DC_004_033_005	DocumentChunk
DC_004_033_006	DocumentChunk
DC_004_033_007	DocumentChunk
DC_004_033_008	DocumentChunk
DC_004_033_009	DocumentChunk
DC_004_033_010	DocumentChunk
DC_004_033_011	DocumentChunk
DC_004_033_012	DocumentChunk
DC_004_033_013	DocumentChunk
DC_004_033_014	DocumentChunk
DC_004_034_001	DocumentChunk
DC_004_034_002	DocumentChunk
DC_004_034_003	DocumentChunk
DC_004_034_004	DocumentChunk
DC_004_034_005	DocumentChunk
DC_004_034_006	DocumentChunk
DC_004_034_007	DocumentChunk
DC_004_034_008	DocumentChunk
DC_004_034_009	DocumentChunk
DC_004_034_010	DocumentChunk
DC_004_034_011	DocumentChunk
DC_004_034_012	DocumentChunk
DC_004_035_001	DocumentChunk
DC_004_035_002	DocumentChunk
DC_004_035_003	DocumentChunk
DC_004_035_004	DocumentChunk
DC_004_035_005	DocumentChunk
DC_004_035_006	DocumentChunk
DC_004_035_007	DocumentChunk
DC_004_035_008	DocumentChunk
DC_004_036_001	DocumentChunk
DC_004_036_002	DocumentChunk
DC_004_036_003	DocumentChunk
DC_004_036_004	DocumentChunk
DC_004_036_005	DocumentChunk
DC_004_036_006	DocumentChunk
DC_004_036_007	DocumentChunk
DC_004_036_008	DocumentChunk
DC_004_036_009	DocumentChunk
DC_004_036_010	DocumentChunk
DC_004_036_011	DocumentChunk
DC_004_036_012	DocumentChunk
DC_004_036_013	DocumentChunk
DC_004_036_014	DocumentChunk
DC_004_037_001	DocumentChunk
DC_004_037_002	DocumentChunk
DC_004_037_003	DocumentChunk
DC_004_037_004	DocumentChunk
DC_004_037_005	DocumentChunk
DC_004_037_006	DocumentChunk
DC_004_037_007	DocumentChunk
DC_004_037_008	DocumentChunk
DC_004_037_009	DocumentChunk
DC_004_037_010	DocumentChunk
DC_004_037_011	DocumentChunk
DC_004_038_001	DocumentChunk
DC_004_038_002	DocumentChunk
DC_004_038_003	DocumentChunk
DC_004_038_004	DocumentChunk
DC_004_038_005	DocumentChunk
DC_004_038_006	DocumentChunk
DC_004_038_007	DocumentChunk
DC_004_038_008	DocumentChunk
DC_004_038_009	DocumentChunk
DC_004_038_010	DocumentChunk
DC_004_038_011	DocumentChunk
DC_004_038_012	DocumentChunk
DC_004_038_013	DocumentChunk
DC_004_038_014	DocumentChunk
DC_004_039_001	DocumentChunk
DC_004_039_002	DocumentChunk
DC_004_039_003	DocumentChunk
DC_004_039_004	DocumentChunk
DC_004_039_005	DocumentChunk
DC_004_039_006	DocumentChunk
DC_004_039_007	DocumentChunk
DC_004_039_008	DocumentChunk
DC_004_039_009	DocumentChunk
DC_004_039_010	DocumentChunk
DC_004_039_011	DocumentChunk
DC_004_039_012	DocumentChunk
DC_004_039_013	DocumentChunk
DC_004_039_014	DocumentChunk
DC_004_039_015	DocumentChunk
DC_004_039_016	DocumentChunk
DC_004_039_017	DocumentChunk
DC_004_039_018	DocumentChunk
DC_004_039_019	DocumentChunk
DC_004_039_020	DocumentChunk
DC_004_040_001	DocumentChunk
DC_004_040_002	DocumentChunk
DC_004_040_003	DocumentChunk
DC_004_040_004	DocumentChunk
DC_004_040_005	DocumentChunk
DC_004_040_006	DocumentChunk
DC_004_040_007	DocumentChunk
DC_004_040_008	DocumentChunk
DC_004_041_001	DocumentChunk
DC_004_041_002	DocumentChunk
DC_004_041_003	DocumentChunk
DC_004_041_004	DocumentChunk
DC_004_041_005	DocumentChunk
DC_004_041_006	DocumentChunk
DC_004_041_007	DocumentChunk
DC_004_041_008	DocumentChunk
DC_004_041_009	DocumentChunk
DC_004_042_001	DocumentChunk
DC_004_042_002	DocumentChunk
DC_004_042_003	DocumentChunk
DC_004_042_004	DocumentChunk
DC_004_042_005	DocumentChunk
DC_004_043_001	DocumentChunk
DC_004_043_002	DocumentChunk
DC_004_043_003	DocumentChunk
DC_004_044_001	DocumentChunk
DC_004_044_002	DocumentChunk
DC_004_044_003	DocumentChunk
DC_004_044_004	DocumentChunk
DC_004_044_005	DocumentChunk
DC_004_044_006	DocumentChunk
DC_004_044_007	DocumentChunk
DC_004_044_008	DocumentChunk
DC_004_044_009	DocumentChunk
DC_004_044_010	DocumentChunk
DC_004_044_011	DocumentChunk
DC_004_044_012	DocumentChunk
DC_004_044_013	DocumentChunk
DC_004_044_014	DocumentChunk
DC_004_045_001	DocumentChunk
DC_004_045_002	DocumentChunk
DC_004_045_003	DocumentChunk
DC_004_045_004	DocumentChunk
DC_004_045_005	DocumentChunk
DC_004_045_006	DocumentChunk
DC_004_045_007	DocumentChunk
DC_004_045_008	DocumentChunk
DC_004_045_009	DocumentChunk
DC_004_045_010	DocumentChunk
DC_004_045_011	DocumentChunk
DC_004_045_012	DocumentChunk
DC_004_045_013	DocumentChunk
DC_004_045_014	DocumentChunk
DC_004_045_015	DocumentChunk
DC_004_046_001	DocumentChunk
DC_004_046_002	DocumentChunk
DC_004_047_001	DocumentChunk
DC_004_047_002	DocumentChunk
DC_004_047_003	DocumentChunk
DC_004_047_004	DocumentChunk
DC_004_047_005	DocumentChunk
DC_004_047_006	DocumentChunk
DC_004_047_007	DocumentChunk
DC_004_047_008	DocumentChunk
DC_004_047_009	DocumentChunk
DC_004_047_010	DocumentChunk
DC_004_047_011	DocumentChunk
DC_004_047_012	DocumentChunk
DC_004_048_001	DocumentChunk
DC_004_048_002	DocumentChunk
DC_004_048_003	DocumentChunk
DC_004_048_004	DocumentChunk
DC_004_048_005	DocumentChunk
DC_004_048_006	DocumentChunk
DC_004_048_007	DocumentChunk
DC_004_048_008	DocumentChunk
DC_004_049_001	DocumentChunk
DC_004_049_002	DocumentChunk
DC_004_049_003	DocumentChunk
DC_004_049_004	DocumentChunk
DC_004_049_005	DocumentChunk
DC_004_049_006	DocumentChunk
DC_004_049_007	DocumentChunk
DC_004_049_008	DocumentChunk
DC_004_049_009	DocumentChunk
DC_004_050_001	DocumentChunk
DC_004_050_002	DocumentChunk
DC_004_050_003	DocumentChunk
DC_004_050_004	DocumentChunk
DC_004_051_001	DocumentChunk
DC_004_051_002	DocumentChunk
DC_004_051_003	DocumentChunk
DC_004_051_004	DocumentChunk
DC_004_051_005	DocumentChunk
DC_004_051_006	DocumentChunk
DC_004_051_007	DocumentChunk
DC_004_051_008	DocumentChunk
DC_004_051_009	DocumentChunk
DC_004_051_010	DocumentChunk
DC_004_051_011	DocumentChunk
DC_004_051_012	DocumentChunk
DC_004_051_013	DocumentChunk
DC_004_051_014	DocumentChunk
DC_004_052_001	DocumentChunk
DC_004_052_002	DocumentChunk
DC_004_052_003	DocumentChunk
DC_004_052_004	DocumentChunk
DC_004_052_005	DocumentChunk
DC_004_053_001	DocumentChunk
DC_004_053_002	DocumentChunk
DC_004_054_001	DocumentChunk
DC_004_054_002	DocumentChunk
DC_004_054_003	DocumentChunk
DC_004_054_004	DocumentChunk
DC_004_054_005	DocumentChunk
DC_004_054_006	DocumentChunk
DC_004_054_007	DocumentChunk
DC_004_054_008	DocumentChunk
DC_004_054_009	DocumentChunk
DC_004_054_010	DocumentChunk
DC_004_054_011	DocumentChunk
DC_004_055_001	DocumentChunk
DC_004_055_002	DocumentChunk
DC_004_055_003	DocumentChunk
DC_004_055_004	DocumentChunk
DC_004_055_005	DocumentChunk
DC_004_055_006	DocumentChunk
DC_004_055_007	DocumentChunk
DC_004_055_008	DocumentChunk
DC_004_055_009	DocumentChunk
DC_004_055_010	DocumentChunk
DC_004_055_011	DocumentChunk
DC_004_055_012	DocumentChunk
DC_004_055_013	DocumentChunk
DC_004_055_014	DocumentChunk
DC_004_055_015	DocumentChunk
DC_004_055_016	DocumentChunk
DC_004_055_017	DocumentChunk
DC_004_055_018	DocumentChunk
DC_004_055_019	DocumentChunk
DC_004_055_020	DocumentChunk
DC_004_055_021	DocumentChunk
DC_004_055_022	DocumentChunk
DC_004_055_023	DocumentChunk
DC_004_055_024	DocumentChunk
DC_004_056_001	DocumentChunk
DC_004_056_002	DocumentChunk
DC_004_056_003	DocumentChunk
DC_004_056_004	DocumentChunk
DC_004_056_005	DocumentChunk
DC_004_056_006	DocumentChunk
DC_004_056_007	DocumentChunk
DC_004_056_008	DocumentChunk
DC_004_056_009	DocumentChunk
DC_004_056_010	DocumentChunk
DC_004_056_011	DocumentChunk
DC_004_056_012	DocumentChunk
DC_004_056_013	DocumentChunk
DC_004_056_014	DocumentChunk
DC_004_056_015	DocumentChunk
DC_004_056_016	DocumentChunk
DC_004_056_017	DocumentChunk
DC_004_056_018	DocumentChunk
DC_004_056_019	DocumentChunk
DC_004_056_020	DocumentChunk
DC_004_056_021	DocumentChunk
DC_004_056_022	DocumentChunk
DC_004_056_023	DocumentChunk
DC_004_056_024	DocumentChunk
DC_004_056_025	DocumentChunk
DC_004_056_026	DocumentChunk
DC_004_056_027	DocumentChunk
DC_004_056_028	DocumentChunk
DC_004_056_029	DocumentChunk
DC_004_056_030	DocumentChunk
DC_004_056_031	DocumentChunk
DC_004_056_032	DocumentChunk
DC_004_057_001	DocumentChunk
DC_004_057_002	DocumentChunk
DC_004_057_003	DocumentChunk
DC_004_057_004	DocumentChunk
DC_004_057_005	DocumentChunk
DC_004_057_006	DocumentChunk
DC_004_057_007	DocumentChunk
DC_004_057_008	DocumentChunk
DC_004_057_009	DocumentChunk
DC_004_057_010	DocumentChunk
DC_004_057_011	DocumentChunk
DC_004_057_012	DocumentChunk
DC_004_057_013	DocumentChunk
DC_004_057_014	DocumentChunk
DC_004_057_015	DocumentChunk
DC_004_057_016	DocumentChunk
DC_004_058_001	DocumentChunk
DC_004_058_002	DocumentChunk
DC_004_058_003	DocumentChunk
DC_004_058_004	DocumentChunk
DC_004_058_005	DocumentChunk
DC_004_058_006	DocumentChunk
DC_004_058_007	DocumentChunk
DC_004_058_008	DocumentChunk
DC_004_058_009	DocumentChunk
DC_004_058_010	DocumentChunk
DC_004_058_011	DocumentChunk
DC_004_058_012	DocumentChunk
DC_004_059_001	DocumentChunk
DC_004_059_002	DocumentChunk
DC_004_059_003	DocumentChunk
DC_004_059_004	DocumentChunk
DC_004_059_005	DocumentChunk
DC_004_059_006	DocumentChunk
DC_004_059_007	DocumentChunk
DC_004_059_008	DocumentChunk
DC_004_060_001	DocumentChunk
DC_004_060_002	DocumentChunk
DC_004_060_003	DocumentChunk
DC_004_060_004	DocumentChunk
DC_004_060_005	DocumentChunk
DC_004_060_006	DocumentChunk
DC_004_060_007	DocumentChunk
DC_004_060_008	DocumentChunk
DC_004_060_009	DocumentChunk
DC_004_060_010	DocumentChunk
DC_004_060_011	DocumentChunk
DC_004_060_012	DocumentChunk
DC_004_061_001	DocumentChunk
DC_004_061_002	DocumentChunk
DC_004_061_003	DocumentChunk
DC_004_061_004	DocumentChunk
DC_004_061_005	DocumentChunk
DC_004_061_006	DocumentChunk
DC_004_061_007	DocumentChunk
DC_004_061_008	DocumentChunk
DC_004_061_009	DocumentChunk
DC_004_061_010	DocumentChunk
DC_004_061_011	DocumentChunk
DC_004_061_012	DocumentChunk
DC_004_061_013	DocumentChunk
DC_004_061_014	DocumentChunk
DC_004_061_015	DocumentChunk
DC_004_061_016	DocumentChunk
DC_004_061_017	DocumentChunk
DC_004_061_018	DocumentChunk
DC_004_061_019	DocumentChunk
DC_004_061_020	DocumentChunk
DC_004_061_021	DocumentChunk
DC_004_061_022	DocumentChunk
DC_004_061_023	DocumentChunk
DC_004_061_024	DocumentChunk
DC_004_061_025	DocumentChunk
DC_004_062_001	DocumentChunk
DC_004_062_002	DocumentChunk
DC_004_062_003	DocumentChunk
DC_004_062_004	DocumentChunk
DC_004_062_005	DocumentChunk
DC_004_062_006	DocumentChunk
DC_004_062_007	DocumentChunk
DC_004_062_008	DocumentChunk
DC_004_062_009	DocumentChunk
DC_004_062_010	DocumentChunk
DC_004_062_011	DocumentChunk
DC_004_062_012	DocumentChunk
DC_004_062_013	DocumentChunk
DC_004_063_001	DocumentChunk
DC_004_063_002	DocumentChunk
DC_004_063_003	DocumentChunk
DC_004_063_004	DocumentChunk
DC_004_063_005	DocumentChunk
DC_004_063_006	DocumentChunk
DC_004_063_007	DocumentChunk
DC_004_063_008	DocumentChunk
DC_004_063_009	DocumentChunk
DC_004_063_010	DocumentChunk
DC_004_063_011	DocumentChunk
DC_004_063_012	DocumentChunk
DC_004_063_013	DocumentChunk
DC_004_063_014	DocumentChunk
DC_004_063_015	DocumentChunk
DC_004_063_016	DocumentChunk
DC_004_063_017	DocumentChunk
DC_004_063_018	DocumentChunk
DC_004_063_019	DocumentChunk
DC_004_063_020	DocumentChunk
DC_004_063_021	DocumentChunk
DC_004_063_022	DocumentChunk
DC_004_064_001	DocumentChunk
DC_004_064_002	DocumentChunk
DC_004_064_003	DocumentChunk
DC_004_064_004	DocumentChunk
DC_004_064_005	DocumentChunk
DC_004_064_006	DocumentChunk
DC_004_064_007	DocumentChunk
DC_004_064_008	DocumentChunk
DC_004_064_009	DocumentChunk
DC_004_064_010	DocumentChunk
DC_004_064_011	DocumentChunk
DC_004_064_012	DocumentChunk
DC_004_064_013	DocumentChunk
DC_004_064_014	DocumentChunk
DC_004_064_015	DocumentChunk
DC_004_064_016	DocumentChunk
DC_004_064_017	DocumentChunk
DC_004_064_018	DocumentChunk
DC_004_064_019	DocumentChunk
DC_004_064_020	DocumentChunk
DC_004_064_021	DocumentChunk
DC_004_064_022	DocumentChunk
DC_004_064_023	DocumentChunk
DC_004_064_024	DocumentChunk
DC_004_065_001	DocumentChunk
DC_004_065_002	DocumentChunk
DC_004_065_003	DocumentChunk
DC_004_065_004	DocumentChunk
DC_004_065_005	DocumentChunk
DC_004_065_006	DocumentChunk
DC_004_065_007	DocumentChunk
DC_004_065_008	DocumentChunk
DC_004_065_009	DocumentChunk
DC_004_066_001	DocumentChunk
DC_004_066_002	DocumentChunk
DC_004_066_003	DocumentChunk
DC_004_066_004	DocumentChunk
DC_004_066_005	DocumentChunk
DC_004_066_006	DocumentChunk
DC_004_066_007	DocumentChunk
DC_004_066_008	DocumentChunk
DC_004_066_009	DocumentChunk
DC_004_066_010	DocumentChunk
DC_004_066_011	DocumentChunk
DC_004_066_012	DocumentChunk
DC_004_066_013	DocumentChunk
DC_004_066_014	DocumentChunk
DC_004_067_001	DocumentChunk
DC_004_067_002	DocumentChunk
DC_004_067_003	DocumentChunk
DC_004_067_004	DocumentChunk
DC_004_067_005	DocumentChunk
DC_004_067_006	DocumentChunk
DC_004_067_007	DocumentChunk
DC_004_068_001	DocumentChunk
DC_004_068_002	DocumentChunk
DC_004_068_003	DocumentChunk
DC_004_068_004	DocumentChunk
DC_004_068_005	DocumentChunk
DC_004_068_006	DocumentChunk
DC_004_068_007	DocumentChunk
DC_004_068_008	DocumentChunk
DC_004_068_009	DocumentChunk
DC_004_068_010	DocumentChunk
DC_004_068_011	DocumentChunk
DC_004_068_012	DocumentChunk
DC_004_068_013	DocumentChunk
DC_004_068_014	DocumentChunk
DC_004_068_015	DocumentChunk
DC_004_069_001	DocumentChunk
DC_004_069_002	DocumentChunk
DC_004_070_001	DocumentChunk
DC_004_070_002	DocumentChunk
DC_004_070_003	DocumentChunk
DC_004_070_004	DocumentChunk
DC_004_070_005	DocumentChunk
DC_004_070_006	DocumentChunk
DC_004_071_001	DocumentChunk
DC_004_071_002	DocumentChunk
DC_004_071_003	DocumentChunk
DC_004_071_004	DocumentChunk
DC_004_071_005	DocumentChunk
DC_004_071_006	DocumentChunk
DC_004_071_007	DocumentChunk
DC_004_071_008	DocumentChunk
DC_004_071_009	DocumentChunk
DC_004_071_010	DocumentChunk
DC_004_071_011	DocumentChunk
DC_004_071_012	DocumentChunk
DC_004_071_013	DocumentChunk
DC_004_071_014	DocumentChunk
DC_004_072_001	DocumentChunk
DC_004_072_002	DocumentChunk
DC_004_072_003	DocumentChunk
DC_004_072_004	DocumentChunk
DC_004_072_005	DocumentChunk
DC_004_072_006	DocumentChunk
DC_004_072_007	DocumentChunk
DC_004_072_008	DocumentChunk
DC_004_072_009	DocumentChunk
DC_004_072_010	DocumentChunk
DC_004_073_001	DocumentChunk
DC_004_073_002	DocumentChunk
DC_004_073_003	DocumentChunk
DC_004_073_004	DocumentChunk
DC_004_073_005	DocumentChunk
DC_004_073_006	DocumentChunk
DC_004_073_007	DocumentChunk
DC_004_073_008	DocumentChunk
DC_004_073_009	DocumentChunk
DC_004_073_010	DocumentChunk
DC_004_073_011	DocumentChunk
DC_004_073_012	DocumentChunk
DC_004_074_001	DocumentChunk
DC_004_074_002	DocumentChunk
DC_004_074_003	DocumentChunk
DC_004_074_004	DocumentChunk
DC_004_074_005	DocumentChunk
DC_004_074_006	DocumentChunk
DC_004_074_007	DocumentChunk
DC_004_074_008	DocumentChunk
DC_004_074_009	DocumentChunk
DC_004_074_010	DocumentChunk
DC_004_074_011	DocumentChunk
DC_004_074_012	DocumentChunk
DC_004_074_013	DocumentChunk
DC_004_074_014	DocumentChunk
DC_004_074_015	DocumentChunk
DC_004_074_016	DocumentChunk
DC_004_074_017	DocumentChunk
DC_004_074_018	DocumentChunk
DC_004_074_019	DocumentChunk
DC_004_074_020	DocumentChunk
DC_004_074_021	DocumentChunk
DC_004_074_022	DocumentChunk
DC_004_074_023	DocumentChunk
DC_004_074_024	DocumentChunk
DC_004_074_025	DocumentChunk
DC_004_074_026	DocumentChunk
DC_004_074_027	DocumentChunk
DC_004_074_028	DocumentChunk
DC_004_074_029	DocumentChunk
DC_004_074_030	DocumentChunk
DC_004_074_031	DocumentChunk
DC_004_074_032	DocumentChunk
DC_004_074_033	DocumentChunk
DC_004_074_034	DocumentChunk
DC_004_074_035	DocumentChunk
DC_004_074_036	DocumentChunk
DC_004_074_037	DocumentChunk
DC_004_075_001	DocumentChunk
DC_004_075_002	DocumentChunk
DC_004_075_003	DocumentChunk
DC_004_075_004	DocumentChunk
DC_004_075_005	DocumentChunk
DC_004_075_006	DocumentChunk
DC_004_075_007	DocumentChunk
DC_004_075_008	DocumentChunk
DC_005_076_001	DocumentChunk
DC_005_076_002	DocumentChunk
DC_005_076_003	DocumentChunk
DC_005_076_004	DocumentChunk
DC_005_076_005	DocumentChunk
DC_005_076_006	DocumentChunk
DC_005_076_007	DocumentChunk
DC_005_076_008	DocumentChunk
DC_005_077_001	DocumentChunk
DC_005_077_002	DocumentChunk
DC_005_077_003	DocumentChunk
DC_005_077_004	DocumentChunk
DC_005_077_005	DocumentChunk
DC_005_077_006	DocumentChunk
DC_005_077_007	DocumentChunk
DC_005_077_008	DocumentChunk
DC_005_077_009	DocumentChunk
DC_005_077_010	DocumentChunk
DC_005_078_001	DocumentChunk
DC_005_078_002	DocumentChunk
DC_005_078_003	DocumentChunk
DC_005_078_004	DocumentChunk
DC_005_079_001	DocumentChunk
DC_005_079_002	DocumentChunk
DC_005_079_003	DocumentChunk
DC_005_079_004	DocumentChunk
DC_005_079_005	DocumentChunk
DC_005_080_001	DocumentChunk
DC_005_080_002	DocumentChunk
DC_005_080_003	DocumentChunk
DC_005_080_004	DocumentChunk
DC_005_080_005	DocumentChunk
DC_005_080_006	DocumentChunk
DC_005_080_007	DocumentChunk
DC_005_080_008	DocumentChunk
DC_005_080_009	DocumentChunk
DC_005_080_010	DocumentChunk
DC_005_081_001	DocumentChunk
DC_005_081_002	DocumentChunk
DC_005_081_003	DocumentChunk
DC_005_081_004	DocumentChunk
DC_005_081_005	DocumentChunk
DC_005_081_006	DocumentChunk
DC_005_081_007	DocumentChunk
DC_005_081_008	DocumentChunk
DC_005_081_009	DocumentChunk
DC_005_081_010	DocumentChunk
DC_005_081_011	DocumentChunk
DC_005_081_012	DocumentChunk
DC_005_081_013	DocumentChunk
DC_005_082_001	DocumentChunk
DC_005_082_002	DocumentChunk
DC_005_082_003	DocumentChunk
DC_005_082_004	DocumentChunk
DC_005_082_005	DocumentChunk
DC_005_082_006	DocumentChunk
DC_005_082_007	DocumentChunk
DC_005_083_001	DocumentChunk
DC_005_083_002	DocumentChunk
DC_005_083_003	DocumentChunk
DC_005_083_004	DocumentChunk
DC_005_083_005	DocumentChunk
DC_005_083_006	DocumentChunk
DC_005_083_007	DocumentChunk
DC_005_083_008	DocumentChunk
DC_005_083_009	DocumentChunk
DC_005_084_001	DocumentChunk
DC_005_084_002	DocumentChunk
DC_005_084_003	DocumentChunk
DC_005_084_004	DocumentChunk
DC_005_084_005	DocumentChunk
DC_005_084_006	DocumentChunk
DC_005_084_007	DocumentChunk
DC_005_084_008	DocumentChunk
DC_005_084_009	DocumentChunk
DC_005_084_010	DocumentChunk
DC_005_084_011	DocumentChunk
DC_005_084_012	DocumentChunk
DC_005_084_013	DocumentChunk
DC_005_084_014	DocumentChunk
DC_005_084_015	DocumentChunk
DC_005_084_016	DocumentChunk
DC_005_085_001	DocumentChunk
DC_005_085_002	DocumentChunk
DC_005_085_003	DocumentChunk
DC_005_085_004	DocumentChunk
DC_005_085_005	DocumentChunk
DC_005_085_006	DocumentChunk
DC_005_085_007	DocumentChunk
DC_005_085_008	DocumentChunk
DC_005_085_009	DocumentChunk
DC_005_085_010	DocumentChunk
DC_005_085_011	DocumentChunk
DC_005_085_012	DocumentChunk
DC_005_086_001	DocumentChunk
DC_005_086_002	DocumentChunk
DC_005_086_003	DocumentChunk
DC_005_086_004	DocumentChunk
DC_005_086_005	DocumentChunk
DC_005_086_006	DocumentChunk
DC_005_086_007	DocumentChunk
DC_005_086_008	DocumentChunk
DC_005_087_001	DocumentChunk
DC_005_087_002	DocumentChunk
DC_005_087_003	DocumentChunk
DC_005_087_004	DocumentChunk
DC_005_087_005	DocumentChunk
DC_005_087_006	DocumentChunk
DC_005_087_007	DocumentChunk
DC_005_087_008	DocumentChunk
DC_005_088_001	DocumentChunk
DC_005_088_002	DocumentChunk
DC_005_088_003	DocumentChunk
DC_005_088_004	DocumentChunk
DC_005_088_005	DocumentChunk
DC_005_088_006	DocumentChunk
DC_005_088_007	DocumentChunk
DC_005_088_008	DocumentChunk
DC_005_088_009	DocumentChunk
DC_005_088_010	DocumentChunk
DC_005_089_001	DocumentChunk
DC_005_089_002	DocumentChunk
DC_005_089_003	DocumentChunk
DC_005_089_004	DocumentChunk
DC_005_089_005	DocumentChunk
DC_005_089_006	DocumentChunk
DC_005_089_007	DocumentChunk
DC_005_089_008	DocumentChunk
DC_005_089_009	DocumentChunk
DC_005_089_010	DocumentChunk
DC_005_089_011	DocumentChunk
DC_005_089_012	DocumentChunk
DC_005_089_013	DocumentChunk
DC_005_089_014	DocumentChunk
DC_005_089_015	DocumentChunk
DC_005_089_016	DocumentChunk
DC_005_089_017	DocumentChunk
DC_005_090_001	DocumentChunk
DC_005_090_002	DocumentChunk
DC_005_090_003	DocumentChunk
DC_005_090_004	DocumentChunk
DC_005_090_005	DocumentChunk
DC_005_090_006	DocumentChunk
DC_005_090_007	DocumentChunk
DC_005_090_008	DocumentChunk
DC_005_090_009	DocumentChunk
DC_005_090_010	DocumentChunk
DC_005_090_011	DocumentChunk
DC_005_090_012	DocumentChunk
DC_005_091_001	DocumentChunk
DC_005_091_002	DocumentChunk
DC_005_091_003	DocumentChunk
DC_005_091_004	DocumentChunk
DC_005_092_001	DocumentChunk
DC_005_092_002	DocumentChunk
DC_005_092_003	DocumentChunk
DC_005_092_004	DocumentChunk
DC_005_092_005	DocumentChunk
DC_005_092_006	DocumentChunk
DC_005_092_007	DocumentChunk
DC_005_092_008	DocumentChunk
DC_005_092_009	DocumentChunk
DC_005_092_010	DocumentChunk
DC_005_092_011	DocumentChunk
DC_005_092_012	DocumentChunk
DC_005_092_013	DocumentChunk
DC_005_093_001	DocumentChunk
DC_005_093_002	DocumentChunk
DC_005_093_003	DocumentChunk
DC_005_093_004	DocumentChunk
DC_005_093_005	DocumentChunk
DC_005_093_006	DocumentChunk
DC_005_093_007	DocumentChunk
DC_005_093_008	DocumentChunk
DC_005_093_009	DocumentChunk
DC_005_094_001	DocumentChunk
DC_005_094_002	DocumentChunk
DC_005_094_003	DocumentChunk
DC_005_095_001	DocumentChunk
DC_005_095_002	DocumentChunk
DC_005_095_003	DocumentChunk
DC_005_095_004	DocumentChunk
DC_005_095_005	DocumentChunk
DC_005_095_006	DocumentChunk
DC_005_095_007	DocumentChunk
DC_005_095_008	DocumentChunk
DC_005_096_001	DocumentChunk
DC_005_096_002	DocumentChunk
DC_005_096_003	DocumentChunk
DC_005_096_004	DocumentChunk
DC_005_096_005	DocumentChunk
DC_005_096_006	DocumentChunk
DC_005_096_007	DocumentChunk
DC_005_096_008	DocumentChunk
DC_005_096_009	DocumentChunk
DC_005_096_010	DocumentChunk
DC_005_096_011	DocumentChunk
DC_005_096_012	DocumentChunk
DC_005_097_001	DocumentChunk
DC_005_097_002	DocumentChunk
DC_005_097_003	DocumentChunk
DC_005_097_004	DocumentChunk
DC_005_097_005	DocumentChunk
DC_005_097_006	DocumentChunk
DC_005_097_007	DocumentChunk
DC_005_097_008	DocumentChunk
DC_005_097_009	DocumentChunk
DC_005_097_010	DocumentChunk
DC_005_097_011	DocumentChunk
DC_005_097_012	DocumentChunk
DC_005_097_013	DocumentChunk
DC_005_097_014	DocumentChunk
DC_005_097_015	DocumentChunk
DC_005_097_016	DocumentChunk
DC_005_098_001	DocumentChunk
DC_005_098_002	DocumentChunk
DC_005_098_003	DocumentChunk
DC_005_098_004	DocumentChunk
DC_005_098_005	DocumentChunk
DC_005_098_006	DocumentChunk
DC_005_098_007	DocumentChunk
DC_005_098_008	DocumentChunk
DC_006_099_001	DocumentChunk
DC_006_099_002	DocumentChunk
DC_006_099_003	DocumentChunk
DC_006_099_004	DocumentChunk
DC_006_099_005	DocumentChunk
DC_006_099_006	DocumentChunk
DC_006_099_007	DocumentChunk
DC_006_100_001	DocumentChunk
DC_006_100_002	DocumentChunk
DC_006_100_003	DocumentChunk
DC_006_100_004	DocumentChunk
DC_006_100_005	DocumentChunk
DC_006_100_006	DocumentChunk
DC_006_100_007	DocumentChunk
DC_006_101_001	DocumentChunk
DC_006_101_002	DocumentChunk
DC_006_101_003	DocumentChunk
DC_006_102_001	DocumentChunk
DC_006_102_002	DocumentChunk
DC_006_102_003	DocumentChunk
DC_006_102_004	DocumentChunk
DC_006_102_005	DocumentChunk
DC_006_102_006	DocumentChunk
DC_006_103_001	DocumentChunk
DC_006_103_002	DocumentChunk
DC_006_103_003	DocumentChunk
DC_006_103_004	DocumentChunk
DC_006_103_005	DocumentChunk
DC_006_103_006	DocumentChunk
DC_006_103_007	DocumentChunk
DC_006_103_008	DocumentChunk
DC_006_103_009	DocumentChunk
DC_006_104_001	DocumentChunk
DC_006_104_002	DocumentChunk
DC_006_104_003	DocumentChunk
DC_006_104_004	DocumentChunk
DC_006_104_005	DocumentChunk
DC_006_104_006	DocumentChunk
DC_006_104_007	DocumentChunk
DC_006_104_008	DocumentChunk
DC_006_104_009	DocumentChunk
DC_006_105_001	DocumentChunk
DC_006_105_002	DocumentChunk
DC_006_105_003	DocumentChunk
DC_006_105_004	DocumentChunk
DC_006_105_005	DocumentChunk
DC_006_105_006	DocumentChunk
DC_006_105_007	DocumentChunk
DC_006_105_008	DocumentChunk
DC_006_106_001	DocumentChunk
DC_006_106_002	DocumentChunk
DC_006_106_003	DocumentChunk
DC_006_106_004	DocumentChunk
DC_006_106_005	DocumentChunk
DC_006_106_006	DocumentChunk
DC_006_107_001	DocumentChunk
DC_006_107_002	DocumentChunk
DC_006_107_003	DocumentChunk
DC_006_107_004	DocumentChunk
DC_006_107_005	DocumentChunk
DC_006_107_006	DocumentChunk
DC_006_108_001	DocumentChunk
DC_006_108_002	DocumentChunk
DC_006_108_003	DocumentChunk
DC_006_108_004	DocumentChunk
DC_006_108_005	DocumentChunk
DC_006_108_006	DocumentChunk
DC_006_108_007	DocumentChunk
DC_006_108_008	DocumentChunk
DC_006_108_009	DocumentChunk
DC_006_108_010	DocumentChunk
DC_006_109_001	DocumentChunk
DC_006_109_002	DocumentChunk
DC_006_109_003	DocumentChunk
DC_006_109_004	DocumentChunk
DC_006_109_005	DocumentChunk
DC_006_110_001	DocumentChunk
DC_006_110_002	DocumentChunk
DC_006_110_003	DocumentChunk
DC_006_110_004	DocumentChunk
DC_006_110_005	DocumentChunk
DC_006_110_006	DocumentChunk
DC_006_111_001	DocumentChunk
DC_006_111_002	DocumentChunk
DC_006_111_003	DocumentChunk
DC_006_111_004	DocumentChunk
DC_006_111_005	DocumentChunk
DC_006_111_006	DocumentChunk
DC_006_111_007	DocumentChunk
DC_006_111_008	DocumentChunk
DC_006_111_009	DocumentChunk
DC_006_112_001	DocumentChunk
DC_006_112_002	DocumentChunk
DC_006_112_003	DocumentChunk
DC_006_112_004	DocumentChunk
DC_006_112_005	DocumentChunk
DC_006_112_006	DocumentChunk
DC_006_112_007	DocumentChunk
DC_006_112_008	DocumentChunk
DC_006_113_001	DocumentChunk
DC_006_113_002	DocumentChunk
DC_006_113_003	DocumentChunk
DC_006_113_004	DocumentChunk
DC_006_113_005	DocumentChunk
DC_006_113_006	DocumentChunk
DC_006_113_007	DocumentChunk
DC_006_113_008	DocumentChunk
DC_006_114_001	DocumentChunk
DC_006_115_001	DocumentChunk
DC_006_116_001	DocumentChunk
DC_006_116_002	DocumentChunk
DC_006_116_003	DocumentChunk
DC_006_116_004	DocumentChunk
DC_006_116_005	DocumentChunk
DC_006_116_006	DocumentChunk
DC_006_116_007	DocumentChunk
DC_006_116_008	DocumentChunk
DC_006_117_001	DocumentChunk
DC_006_117_002	DocumentChunk
DC_006_117_003	DocumentChunk
DC_006_117_004	DocumentChunk
DC_006_117_005	DocumentChunk
DC_006_118_001	DocumentChunk
DC_006_118_002	DocumentChunk
DC_006_118_003	DocumentChunk
DC_006_118_004	DocumentChunk
DC_006_119_001	DocumentChunk
DC_006_119_002	DocumentChunk
DC_007_120_001	DocumentChunk
DC_007_120_002	DocumentChunk
DC_007_120_003	DocumentChunk
DC_007_120_004	DocumentChunk
DC_007_120_005	DocumentChunk
DC_007_120_006	DocumentChunk
DC_007_121_001	DocumentChunk
DC_007_121_002	DocumentChunk
DC_007_121_003	DocumentChunk
DC_007_121_004	DocumentChunk
DC_007_122_001	DocumentChunk
DC_007_122_002	DocumentChunk
DC_007_122_003	DocumentChunk
DC_007_122_004	DocumentChunk
DC_007_122_005	DocumentChunk
DC_007_122_006	DocumentChunk
DC_007_122_007	DocumentChunk
DC_007_122_008	DocumentChunk
DC_007_122_009	DocumentChunk
DC_007_122_010	DocumentChunk
DC_007_123_001	DocumentChunk
DC_007_123_002	DocumentChunk
DC_007_123_003	DocumentChunk
DC_007_123_004	DocumentChunk
DC_007_123_005	DocumentChunk
DC_007_123_006	DocumentChunk
DC_007_124_001	DocumentChunk
DC_007_124_002	DocumentChunk
DC_007_124_003	DocumentChunk
DC_007_124_004	DocumentChunk
DC_007_124_005	DocumentChunk
DC_007_124_006	DocumentChunk
DC_007_124_007	DocumentChunk
DC_007_125_001	DocumentChunk
DC_007_125_002	DocumentChunk
DC_007_125_003	DocumentChunk
DC_007_125_004	DocumentChunk
DC_007_125_005	DocumentChunk
DC_007_125_006	DocumentChunk
DC_007_125_007	DocumentChunk
DC_007_125_008	DocumentChunk
DC_007_125_009	DocumentChunk
DC_007_125_010	DocumentChunk
DC_007_125_011	DocumentChunk
DC_007_125_012	DocumentChunk
DC_007_125_013	DocumentChunk
DC_007_125_014	DocumentChunk
DC_007_126_001	DocumentChunk
DC_007_126_002	DocumentChunk
DC_007_126_003	DocumentChunk
DC_007_126_004	DocumentChunk
DC_007_126_005	DocumentChunk
DC_007_126_006	DocumentChunk
DC_007_126_007	DocumentChunk
DC_007_126_008	DocumentChunk
DC_007_126_009	DocumentChunk
DC_007_126_010	DocumentChunk
DC_007_126_011	DocumentChunk
DC_007_126_012	DocumentChunk
DC_007_126_013	DocumentChunk
DC_007_127_001	DocumentChunk
DC_007_127_002	DocumentChunk
DC_007_127_003	DocumentChunk
DC_007_127_004	DocumentChunk
DC_007_127_005	DocumentChunk
DC_007_127_006	DocumentChunk
DC_007_127_007	DocumentChunk
DC_007_127_008	DocumentChunk
DC_007_127_009	DocumentChunk
DC_007_127_010	DocumentChunk
DC_007_127_011	DocumentChunk
DC_007_127_012	DocumentChunk
DC_007_127_013	DocumentChunk
DC_007_127_014	DocumentChunk
DC_007_127_015	DocumentChunk
DC_007_127_016	DocumentChunk
DC_007_127_017	DocumentChunk
DC_007_127_018	DocumentChunk
DC_007_128_001	DocumentChunk
DC_007_128_002	DocumentChunk
DC_007_128_003	DocumentChunk
DC_007_128_004	DocumentChunk
DC_008_129_001	DocumentChunk
DC_008_129_002	DocumentChunk
DC_008_129_003	DocumentChunk
DC_008_129_004	DocumentChunk
DC_008_129_005	DocumentChunk
DC_008_129_006	DocumentChunk
DC_008_129_007	DocumentChunk
DC_008_129_008	DocumentChunk
DC_008_129_009	DocumentChunk
DC_008_129_010	DocumentChunk
DC_008_129_011	DocumentChunk
DC_008_129_012	DocumentChunk
DC_008_129_013	DocumentChunk
DC_008_129_014	DocumentChunk
DC_008_129_015	DocumentChunk
DC_008_129_016	DocumentChunk
DC_008_129_017	DocumentChunk
DC_008_129_018	DocumentChunk
DC_008_129_019	DocumentChunk
DC_008_129_020	DocumentChunk
DC_008_130_001	DocumentChunk
DC_008_130_002	DocumentChunk
DC_008_130_003	DocumentChunk
DC_008_130_004	DocumentChunk
DC_008_130_005	DocumentChunk
DC_008_130_006	DocumentChunk
DC_008_130_007	DocumentChunk
DC_008_130_008	DocumentChunk
DC_008_130_009	DocumentChunk
DC_008_130_010	DocumentChunk
DC_008_130_011	DocumentChunk
DC_008_130_012	DocumentChunk
DC_008_130_013	DocumentChunk
DC_008_130_014	DocumentChunk
DC_008_130_015	DocumentChunk
DC_008_130_016	DocumentChunk
DC_008_130_017	DocumentChunk
DC_008_130_018	DocumentChunk
DC_008_130_019	DocumentChunk
DC_008_130_020	DocumentChunk
DC_008_130_021	DocumentChunk
DC_008_130_022	DocumentChunk
DC_008_130_023	DocumentChunk
DC_008_130_024	DocumentChunk
DC_008_130_025	DocumentChunk
DC_008_130_026	DocumentChunk
DC_008_130_027	DocumentChunk
DC_008_130_028	DocumentChunk
DC_008_130_029	DocumentChunk
DC_008_130_030	DocumentChunk
DC_008_130_031	DocumentChunk
DC_008_130_032	DocumentChunk
DC_008_130_033	DocumentChunk
DC_008_130_034	DocumentChunk
DC_008_130_035	DocumentChunk
DC_008_130_036	DocumentChunk
DC_008_130_037	DocumentChunk
DC_008_131_001	DocumentChunk
DC_008_131_002	DocumentChunk
DC_008_131_003	DocumentChunk
DC_008_131_004	DocumentChunk
DC_008_131_005	DocumentChunk
DC_008_131_006	DocumentChunk
DC_008_131_007	DocumentChunk
DC_008_131_008	DocumentChunk
DC_008_131_009	DocumentChunk
DC_008_131_010	DocumentChunk
DC_008_131_011	DocumentChunk
DC_008_131_012	DocumentChunk
DC_008_131_013	DocumentChunk
DC_008_131_014	DocumentChunk
DC_008_132_001	DocumentChunk
DC_008_132_002	DocumentChunk
DC_008_132_003	DocumentChunk
DC_008_132_004	DocumentChunk
DC_008_132_005	DocumentChunk
DC_008_133_001	DocumentChunk
DC_008_133_002	DocumentChunk
DC_008_133_003	DocumentChunk
DC_008_133_004	DocumentChunk
DC_008_133_005	DocumentChunk
DC_008_133_006	DocumentChunk
DC_008_133_007	DocumentChunk
DC_008_133_008	DocumentChunk
DC_008_133_009	DocumentChunk
DC_008_133_010	DocumentChunk
DC_008_133_011	DocumentChunk
DC_008_134_001	DocumentChunk
DC_008_134_002	DocumentChunk
DC_008_134_003	DocumentChunk
DC_008_134_004	DocumentChunk
DC_008_134_005	DocumentChunk
DC_008_134_006	DocumentChunk
DC_008_134_007	DocumentChunk
DC_008_134_008	DocumentChunk
DC_009_135_001	DocumentChunk
DC_009_135_002	DocumentChunk
DC_009_135_003	DocumentChunk
DC_009_135_004	DocumentChunk
DC_009_135_005	DocumentChunk
DC_009_135_006	DocumentChunk
DC_009_135_007	DocumentChunk
DC_009_135_008	DocumentChunk
DC_009_135_009	DocumentChunk
DC_009_135_010	DocumentChunk
DC_009_135_011	DocumentChunk
DC_009_135_012	DocumentChunk
DC_009_135_013	DocumentChunk
DC_009_135_014	DocumentChunk
DC_009_135_015	DocumentChunk
DC_009_135_016	DocumentChunk
DC_009_136_001	DocumentChunk
DC_009_136_002	DocumentChunk
DC_009_136_003	DocumentChunk
DC_009_136_004	DocumentChunk
DC_009_136_005	DocumentChunk
DC_009_136_006	DocumentChunk
DC_009_136_007	DocumentChunk
DC_009_136_008	DocumentChunk
DC_009_136_009	DocumentChunk
DC_009_136_010	DocumentChunk
DC_009_136_011	DocumentChunk
DC_009_136_012	DocumentChunk
DC_009_136_013	DocumentChunk
DC_009_136_014	DocumentChunk
DC_009_136_015	DocumentChunk
DC_009_137_001	DocumentChunk
DC_009_137_002	DocumentChunk
DC_009_137_003	DocumentChunk
DC_009_137_004	DocumentChunk
DC_009_137_005	DocumentChunk
DC_009_137_006	DocumentChunk
DC_009_137_007	DocumentChunk
DC_009_137_008	DocumentChunk
DC_009_137_009	DocumentChunk
DC_009_138_001	DocumentChunk
DC_009_138_002	DocumentChunk
DC_009_138_003	DocumentChunk
DC_009_138_004	DocumentChunk
DC_009_138_005	DocumentChunk
DC_009_138_006	DocumentChunk
DC_009_138_007	DocumentChunk
DC_009_138_008	DocumentChunk
DC_009_138_009	DocumentChunk
DC_009_138_010	DocumentChunk
DC_009_138_011	DocumentChunk
DC_009_138_012	DocumentChunk
DC_009_138_013	DocumentChunk
DC_009_138_014	DocumentChunk
DC_009_138_015	DocumentChunk
DC_009_138_016	DocumentChunk
DC_009_138_017	DocumentChunk
DC_009_138_018	DocumentChunk
DC_009_139_001	DocumentChunk
DC_009_139_002	DocumentChunk
DC_009_139_003	DocumentChunk
DC_009_139_004	DocumentChunk
DC_009_139_005	DocumentChunk
DC_009_139_006	DocumentChunk
DC_009_139_007	DocumentChunk
DC_009_139_008	DocumentChunk
DC_009_139_009	DocumentChunk
DC_009_139_010	DocumentChunk
DC_009_139_011	DocumentChunk
DC_009_139_012	DocumentChunk
DC_009_139_013	DocumentChunk
DC_009_139_014	DocumentChunk
DC_009_139_015	DocumentChunk
DC_009_139_016	DocumentChunk
DC_009_139_017	DocumentChunk
DC_009_139_018	DocumentChunk
DC_009_139_019	DocumentChunk
DC_009_139_020	DocumentChunk
DC_009_140_001	DocumentChunk
DC_009_140_002	DocumentChunk
DC_009_140_003	DocumentChunk
DC_009_140_004	DocumentChunk
DC_009_140_005	DocumentChunk
DC_009_140_006	DocumentChunk
DC_009_140_007	DocumentChunk
DC_010_141_001	DocumentChunk
DC_010_141_002	DocumentChunk
DC_010_141_003	DocumentChunk
DC_010_141_004	DocumentChunk
DC_010_141_005	DocumentChunk
DC_010_141_006	DocumentChunk
DC_010_141_007	DocumentChunk
DC_010_141_008	DocumentChunk
DC_010_141_009	DocumentChunk
DC_010_141_010	DocumentChunk
DC_010_141_011	DocumentChunk
DC_010_141_012	DocumentChunk
DC_010_141_013	DocumentChunk
DC_010_141_014	DocumentChunk
DC_010_141_015	DocumentChunk
DC_010_141_016	DocumentChunk
DC_010_141_017	DocumentChunk
DC_010_141_018	DocumentChunk
DC_010_141_019	DocumentChunk
DC_010_141_020	DocumentChunk
DC_010_141_021	DocumentChunk
DC_010_141_022	DocumentChunk
DC_010_141_023	DocumentChunk
DC_010_141_024	DocumentChunk
DC_010_141_025	DocumentChunk
DC_010_141_026	DocumentChunk
DC_010_141_027	DocumentChunk
DC_010_142_001	DocumentChunk
DC_010_142_002	DocumentChunk
DC_010_142_003	DocumentChunk
DC_010_142_004	DocumentChunk
DC_010_142_005	DocumentChunk
DC_010_142_006	DocumentChunk
DC_010_142_007	DocumentChunk
DC_010_142_008	DocumentChunk
DC_010_142_009	DocumentChunk
DC_010_142_010	DocumentChunk
DC_010_142_011	DocumentChunk
DC_010_142_012	DocumentChunk
DC_010_142_013	DocumentChunk
DC_010_142_014	DocumentChunk
DC_010_142_015	DocumentChunk
DC_010_142_016	DocumentChunk
DC_010_142_017	DocumentChunk
DC_010_142_018	DocumentChunk
DC_010_142_019	DocumentChunk
DC_010_142_020	DocumentChunk
DC_010_142_021	DocumentChunk
DC_010_142_022	DocumentChunk
DC_010_142_023	DocumentChunk
DC_010_142_024	DocumentChunk
DC_010_142_025	DocumentChunk
DC_010_143_001	DocumentChunk
DC_010_143_002	DocumentChunk
DC_010_143_003	DocumentChunk
DC_010_143_004	DocumentChunk
DC_010_143_005	DocumentChunk
DC_010_143_006	DocumentChunk
DC_010_143_007	DocumentChunk
DC_010_143_008	DocumentChunk
DC_010_143_009	DocumentChunk
DC_010_143_010	DocumentChunk
DC_010_143_011	DocumentChunk
DC_010_143_012	DocumentChunk
DC_010_143_013	DocumentChunk
DC_010_143_014	DocumentChunk
DC_010_143_015	DocumentChunk
DC_010_143_016	DocumentChunk
DC_010_143_017	DocumentChunk
DC_010_143_018	DocumentChunk
DC_010_143_019	DocumentChunk
DC_010_143_020	DocumentChunk
DC_010_143_021	DocumentChunk
DC_010_143_022	DocumentChunk
DC_010_143_023	DocumentChunk
DC_010_143_024	DocumentChunk
DC_010_144_001	DocumentChunk
DC_010_144_002	DocumentChunk
DC_010_144_003	DocumentChunk
DC_010_144_004	DocumentChunk
DC_010_144_005	DocumentChunk
DC_010_144_006	DocumentChunk
DC_010_144_007	DocumentChunk
DC_010_144_008	DocumentChunk
DC_010_144_009	DocumentChunk
DC_010_144_010	DocumentChunk
DC_010_144_011	DocumentChunk
DC_010_144_012	DocumentChunk
DC_010_144_013	DocumentChunk
DC_010_144_014	DocumentChunk
DC_010_144_015	DocumentChunk
DC_010_144_016	DocumentChunk
DC_010_144_017	DocumentChunk
DC_010_144_018	DocumentChunk
DC_010_144_019	DocumentChunk
DC_010_144_020	DocumentChunk
DC_010_144_021	DocumentChunk
DC_010_144_022	DocumentChunk
DC_010_144_023	DocumentChunk
DC_010_145_001	DocumentChunk
DC_010_145_002	DocumentChunk
DC_010_145_003	DocumentChunk
DC_010_145_004	DocumentChunk
DC_010_145_005	DocumentChunk
DC_010_145_006	DocumentChunk
DC_010_145_007	DocumentChunk
DC_010_145_008	DocumentChunk
DC_010_145_009	DocumentChunk
DC_010_145_010	DocumentChunk
DC_010_145_011	DocumentChunk
DC_010_145_012	DocumentChunk
DC_010_145_013	DocumentChunk
DC_010_145_014	DocumentChunk
DC_010_145_015	DocumentChunk
DC_010_145_016	DocumentChunk
DC_010_145_017	DocumentChunk
DC_010_145_018	DocumentChunk
DC_010_145_019	DocumentChunk
DC_010_145_020	DocumentChunk
DC_010_145_021	DocumentChunk
DC_010_145_022	DocumentChunk
DC_010_145_023	DocumentChunk
DC_010_145_024	DocumentChunk
DC_010_145_025	DocumentChunk
DC_010_146_001	DocumentChunk
DC_010_146_002	DocumentChunk
DC_010_146_003	DocumentChunk
DC_010_146_004	DocumentChunk
DC_010_146_005	DocumentChunk
DC_010_146_006	DocumentChunk
DC_010_146_007	DocumentChunk
DC_010_146_008	DocumentChunk
DC_010_146_009	DocumentChunk
DC_010_146_010	DocumentChunk
DC_010_146_011	DocumentChunk
DC_010_146_012	DocumentChunk
DC_010_146_013	DocumentChunk
DC_010_146_014	DocumentChunk
DC_010_146_015	DocumentChunk
DC_010_146_016	DocumentChunk
DC_010_146_017	DocumentChunk
DC_010_146_018	DocumentChunk
DC_010_146_019	DocumentChunk
DC_010_146_020	DocumentChunk
DC_010_146_021	DocumentChunk
DC_010_146_022	DocumentChunk
DC_010_146_023	DocumentChunk
DC_010_146_024	DocumentChunk
DC_010_146_025	DocumentChunk
DC_010_146_026	DocumentChunk
DC_010_147_001	DocumentChunk
DC_010_147_002	DocumentChunk
DC_010_147_003	DocumentChunk
DC_010_147_004	DocumentChunk
DC_010_147_005	DocumentChunk
DC_010_147_006	DocumentChunk
DC_010_147_007	DocumentChunk
DC_010_147_008	DocumentChunk
DC_010_147_009	DocumentChunk
DC_010_147_010	DocumentChunk
DC_010_147_011	DocumentChunk
DC_010_147_012	DocumentChunk
DC_010_147_013	DocumentChunk
DC_010_147_014	DocumentChunk
DC_010_147_015	DocumentChunk
DC_010_147_016	DocumentChunk
DC_010_147_017	DocumentChunk
DC_010_147_018	DocumentChunk
DC_010_147_019	DocumentChunk
DC_010_147_020	DocumentChunk
DC_010_147_021	DocumentChunk
DC_010_147_022	DocumentChunk
DC_010_147_023	DocumentChunk
DC_010_147_024	DocumentChunk
DC_010_147_025	DocumentChunk
DC_010_148_001	DocumentChunk
DC_010_148_002	DocumentChunk
DC_010_148_003	DocumentChunk
DC_010_148_004	DocumentChunk
DC_010_148_005	DocumentChunk
DC_010_148_006	DocumentChunk
DC_010_148_007	DocumentChunk
DC_010_148_008	DocumentChunk
DC_010_148_009	DocumentChunk
DC_010_148_010	DocumentChunk
DC_010_148_011	DocumentChunk
DC_010_148_012	DocumentChunk
DC_010_148_013	DocumentChunk
DC_010_148_014	DocumentChunk
DC_010_148_015	DocumentChunk
DC_010_148_016	DocumentChunk
DC_010_148_017	DocumentChunk
DC_010_148_018	DocumentChunk
DC_010_148_019	DocumentChunk
DC_010_148_020	DocumentChunk
DC_010_148_021	DocumentChunk
DC_010_149_001	DocumentChunk
DC_010_149_002	DocumentChunk
DC_010_149_003	DocumentChunk
DC_010_149_004	DocumentChunk
DC_010_149_005	DocumentChunk
DC_010_149_006	DocumentChunk
DC_010_149_007	DocumentChunk
DC_010_149_008	DocumentChunk
DC_010_149_009	DocumentChunk
DC_010_149_010	DocumentChunk
DC_010_149_011	DocumentChunk
DC_010_149_012	DocumentChunk
DC_010_149_013	DocumentChunk
DC_010_149_014	DocumentChunk
DC_010_149_015	DocumentChunk
DC_010_149_016	DocumentChunk
DC_010_149_017	DocumentChunk
DC_010_149_018	DocumentChunk
DC_010_150_001	DocumentChunk
DC_010_150_002	DocumentChunk
DC_010_150_003	DocumentChunk
DC_011_151_001	DocumentChunk
DC_011_151_002	DocumentChunk
DC_011_151_003	DocumentChunk
DC_011_151_004	DocumentChunk
DC_011_151_005	DocumentChunk
DC_011_151_006	DocumentChunk
DC_011_151_007	DocumentChunk
DC_011_151_008	DocumentChunk
DC_011_151_009	DocumentChunk
DC_011_151_010	DocumentChunk
DC_011_151_011	DocumentChunk
DC_011_151_012	DocumentChunk
DC_011_151_013	DocumentChunk
DC_011_151_014	DocumentChunk
DC_011_151_015	DocumentChunk
DC_011_151_016	DocumentChunk
DC_011_151_017	DocumentChunk
DC_011_151_018	DocumentChunk
DC_011_151_019	DocumentChunk
DC_011_151_020	DocumentChunk
DC_011_151_021	DocumentChunk
DC_011_152_001	DocumentChunk
DC_011_152_002	DocumentChunk
DC_011_152_003	DocumentChunk
DC_011_152_004	DocumentChunk
DC_011_152_005	DocumentChunk
DC_011_152_006	DocumentChunk
DC_011_152_007	DocumentChunk
DC_011_152_008	DocumentChunk
DC_011_152_009	DocumentChunk
DC_011_152_010	DocumentChunk
DC_011_152_011	DocumentChunk
DC_011_152_012	DocumentChunk
DC_011_152_013	DocumentChunk
DC_011_152_014	DocumentChunk
DC_011_153_001	DocumentChunk
DC_011_153_002	DocumentChunk
DC_011_153_003	DocumentChunk
DC_011_153_004	DocumentChunk
DC_011_153_005	DocumentChunk
DC_011_153_006	DocumentChunk
DC_011_153_007	DocumentChunk
DC_011_153_008	DocumentChunk
DC_011_153_009	DocumentChunk
DC_011_153_010	DocumentChunk
DC_011_153_011	DocumentChunk
DC_011_153_012	DocumentChunk
DC_011_153_013	DocumentChunk
DC_011_153_014	DocumentChunk
DC_011_153_015	DocumentChunk
DC_011_153_016	DocumentChunk
DC_011_153_017	DocumentChunk
DC_011_153_018	DocumentChunk
DC_011_153_019	DocumentChunk
DC_011_153_020	DocumentChunk
DC_011_153_021	DocumentChunk
DC_011_153_022	DocumentChunk
DC_011_153_023	DocumentChunk
DC_011_154_001	DocumentChunk
DC_011_154_002	DocumentChunk
DC_011_154_003	DocumentChunk
DC_011_154_004	DocumentChunk
DC_011_154_005	DocumentChunk
DC_011_154_006	DocumentChunk
DC_011_154_007	DocumentChunk
DC_011_154_008	DocumentChunk
DC_011_154_009	DocumentChunk
DC_011_154_010	DocumentChunk
DC_011_154_011	DocumentChunk
DC_011_154_012	DocumentChunk
DC_011_154_013	DocumentChunk
DC_011_154_014	DocumentChunk
DC_011_154_015	DocumentChunk
DC_011_154_016	DocumentChunk
DC_011_154_017	DocumentChunk
DC_011_154_018	DocumentChunk
DC_011_154_019	DocumentChunk
DC_011_154_020	DocumentChunk
DC_011_154_021	DocumentChunk
DC_011_154_022	DocumentChunk
DC_011_154_023	DocumentChunk
DC_011_155_001	DocumentChunk
DC_011_155_002	DocumentChunk
DC_011_155_003	DocumentChunk
DC_011_155_004	DocumentChunk
DC_011_155_005	DocumentChunk
DC_011_155_006	DocumentChunk
DC_011_155_007	DocumentChunk
DC_011_155_008	DocumentChunk
DC_011_155_009	DocumentChunk
DC_011_155_010	DocumentChunk
DC_011_155_011	DocumentChunk
DC_011_155_012	DocumentChunk
DC_011_155_013	DocumentChunk
DC_011_155_014	DocumentChunk
DC_011_155_015	DocumentChunk
DC_011_155_016	DocumentChunk
DC_011_155_017	DocumentChunk
DC_011_155_018	DocumentChunk
DC_011_155_019	DocumentChunk
DC_011_155_020	DocumentChunk
DC_011_155_021	DocumentChunk
DC_011_155_022	DocumentChunk
DC_011_155_023	DocumentChunk
DC_011_155_024	DocumentChunk
DC_011_155_025	DocumentChunk
DC_011_156_001	DocumentChunk
DC_011_156_002	DocumentChunk
DC_011_156_003	DocumentChunk
DC_011_156_004	DocumentChunk
DC_011_156_005	DocumentChunk
DC_011_156_006	DocumentChunk
DC_011_156_007	DocumentChunk
DC_011_156_008	DocumentChunk
DC_011_156_009	DocumentChunk
DC_011_156_010	DocumentChunk
DC_011_156_011	DocumentChunk
DC_011_156_012	DocumentChunk
DC_011_156_013	DocumentChunk
DC_011_156_014	DocumentChunk
DC_011_156_015	DocumentChunk
DC_011_156_016	DocumentChunk
DC_011_156_017	DocumentChunk
DC_011_156_018	DocumentChunk
DC_011_157_001	DocumentChunk
DC_011_157_002	DocumentChunk
DC_011_157_003	DocumentChunk
DC_011_157_004	DocumentChunk
DC_011_157_005	DocumentChunk
DC_011_157_006	DocumentChunk
DC_011_157_007	DocumentChunk
DC_011_157_008	DocumentChunk
DC_011_157_009	DocumentChunk
DC_011_157_010	DocumentChunk
DC_011_157_011	DocumentChunk
DC_011_157_012	DocumentChunk
DC_011_157_013	DocumentChunk
DC_011_157_014	DocumentChunk
DC_011_157_015	DocumentChunk
DC_011_157_016	DocumentChunk
DC_011_157_017	DocumentChunk
DC_011_157_018	DocumentChunk
DC_011_157_019	DocumentChunk
DC_011_157_020	DocumentChunk
DC_011_158_001	DocumentChunk
DC_011_158_002	DocumentChunk
DC_011_158_003	DocumentChunk
DC_011_158_004	DocumentChunk
DC_011_158_005	DocumentChunk
DC_011_158_006	DocumentChunk
DC_011_158_007	DocumentChunk
DC_011_158_008	DocumentChunk
DC_011_158_009	DocumentChunk
DC_011_158_010	DocumentChunk
DC_011_159_001	DocumentChunk
DC_011_159_002	DocumentChunk
DC_011_159_003	DocumentChunk
DC_011_159_004	DocumentChunk
DC_011_159_005	DocumentChunk
DC_011_159_006	DocumentChunk
DC_011_160_001	DocumentChunk
DC_011_160_002	DocumentChunk
DC_011_160_003	DocumentChunk
DC_011_160_004	DocumentChunk
DC_011_160_005	DocumentChunk
DC_011_160_006	DocumentChunk
DC_011_160_007	DocumentChunk
DC_011_161_001	DocumentChunk
DC_011_161_002	DocumentChunk
DC_011_161_003	DocumentChunk
DC_011_161_004	DocumentChunk
DC_011_161_005	DocumentChunk
DC_011_161_006	DocumentChunk
DC_011_161_007	DocumentChunk
DC_011_161_008	DocumentChunk
DC_011_161_009	DocumentChunk
DC_011_162_001	DocumentChunk
DC_011_162_002	DocumentChunk
DC_011_162_003	DocumentChunk
DC_011_162_004	DocumentChunk
DC_011_162_005	DocumentChunk
DC_011_162_006	DocumentChunk
DC_011_163_001	DocumentChunk
DC_011_163_002	DocumentChunk
DC_011_163_003	DocumentChunk
DC_011_163_004	DocumentChunk
DC_011_163_005	DocumentChunk
DC_011_163_006	DocumentChunk
DC_011_163_007	DocumentChunk
DC_011_163_008	DocumentChunk
DC_011_163_009	DocumentChunk
DC_011_163_010	DocumentChunk
DC_011_164_001	DocumentChunk
DC_011_164_002	DocumentChunk
DC_011_164_003	DocumentChunk
DC_011_164_004	DocumentChunk
DC_011_164_005	DocumentChunk
DC_011_164_006	DocumentChunk
DC_011_164_007	DocumentChunk
DC_011_164_008	DocumentChunk
DC_011_165_001	DocumentChunk
DC_011_165_002	DocumentChunk
DC_011_165_003	DocumentChunk
DC_011_165_004	DocumentChunk
DC_011_165_005	DocumentChunk
DC_011_166_001	DocumentChunk
DC_011_166_002	DocumentChunk
DC_011_166_003	DocumentChunk
DC_011_166_004	DocumentChunk
DC_011_166_005	DocumentChunk
DC_011_166_006	DocumentChunk
DC_011_166_007	DocumentChunk
DC_011_166_008	DocumentChunk
DC_011_166_009	DocumentChunk
DC_011_166_010	DocumentChunk
DC_011_166_011	DocumentChunk
DC_011_166_012	DocumentChunk
DC_011_166_013	DocumentChunk
DC_011_167_001	DocumentChunk
DC_011_167_002	DocumentChunk
DC_011_167_003	DocumentChunk
DC_011_167_004	DocumentChunk
DC_011_167_005	DocumentChunk
DC_011_167_006	DocumentChunk
DC_011_167_007	DocumentChunk
DC_011_167_008	DocumentChunk
DC_011_167_009	DocumentChunk
DC_011_167_010	DocumentChunk
DC_011_167_011	DocumentChunk
DC_011_168_001	DocumentChunk
DC_011_168_002	DocumentChunk
DC_011_168_003	DocumentChunk
DC_011_168_004	DocumentChunk
DC_011_168_005	DocumentChunk
DC_011_168_006	DocumentChunk
DC_011_168_007	DocumentChunk
DC_011_168_008	DocumentChunk
DC_011_168_009	DocumentChunk
DC_011_168_010	DocumentChunk
DC_011_168_011	DocumentChunk
DC_011_168_012	DocumentChunk
DC_011_168_013	DocumentChunk
DC_011_168_014	DocumentChunk
DC_011_168_015	DocumentChunk
DC_011_169_001	DocumentChunk
DC_011_169_002	DocumentChunk
DC_011_169_003	DocumentChunk
DC_012_170_001	DocumentChunk
DC_012_170_002	DocumentChunk
DC_012_170_003	DocumentChunk
DC_012_170_004	DocumentChunk
DC_012_170_005	DocumentChunk
DC_012_170_006	DocumentChunk
DC_012_171_001	DocumentChunk
DC_012_171_002	DocumentChunk
DC_012_172_001	DocumentChunk
DC_012_172_002	DocumentChunk
DC_012_172_003	DocumentChunk
DC_012_172_004	DocumentChunk
DC_012_172_005	DocumentChunk
DC_012_172_006	DocumentChunk
DC_012_173_001	DocumentChunk
DC_012_173_002	DocumentChunk
DC_012_173_003	DocumentChunk
DC_012_173_004	DocumentChunk
DC_012_173_005	DocumentChunk
DC_012_174_001	DocumentChunk
DC_012_174_002	DocumentChunk
DC_012_174_003	DocumentChunk
DC_012_174_004	DocumentChunk
DC_012_175_001	DocumentChunk
DC_012_176_001	DocumentChunk
DC_012_177_001	DocumentChunk
DC_012_178_001	DocumentChunk
DC_012_178_002	DocumentChunk
DC_013_179_001	DocumentChunk
DC_013_179_002	DocumentChunk
DC_013_179_003	DocumentChunk
DC_013_180_001	DocumentChunk
DC_013_180_002	DocumentChunk
DC_013_181_001	DocumentChunk
DC_013_182_001	DocumentChunk
DC_013_182_002	DocumentChunk
DC_013_182_003	DocumentChunk
DC_014_183_001	DocumentChunk
DC_014_183_002	DocumentChunk
DC_015_185_001	DocumentChunk
DC_015_185_002	DocumentChunk
DC_015_185_003	DocumentChunk
DC_015_185_004	DocumentChunk
DC_015_185_005	DocumentChunk
DC_015_185_006	DocumentChunk
DC_015_186_001	DocumentChunk
DC_015_186_002	DocumentChunk
DC_015_186_003	DocumentChunk
DC_015_186_004	DocumentChunk
DC_015_187_001	DocumentChunk
DC_015_187_002	DocumentChunk
DC_015_187_003	DocumentChunk
DC_015_187_004	DocumentChunk
DC_015_188_001	DocumentChunk
DC_015_188_002	DocumentChunk
DC_015_189_001	DocumentChunk
DC_015_190_001	DocumentChunk
DC_015_191_001	DocumentChunk
DC_015_191_002	DocumentChunk
DC_015_191_003	DocumentChunk
DC_015_191_004	DocumentChunk
DC_015_191_005	DocumentChunk
DC_015_191_006	DocumentChunk
DC_015_191_007	DocumentChunk
DC_015_191_008	DocumentChunk
DC_015_192_001	DocumentChunk
DC_015_192_002	DocumentChunk
DC_015_192_003	DocumentChunk
DC_015_192_004	DocumentChunk
DC_015_193_001	DocumentChunk
DC_015_193_002	DocumentChunk
DC_015_194_001	DocumentChunk
DC_015_194_002	DocumentChunk
DC_015_194_003	DocumentChunk
DC_015_194_004	DocumentChunk
DC_015_195_001	DocumentChunk
DC_015_195_002	DocumentChunk
DC_015_195_003	DocumentChunk
DC_015_195_004	DocumentChunk
DC_015_196_001	DocumentChunk
DC_015_196_002	DocumentChunk
DC_015_196_003	DocumentChunk
DC_015_197_001	DocumentChunk
DC_015_197_002	DocumentChunk
DC_015_198_001	DocumentChunk
DC_015_199_001	DocumentChunk
DC_015_200_001	DocumentChunk
DC_015_201_001	DocumentChunk
DC_015_202_001	DocumentChunk
DC_015_203_001	DocumentChunk
DC_015_204_001	DocumentChunk
DC_015_205_001	DocumentChunk
DC_015_206_001	DocumentChunk
DC_015_207_001	DocumentChunk
DC_015_208_001	DocumentChunk
DC_015_209_001	DocumentChunk
DC_015_210_001	DocumentChunk
DC_015_211_001	DocumentChunk
DC_015_212_001	DocumentChunk
DC_015_213_001	DocumentChunk
DC_015_214_001	DocumentChunk
DC_015_215_001	DocumentChunk
DC_015_216_001	DocumentChunk
DC_015_217_001	DocumentChunk
DC_015_218_001	DocumentChunk
DC_015_219_001	DocumentChunk
DC_015_220_001	DocumentChunk
DC_015_220_002	DocumentChunk
DC_015_220_003	DocumentChunk
DC_015_220_004	DocumentChunk
DC_015_221_001	DocumentChunk
DC_015_221_002	DocumentChunk
DC_015_221_003	DocumentChunk
DC_015_221_004	DocumentChunk
DC_015_221_005	DocumentChunk
DC_015_221_006	DocumentChunk
DC_015_221_007	DocumentChunk
DOC_001	DocumentSource
DR_003	DispositionRule
DR_004	DispositionRule
DR_005	DispositionRule
DR_006	DispositionRule
DR_007	DispositionRule
DR_008	DispositionRule
DR_009	DispositionRule
DR_010	DispositionRule
DR_013	DispositionRule
DR_014	DispositionRule
DR_015	DispositionRule
DR_020	DispositionRule
DR_021	DispositionRule
DR_023	DispositionRule
DR_024	DispositionRule
DR_025	DispositionRule
DR_026	DispositionRule
DR_027	DispositionRule
DR_028	DispositionRule
DR_029	DispositionRule
DR_030	DispositionRule
DR_031	DispositionRule
DR_033	DispositionRule
DR_035	DispositionRule
DR_036	DispositionRule
DR_037	DispositionRule
DR_044	DispositionRule
DR_048	DispositionRule
DR_049	DispositionRule
DR_050	DispositionRule
DR_051	DispositionRule
DR_052	DispositionRule
DR_053	DispositionRule
DR_054	DispositionRule
DR_056	DispositionRule
DR_057	DispositionRule
DR_058	DispositionRule
DR_059	DispositionRule
DR_060	DispositionRule
DR_061	DispositionRule
DR_063	DispositionRule
DR_065	DispositionRule
DR_066	DispositionRule
DR_067	DispositionRule
DR_068	DispositionRule
DR_069	DispositionRule
DR_071	DispositionRule
DR_072	DispositionRule
DR_073	DispositionRule
DR_074	DispositionRule
DR_075	DispositionRule
DR_076	DispositionRule
DR_077	DispositionRule
DR_078	DispositionRule
DR_079	DispositionRule
DR_080	DispositionRule
DR_081	DispositionRule
DR_082	DispositionRule
DR_086	DispositionRule
DR_087	DispositionRule
DR_088	DispositionRule
DR_089	DispositionRule
DR_092	DispositionRule
DR_093	DispositionRule
DR_096	DispositionRule
DR_097	DispositionRule
DR_099	DispositionRule
DR_100	DispositionRule
DR_1000	DispositionRule
DR_1001	DispositionRule
DR_1002	DispositionRule
DR_1003	DispositionRule
DR_1004	DispositionRule
DR_1005	DispositionRule
DR_1006	DispositionRule
DR_1007	DispositionRule
DR_1008	DispositionRule
DR_1009	DispositionRule
DR_101	DispositionRule
DR_1010	DispositionRule
DR_1011	DispositionRule
DR_1012	DispositionRule
DR_1013	DispositionRule
DR_1014	DispositionRule
DR_1015	DispositionRule
DR_1016	DispositionRule
DR_1017	DispositionRule
DR_1018	DispositionRule
DR_1019	DispositionRule
DR_102	DispositionRule
DR_1020	DispositionRule
DR_1021	DispositionRule
DR_1022	DispositionRule
DR_1023	DispositionRule
DR_1024	DispositionRule
DR_1025	DispositionRule
DR_1026	DispositionRule
DR_1027	DispositionRule
DR_1028	DispositionRule
DR_1029	DispositionRule
DR_103	DispositionRule
DR_1030	DispositionRule
DR_1031	DispositionRule
DR_1032	DispositionRule
DR_1033	DispositionRule
DR_1034	DispositionRule
DR_1035	DispositionRule
DR_1036	DispositionRule
DR_1037	DispositionRule
DR_1038	DispositionRule
DR_1039	DispositionRule
DR_1040	DispositionRule
DR_1041	DispositionRule
DR_1042	DispositionRule
DR_1043	DispositionRule
DR_1044	DispositionRule
DR_1045	DispositionRule
DR_1046	DispositionRule
DR_1047	DispositionRule
DR_1048	DispositionRule
DR_1049	DispositionRule
DR_105	DispositionRule
DR_1050	DispositionRule
DR_1051	DispositionRule
DR_1052	DispositionRule
DR_1053	DispositionRule
DR_1054	DispositionRule
DR_1055	DispositionRule
DR_1056	DispositionRule
DR_1057	DispositionRule
DR_1058	DispositionRule
DR_1059	DispositionRule
DR_106	DispositionRule
DR_1060	DispositionRule
DR_1061	DispositionRule
DR_1062	DispositionRule
DR_1063	DispositionRule
DR_1064	DispositionRule
DR_1065	DispositionRule
DR_1066	DispositionRule
DR_1067	DispositionRule
DR_1068	DispositionRule
DR_1069	DispositionRule
DR_1070	DispositionRule
DR_1071	DispositionRule
DR_1072	DispositionRule
DR_1073	DispositionRule
DR_1074	DispositionRule
DR_1075	DispositionRule
DR_1076	DispositionRule
DR_1077	DispositionRule
DR_1078	DispositionRule
DR_1079	DispositionRule
DR_1080	DispositionRule
DR_1081	DispositionRule
DR_1082	DispositionRule
DR_1083	DispositionRule
DR_1084	DispositionRule
DR_1085	DispositionRule
DR_1086	DispositionRule
DR_1087	DispositionRule
DR_1088	DispositionRule
DR_1089	DispositionRule
DR_1090	DispositionRule
DR_1091	DispositionRule
DR_1092	DispositionRule
DR_1093	DispositionRule
DR_1094	DispositionRule
DR_1095	DispositionRule
DR_1096	DispositionRule
DR_1097	DispositionRule
DR_1098	DispositionRule
DR_1099	DispositionRule
DR_110	DispositionRule
DR_1100	DispositionRule
DR_1101	DispositionRule
DR_1102	DispositionRule
DR_1103	DispositionRule
DR_1104	DispositionRule
DR_1105	DispositionRule
DR_1106	DispositionRule
DR_1107	DispositionRule
DR_1108	DispositionRule
DR_1109	DispositionRule
DR_111	DispositionRule
DR_1110	DispositionRule
DR_1111	DispositionRule
DR_1112	DispositionRule
DR_1113	DispositionRule
DR_1114	DispositionRule
DR_1115	DispositionRule
DR_1116	DispositionRule
DR_1117	DispositionRule
DR_1118	DispositionRule
DR_1119	DispositionRule
DR_1120	DispositionRule
DR_1121	DispositionRule
DR_1122	DispositionRule
DR_1123	DispositionRule
DR_1124	DispositionRule
DR_1125	DispositionRule
DR_1126	DispositionRule
DR_1127	DispositionRule
DR_1128	DispositionRule
DR_1129	DispositionRule
DR_113	DispositionRule
DR_1130	DispositionRule
DR_1131	DispositionRule
DR_1132	DispositionRule
DR_1133	DispositionRule
DR_1134	DispositionRule
DR_1135	DispositionRule
DR_1136	DispositionRule
DR_1137	DispositionRule
DR_1138	DispositionRule
DR_1139	DispositionRule
DR_114	DispositionRule
DR_1140	DispositionRule
DR_1141	DispositionRule
DR_1142	DispositionRule
DR_1143	DispositionRule
DR_1144	DispositionRule
DR_1145	DispositionRule
DR_1146	DispositionRule
DR_1147	DispositionRule
DR_1148	DispositionRule
DR_1149	DispositionRule
DR_1150	DispositionRule
DR_1151	DispositionRule
DR_1152	DispositionRule
DR_1153	DispositionRule
DR_1154	DispositionRule
DR_1155	DispositionRule
DR_1156	DispositionRule
DR_1157	DispositionRule
DR_1158	DispositionRule
DR_1159	DispositionRule
DR_1160	DispositionRule
DR_1161	DispositionRule
DR_1162	DispositionRule
DR_1163	DispositionRule
DR_1164	DispositionRule
DR_1165	DispositionRule
DR_1166	DispositionRule
DR_1167	DispositionRule
DR_1168	DispositionRule
DR_1169	DispositionRule
DR_1170	DispositionRule
DR_1171	DispositionRule
DR_1172	DispositionRule
DR_1173	DispositionRule
DR_1174	DispositionRule
DR_1175	DispositionRule
DR_1176	DispositionRule
DR_1177	DispositionRule
DR_1178	DispositionRule
DR_1179	DispositionRule
DR_118	DispositionRule
DR_1180	DispositionRule
DR_1181	DispositionRule
DR_1182	DispositionRule
DR_1183	DispositionRule
DR_1184	DispositionRule
DR_1185	DispositionRule
DR_1186	DispositionRule
DR_1187	DispositionRule
DR_1188	DispositionRule
DR_1189	DispositionRule
DR_119	DispositionRule
DR_1190	DispositionRule
DR_1191	DispositionRule
DR_1192	DispositionRule
DR_1193	DispositionRule
DR_1194	DispositionRule
DR_1195	DispositionRule
DR_1196	DispositionRule
DR_1197	DispositionRule
DR_1198	DispositionRule
DR_1199	DispositionRule
DR_120	DispositionRule
DR_1200	DispositionRule
DR_1201	DispositionRule
DR_1202	DispositionRule
DR_1203	DispositionRule
DR_1204	DispositionRule
DR_1205	DispositionRule
DR_1206	DispositionRule
DR_1207	DispositionRule
DR_1208	DispositionRule
DR_1209	DispositionRule
DR_121	DispositionRule
DR_1210	DispositionRule
DR_1211	DispositionRule
DR_1212	DispositionRule
DR_1213	DispositionRule
DR_1214	DispositionRule
DR_1215	DispositionRule
DR_1216	DispositionRule
DR_1217	DispositionRule
DR_1218	DispositionRule
DR_1219	DispositionRule
DR_122	DispositionRule
DR_1220	DispositionRule
DR_1221	DispositionRule
DR_1222	DispositionRule
DR_1223	DispositionRule
DR_1224	DispositionRule
DR_1225	DispositionRule
DR_1226	DispositionRule
DR_1227	DispositionRule
DR_1228	DispositionRule
DR_1229	DispositionRule
DR_1230	DispositionRule
DR_1231	DispositionRule
DR_1232	DispositionRule
DR_1233	DispositionRule
DR_1234	DispositionRule
DR_1235	DispositionRule
DR_1236	DispositionRule
DR_1237	DispositionRule
DR_1238	DispositionRule
DR_1239	DispositionRule
DR_124	DispositionRule
DR_1240	DispositionRule
DR_1241	DispositionRule
DR_1242	DispositionRule
DR_1243	DispositionRule
DR_1244	DispositionRule
DR_1245	DispositionRule
DR_1246	DispositionRule
DR_1247	DispositionRule
DR_1248	DispositionRule
DR_1249	DispositionRule
DR_125	DispositionRule
DR_1250	DispositionRule
DR_1251	DispositionRule
DR_1252	DispositionRule
DR_1253	DispositionRule
DR_1254	DispositionRule
DR_1255	DispositionRule
DR_1256	DispositionRule
DR_1257	DispositionRule
DR_1258	DispositionRule
DR_1259	DispositionRule
DR_1260	DispositionRule
DR_1261	DispositionRule
DR_1262	DispositionRule
DR_1263	DispositionRule
DR_1264	DispositionRule
DR_1265	DispositionRule
DR_1266	DispositionRule
DR_1267	DispositionRule
DR_1268	DispositionRule
DR_1269	DispositionRule
DR_1270	DispositionRule
DR_1271	DispositionRule
DR_1272	DispositionRule
DR_1273	DispositionRule
DR_1274	DispositionRule
DR_1275	DispositionRule
DR_1276	DispositionRule
DR_1277	DispositionRule
DR_1278	DispositionRule
DR_1279	DispositionRule
DR_128	DispositionRule
DR_1280	DispositionRule
DR_1281	DispositionRule
DR_1282	DispositionRule
DR_1283	DispositionRule
DR_1284	DispositionRule
DR_1285	DispositionRule
DR_1286	DispositionRule
DR_1287	DispositionRule
DR_1288	DispositionRule
DR_1289	DispositionRule
DR_129	DispositionRule
DR_1290	DispositionRule
DR_1291	DispositionRule
DR_1292	DispositionRule
DR_1293	DispositionRule
DR_1294	DispositionRule
DR_1295	DispositionRule
DR_1296	DispositionRule
DR_1297	DispositionRule
DR_1298	DispositionRule
DR_1299	DispositionRule
DR_1300	DispositionRule
DR_1301	DispositionRule
DR_1302	DispositionRule
DR_1303	DispositionRule
DR_1304	DispositionRule
DR_1305	DispositionRule
DR_1306	DispositionRule
DR_1307	DispositionRule
DR_1308	DispositionRule
DR_1309	DispositionRule
DR_1310	DispositionRule
DR_1311	DispositionRule
DR_1312	DispositionRule
DR_1313	DispositionRule
DR_1314	DispositionRule
DR_1315	DispositionRule
DR_1316	DispositionRule
DR_1317	DispositionRule
DR_1318	DispositionRule
DR_1319	DispositionRule
DR_1320	DispositionRule
DR_1321	DispositionRule
DR_1322	DispositionRule
DR_1323	DispositionRule
DR_1324	DispositionRule
DR_1325	DispositionRule
DR_1326	DispositionRule
DR_1327	DispositionRule
DR_1328	DispositionRule
DR_1329	DispositionRule
DR_1330	DispositionRule
DR_1331	DispositionRule
DR_1332	DispositionRule
DR_1333	DispositionRule
DR_1334	DispositionRule
DR_1335	DispositionRule
DR_1336	DispositionRule
DR_1337	DispositionRule
DR_1338	DispositionRule
DR_1339	DispositionRule
DR_1340	DispositionRule
DR_1341	DispositionRule
DR_1342	DispositionRule
DR_1343	DispositionRule
DR_1344	DispositionRule
DR_1345	DispositionRule
DR_1346	DispositionRule
DR_1347	DispositionRule
DR_1348	DispositionRule
DR_1349	DispositionRule
DR_135	DispositionRule
DR_1350	DispositionRule
DR_1351	DispositionRule
DR_1352	DispositionRule
DR_136	DispositionRule
DR_137	DispositionRule
DR_141	DispositionRule
DR_146	DispositionRule
DR_147	DispositionRule
DR_150	DispositionRule
DR_155	DispositionRule
DR_159	DispositionRule
DR_160	DispositionRule
DR_168	DispositionRule
DR_169	DispositionRule
DR_171	DispositionRule
DR_172	DispositionRule
DR_173	DispositionRule
DR_174	DispositionRule
DR_175	DispositionRule
DR_176	DispositionRule
DR_177	DispositionRule
DR_178	DispositionRule
DR_180	DispositionRule
DR_181	DispositionRule
DR_182	DispositionRule
DR_183	DispositionRule
DR_184	DispositionRule
DR_185	DispositionRule
DR_186	DispositionRule
DR_187	DispositionRule
DR_188	DispositionRule
DR_189	DispositionRule
DR_190	DispositionRule
DR_191	DispositionRule
DR_192	DispositionRule
DR_193	DispositionRule
DR_194	DispositionRule
DR_195	DispositionRule
DR_196	DispositionRule
DR_197	DispositionRule
DR_198	DispositionRule
DR_199	DispositionRule
DR_200	DispositionRule
DR_201	DispositionRule
DR_202	DispositionRule
DR_203	DispositionRule
DR_204	DispositionRule
DR_205	DispositionRule
DR_206	DispositionRule
DR_207	DispositionRule
DR_208	DispositionRule
DR_209	DispositionRule
DR_210	DispositionRule
DR_211	DispositionRule
DR_212	DispositionRule
DR_213	DispositionRule
DR_214	DispositionRule
DR_215	DispositionRule
DR_216	DispositionRule
DR_217	DispositionRule
DR_218	DispositionRule
DR_219	DispositionRule
DR_220	DispositionRule
DR_221	DispositionRule
DR_222	DispositionRule
DR_223	DispositionRule
DR_224	DispositionRule
DR_225	DispositionRule
DR_226	DispositionRule
DR_227	DispositionRule
DR_228	DispositionRule
DR_229	DispositionRule
DR_230	DispositionRule
DR_231	DispositionRule
DR_232	DispositionRule
DR_233	DispositionRule
DR_234	DispositionRule
DR_235	DispositionRule
DR_236	DispositionRule
DR_237	DispositionRule
DR_238	DispositionRule
DR_239	DispositionRule
DR_240	DispositionRule
DR_241	DispositionRule
DR_242	DispositionRule
DR_243	DispositionRule
DR_244	DispositionRule
DR_245	DispositionRule
DR_246	DispositionRule
DR_247	DispositionRule
DR_248	DispositionRule
DR_249	DispositionRule
DR_250	DispositionRule
DR_251	DispositionRule
DR_252	DispositionRule
DR_253	DispositionRule
DR_254	DispositionRule
DR_255	DispositionRule
DR_256	DispositionRule
DR_257	DispositionRule
DR_258	DispositionRule
DR_259	DispositionRule
DR_260	DispositionRule
DR_261	DispositionRule
DR_262	DispositionRule
DR_263	DispositionRule
DR_264	DispositionRule
DR_265	DispositionRule
DR_266	DispositionRule
DR_267	DispositionRule
DR_268	DispositionRule
DR_269	DispositionRule
DR_270	DispositionRule
DR_271	DispositionRule
DR_272	DispositionRule
DR_273	DispositionRule
DR_274	DispositionRule
DR_275	DispositionRule
DR_276	DispositionRule
DR_277	DispositionRule
DR_278	DispositionRule
DR_279	DispositionRule
DR_280	DispositionRule
DR_281	DispositionRule
DR_282	DispositionRule
DR_283	DispositionRule
DR_284	DispositionRule
DR_285	DispositionRule
DR_286	DispositionRule
DR_287	DispositionRule
DR_288	DispositionRule
DR_289	DispositionRule
DR_290	DispositionRule
DR_291	DispositionRule
DR_292	DispositionRule
DR_293	DispositionRule
DR_294	DispositionRule
DR_295	DispositionRule
DR_296	DispositionRule
DR_297	DispositionRule
DR_298	DispositionRule
DR_299	DispositionRule
DR_300	DispositionRule
DR_301	DispositionRule
DR_302	DispositionRule
DR_303	DispositionRule
DR_304	DispositionRule
DR_305	DispositionRule
DR_306	DispositionRule
DR_307	DispositionRule
DR_308	DispositionRule
DR_309	DispositionRule
DR_310	DispositionRule
DR_311	DispositionRule
DR_312	DispositionRule
DR_313	DispositionRule
DR_314	DispositionRule
DR_315	DispositionRule
DR_316	DispositionRule
DR_317	DispositionRule
DR_318	DispositionRule
DR_319	DispositionRule
DR_320	DispositionRule
DR_321	DispositionRule
DR_322	DispositionRule
DR_323	DispositionRule
DR_324	DispositionRule
DR_325	DispositionRule
DR_326	DispositionRule
DR_327	DispositionRule
DR_328	DispositionRule
DR_329	DispositionRule
DR_330	DispositionRule
DR_331	DispositionRule
DR_332	DispositionRule
DR_333	DispositionRule
DR_334	DispositionRule
DR_335	DispositionRule
DR_336	DispositionRule
DR_337	DispositionRule
DR_338	DispositionRule
DR_339	DispositionRule
DR_340	DispositionRule
DR_341	DispositionRule
DR_342	DispositionRule
DR_343	DispositionRule
DR_344	DispositionRule
DR_345	DispositionRule
DR_346	DispositionRule
DR_347	DispositionRule
DR_348	DispositionRule
DR_349	DispositionRule
DR_350	DispositionRule
DR_351	DispositionRule
DR_352	DispositionRule
DR_353	DispositionRule
DR_354	DispositionRule
DR_355	DispositionRule
DR_356	DispositionRule
DR_357	DispositionRule
DR_358	DispositionRule
DR_359	DispositionRule
DR_360	DispositionRule
DR_361	DispositionRule
DR_362	DispositionRule
DR_363	DispositionRule
DR_364	DispositionRule
DR_365	DispositionRule
DR_366	DispositionRule
DR_367	DispositionRule
DR_368	DispositionRule
DR_369	DispositionRule
DR_370	DispositionRule
DR_371	DispositionRule
DR_372	DispositionRule
DR_373	DispositionRule
DR_374	DispositionRule
DR_375	DispositionRule
DR_376	DispositionRule
DR_377	DispositionRule
DR_378	DispositionRule
DR_379	DispositionRule
DR_380	DispositionRule
DR_381	DispositionRule
DR_382	DispositionRule
DR_383	DispositionRule
DR_384	DispositionRule
DR_385	DispositionRule
DR_386	DispositionRule
DR_387	DispositionRule
DR_388	DispositionRule
DR_389	DispositionRule
DR_390	DispositionRule
DR_391	DispositionRule
DR_392	DispositionRule
DR_393	DispositionRule
DR_394	DispositionRule
DR_395	DispositionRule
DR_396	DispositionRule
DR_397	DispositionRule
DR_398	DispositionRule
DR_399	DispositionRule
DR_400	DispositionRule
DR_401	DispositionRule
DR_402	DispositionRule
DR_403	DispositionRule
DR_404	DispositionRule
DR_405	DispositionRule
DR_406	DispositionRule
DR_409	DispositionRule
DR_410	DispositionRule
DR_411	DispositionRule
DR_412	DispositionRule
DR_413	DispositionRule
DR_414	DispositionRule
DR_415	DispositionRule
DR_416	DispositionRule
DR_417	DispositionRule
DR_418	DispositionRule
DR_419	DispositionRule
DR_420	DispositionRule
DR_421	DispositionRule
DR_422	DispositionRule
DR_423	DispositionRule
DR_424	DispositionRule
DR_425	DispositionRule
DR_426	DispositionRule
DR_427	DispositionRule
DR_428	DispositionRule
DR_429	DispositionRule
DR_430	DispositionRule
DR_431	DispositionRule
DR_432	DispositionRule
DR_433	DispositionRule
DR_434	DispositionRule
DR_435	DispositionRule
DR_436	DispositionRule
DR_437	DispositionRule
DR_438	DispositionRule
DR_439	DispositionRule
DR_440	DispositionRule
DR_441	DispositionRule
DR_442	DispositionRule
DR_443	DispositionRule
DR_444	DispositionRule
DR_445	DispositionRule
DR_446	DispositionRule
DR_447	DispositionRule
DR_448	DispositionRule
DR_449	DispositionRule
DR_450	DispositionRule
DR_451	DispositionRule
DR_452	DispositionRule
DR_453	DispositionRule
DR_454	DispositionRule
DR_455	DispositionRule
DR_456	DispositionRule
DR_457	DispositionRule
DR_458	DispositionRule
DR_459	DispositionRule
DR_460	DispositionRule
DR_461	DispositionRule
DR_462	DispositionRule
DR_463	DispositionRule
DR_464	DispositionRule
DR_465	DispositionRule
DR_466	DispositionRule
DR_467	DispositionRule
DR_468	DispositionRule
DR_469	DispositionRule
DR_470	DispositionRule
DR_471	DispositionRule
DR_472	DispositionRule
DR_473	DispositionRule
DR_474	DispositionRule
DR_475	DispositionRule
DR_476	DispositionRule
DR_477	DispositionRule
DR_478	DispositionRule
DR_479	DispositionRule
DR_480	DispositionRule
DR_481	DispositionRule
DR_482	DispositionRule
DR_483	DispositionRule
DR_484	DispositionRule
DR_485	DispositionRule
DR_486	DispositionRule
DR_487	DispositionRule
DR_488	DispositionRule
DR_489	DispositionRule
DR_490	DispositionRule
DR_491	DispositionRule
DR_492	DispositionRule
DR_493	DispositionRule
DR_494	DispositionRule
DR_495	DispositionRule
DR_496	DispositionRule
DR_497	DispositionRule
DR_498	DispositionRule
DR_499	DispositionRule
DR_500	DispositionRule
DR_501	DispositionRule
DR_502	DispositionRule
DR_503	DispositionRule
DR_504	DispositionRule
DR_505	DispositionRule
DR_506	DispositionRule
DR_507	DispositionRule
DR_508	DispositionRule
DR_509	DispositionRule
DR_510	DispositionRule
DR_511	DispositionRule
DR_512	DispositionRule
DR_513	DispositionRule
DR_514	DispositionRule
DR_515	DispositionRule
DR_516	DispositionRule
DR_517	DispositionRule
DR_518	DispositionRule
DR_519	DispositionRule
DR_520	DispositionRule
DR_521	DispositionRule
DR_522	DispositionRule
DR_523	DispositionRule
DR_524	DispositionRule
DR_525	DispositionRule
DR_526	DispositionRule
DR_527	DispositionRule
DR_528	DispositionRule
DR_529	DispositionRule
DR_530	DispositionRule
DR_531	DispositionRule
DR_532	DispositionRule
DR_533	DispositionRule
DR_534	DispositionRule
DR_535	DispositionRule
DR_536	DispositionRule
DR_537	DispositionRule
DR_538	DispositionRule
DR_539	DispositionRule
DR_540	DispositionRule
DR_541	DispositionRule
DR_542	DispositionRule
DR_543	DispositionRule
DR_544	DispositionRule
DR_545	DispositionRule
DR_546	DispositionRule
DR_547	DispositionRule
DR_548	DispositionRule
DR_549	DispositionRule
DR_550	DispositionRule
DR_551	DispositionRule
DR_552	DispositionRule
DR_553	DispositionRule
DR_554	DispositionRule
DR_555	DispositionRule
DR_556	DispositionRule
DR_557	DispositionRule
DR_558	DispositionRule
DR_559	DispositionRule
DR_560	DispositionRule
DR_561	DispositionRule
DR_562	DispositionRule
DR_563	DispositionRule
DR_564	DispositionRule
DR_565	DispositionRule
DR_566	DispositionRule
DR_567	DispositionRule
DR_568	DispositionRule
DR_569	DispositionRule
DR_570	DispositionRule
DR_571	DispositionRule
DR_572	DispositionRule
DR_573	DispositionRule
DR_574	DispositionRule
DR_575	DispositionRule
DR_576	DispositionRule
DR_577	DispositionRule
DR_578	DispositionRule
DR_579	DispositionRule
DR_580	DispositionRule
DR_581	DispositionRule
DR_582	DispositionRule
DR_583	DispositionRule
DR_584	DispositionRule
DR_585	DispositionRule
DR_586	DispositionRule
DR_587	DispositionRule
DR_588	DispositionRule
DR_589	DispositionRule
DR_590	DispositionRule
DR_591	DispositionRule
DR_592	DispositionRule
DR_593	DispositionRule
DR_594	DispositionRule
DR_595	DispositionRule
DR_596	DispositionRule
DR_597	DispositionRule
DR_598	DispositionRule
DR_599	DispositionRule
DR_600	DispositionRule
DR_601	DispositionRule
DR_602	DispositionRule
DR_603	DispositionRule
DR_604	DispositionRule
DR_605	DispositionRule
DR_606	DispositionRule
DR_607	DispositionRule
DR_608	DispositionRule
DR_609	DispositionRule
DR_610	DispositionRule
DR_611	DispositionRule
DR_612	DispositionRule
DR_613	DispositionRule
DR_614	DispositionRule
DR_615	DispositionRule
DR_616	DispositionRule
DR_617	DispositionRule
DR_618	DispositionRule
DR_619	DispositionRule
DR_620	DispositionRule
DR_621	DispositionRule
DR_622	DispositionRule
DR_623	DispositionRule
DR_624	DispositionRule
DR_625	DispositionRule
DR_626	DispositionRule
DR_627	DispositionRule
DR_628	DispositionRule
DR_629	DispositionRule
DR_630	DispositionRule
DR_631	DispositionRule
DR_632	DispositionRule
DR_633	DispositionRule
DR_634	DispositionRule
DR_635	DispositionRule
DR_636	DispositionRule
DR_637	DispositionRule
DR_638	DispositionRule
DR_639	DispositionRule
DR_640	DispositionRule
DR_641	DispositionRule
DR_642	DispositionRule
DR_643	DispositionRule
DR_644	DispositionRule
DR_645	DispositionRule
DR_646	DispositionRule
DR_647	DispositionRule
DR_648	DispositionRule
DR_649	DispositionRule
DR_650	DispositionRule
DR_651	DispositionRule
DR_652	DispositionRule
DR_653	DispositionRule
DR_654	DispositionRule
DR_655	DispositionRule
DR_656	DispositionRule
DR_657	DispositionRule
DR_658	DispositionRule
DR_659	DispositionRule
DR_660	DispositionRule
DR_661	DispositionRule
DR_662	DispositionRule
DR_663	DispositionRule
DR_664	DispositionRule
DR_665	DispositionRule
DR_666	DispositionRule
DR_667	DispositionRule
DR_668	DispositionRule
DR_669	DispositionRule
DR_670	DispositionRule
DR_671	DispositionRule
DR_672	DispositionRule
DR_673	DispositionRule
DR_674	DispositionRule
DR_675	DispositionRule
DR_676	DispositionRule
DR_677	DispositionRule
DR_678	DispositionRule
DR_679	DispositionRule
DR_680	DispositionRule
DR_681	DispositionRule
DR_682	DispositionRule
DR_683	DispositionRule
DR_684	DispositionRule
DR_685	DispositionRule
DR_686	DispositionRule
DR_687	DispositionRule
DR_688	DispositionRule
DR_689	DispositionRule
DR_690	DispositionRule
DR_691	DispositionRule
DR_692	DispositionRule
DR_693	DispositionRule
DR_694	DispositionRule
DR_695	DispositionRule
DR_696	DispositionRule
DR_697	DispositionRule
DR_698	DispositionRule
DR_699	DispositionRule
DR_700	DispositionRule
DR_701	DispositionRule
DR_702	DispositionRule
DR_703	DispositionRule
DR_704	DispositionRule
DR_705	DispositionRule
DR_706	DispositionRule
DR_707	DispositionRule
DR_709	DispositionRule
DR_711	DispositionRule
DR_713	DispositionRule
DR_714	DispositionRule
DR_768	DispositionRule
DR_769	DispositionRule
DR_770	DispositionRule
DR_771	DispositionRule
DR_772	DispositionRule
DR_773	DispositionRule
DR_774	DispositionRule
DR_775	DispositionRule
DR_776	DispositionRule
DR_777	DispositionRule
DR_778	DispositionRule
DR_779	DispositionRule
DR_780	DispositionRule
DR_781	DispositionRule
DR_782	DispositionRule
DR_783	DispositionRule
DR_784	DispositionRule
DR_785	DispositionRule
DR_786	DispositionRule
DR_787	DispositionRule
DR_788	DispositionRule
DR_789	DispositionRule
DR_790	DispositionRule
DR_791	DispositionRule
DR_792	DispositionRule
DR_793	DispositionRule
DR_794	DispositionRule
DR_795	DispositionRule
DR_796	DispositionRule
DR_797	DispositionRule
DR_798	DispositionRule
DR_799	DispositionRule
DR_800	DispositionRule
DR_801	DispositionRule
DR_802	DispositionRule
DR_803	DispositionRule
DR_804	DispositionRule
DR_805	DispositionRule
DR_806	DispositionRule
DR_807	DispositionRule
DR_808	DispositionRule
DR_809	DispositionRule
DR_810	DispositionRule
DR_811	DispositionRule
DR_812	DispositionRule
DR_813	DispositionRule
DR_814	DispositionRule
DR_815	DispositionRule
DR_816	DispositionRule
DR_817	DispositionRule
DR_818	DispositionRule
DR_819	DispositionRule
DR_820	DispositionRule
DR_821	DispositionRule
DR_822	DispositionRule
DR_823	DispositionRule
DR_824	DispositionRule
DR_825	DispositionRule
DR_826	DispositionRule
DR_827	DispositionRule
DR_828	DispositionRule
DR_829	DispositionRule
DR_830	DispositionRule
DR_831	DispositionRule
DR_832	DispositionRule
DR_833	DispositionRule
DR_834	DispositionRule
DR_835	DispositionRule
DR_836	DispositionRule
DR_837	DispositionRule
DR_838	DispositionRule
DR_839	DispositionRule
DR_840	DispositionRule
DR_841	DispositionRule
DR_842	DispositionRule
DR_843	DispositionRule
DR_844	DispositionRule
DR_845	DispositionRule
DR_846	DispositionRule
DR_847	DispositionRule
DR_848	DispositionRule
DR_849	DispositionRule
DR_850	DispositionRule
DR_851	DispositionRule
DR_852	DispositionRule
DR_853	DispositionRule
DR_854	DispositionRule
DR_855	DispositionRule
DR_856	DispositionRule
DR_857	DispositionRule
DR_858	DispositionRule
DR_859	DispositionRule
DR_860	DispositionRule
DR_861	DispositionRule
DR_862	DispositionRule
DR_863	DispositionRule
DR_864	DispositionRule
DR_865	DispositionRule
DR_866	DispositionRule
DR_867	DispositionRule
DR_868	DispositionRule
DR_869	DispositionRule
DR_870	DispositionRule
DR_871	DispositionRule
DR_872	DispositionRule
DR_873	DispositionRule
DR_874	DispositionRule
DR_875	DispositionRule
DR_876	DispositionRule
DR_877	DispositionRule
DR_878	DispositionRule
DR_879	DispositionRule
DR_880	DispositionRule
DR_881	DispositionRule
DR_882	DispositionRule
DR_883	DispositionRule
DR_884	DispositionRule
DR_885	DispositionRule
DR_886	DispositionRule
DR_887	DispositionRule
DR_888	DispositionRule
DR_889	DispositionRule
DR_890	DispositionRule
DR_891	DispositionRule
DR_892	DispositionRule
DR_893	DispositionRule
DR_894	DispositionRule
DR_895	DispositionRule
DR_896	DispositionRule
DR_897	DispositionRule
DR_898	DispositionRule
DR_899	DispositionRule
DR_900	DispositionRule
DR_901	DispositionRule
DR_902	DispositionRule
DR_903	DispositionRule
DR_904	DispositionRule
DR_905	DispositionRule
DR_906	DispositionRule
DR_907	DispositionRule
DR_908	DispositionRule
DR_909	DispositionRule
DR_910	DispositionRule
DR_911	DispositionRule
DR_912	DispositionRule
DR_913	DispositionRule
DR_914	DispositionRule
DR_915	DispositionRule
DR_916	DispositionRule
DR_917	DispositionRule
DR_918	DispositionRule
DR_919	DispositionRule
DR_920	DispositionRule
DR_921	DispositionRule
DR_922	DispositionRule
DR_923	DispositionRule
DR_924	DispositionRule
DR_925	DispositionRule
DR_926	DispositionRule
DR_927	DispositionRule
DR_928	DispositionRule
DR_929	DispositionRule
DR_930	DispositionRule
DR_931	DispositionRule
DR_932	DispositionRule
DR_933	DispositionRule
DR_934	DispositionRule
DR_935	DispositionRule
DR_936	DispositionRule
DR_937	DispositionRule
DR_938	DispositionRule
DR_939	DispositionRule
DR_940	DispositionRule
DR_941	DispositionRule
DR_942	DispositionRule
DR_943	DispositionRule
DR_944	DispositionRule
DR_945	DispositionRule
DR_946	DispositionRule
DR_947	DispositionRule
DR_948	DispositionRule
DR_949	DispositionRule
DR_950	DispositionRule
DR_951	DispositionRule
DR_952	DispositionRule
DR_953	DispositionRule
DR_954	DispositionRule
DR_955	DispositionRule
DR_956	DispositionRule
DR_957	DispositionRule
DR_958	DispositionRule
DR_959	DispositionRule
DR_960	DispositionRule
DR_961	DispositionRule
DR_962	DispositionRule
DR_963	DispositionRule
DR_964	DispositionRule
DR_965	DispositionRule
DR_966	DispositionRule
DR_967	DispositionRule
DR_968	DispositionRule
DR_969	DispositionRule
DR_970	DispositionRule
DR_971	DispositionRule
DR_972	DispositionRule
DR_973	DispositionRule
DR_974	DispositionRule
DR_975	DispositionRule
DR_976	DispositionRule
DR_977	DispositionRule
DR_978	DispositionRule
DR_979	DispositionRule
DR_980	DispositionRule
DR_981	DispositionRule
DR_982	DispositionRule
DR_983	DispositionRule
DR_984	DispositionRule
DR_985	DispositionRule
DR_986	DispositionRule
DR_987	DispositionRule
DR_988	DispositionRule
DR_989	DispositionRule
DR_990	DispositionRule
DR_991	DispositionRule
DR_992	DispositionRule
DR_993	DispositionRule
DR_994	DispositionRule
DR_995	DispositionRule
DR_996	DispositionRule
DR_997	DispositionRule
DR_998	DispositionRule
DR_999	DispositionRule
FC_001	FaultCause
FC_002	FaultCause
FC_003	FaultCause
FC_004	FaultCause
FC_005	FaultCause
FC_006	FaultCause
F_001	FailureMode
F_002	FailureMode
F_003	FailureMode
F_004	FailureMode
F_005	FailureMode
F_006	FailureMode
F_007	FailureMode
F_008	FailureMode
F_009	FailureMode
F_010	FailureMode
F_011	FailureMode
F_012	FailureMode
F_013	FailureMode
F_014	FailureMode
F_015	FailureMode
F_016	FailureMode
F_017	FailureMode
F_018	FailureMode
F_019	FailureMode
F_020	FailureMode
F_021	FailureMode
F_022	FailureMode
F_023	FailureMode
F_024	FailureMode
F_025	FailureMode
F_026	FailureMode
F_027	FailureMode
F_028	FailureMode
F_029	FailureMode
F_030	FailureMode
F_031	FailureMode
F_032	FailureMode
F_033	FailureMode
F_034	FailureMode
F_035	FailureMode
F_036	FailureMode
F_037	FailureMode
F_038	FailureMode
F_039	FailureMode
F_040	FailureMode
F_041	FailureMode
F_042	FailureMode
F_043	FailureMode
F_044	FailureMode
F_045	FailureMode
F_046	FailureMode
F_047	FailureMode
F_048	FailureMode
F_049	FailureMode
F_050	FailureMode
F_051	FailureMode
F_052	FailureMode
F_053	FailureMode
F_054	FailureMode
F_055	FailureMode
F_056	FailureMode
F_057	FailureMode
F_058	FailureMode
F_059	FailureMode
F_060	FailureMode
F_061	FailureMode
F_062	FailureMode
F_063	FailureMode
F_064	FailureMode
F_065	FailureMode
F_066	FailureMode
F_067	FailureMode
F_068	FailureMode
F_069	FailureMode
F_070	FailureMode
F_071	FailureMode
F_072	FailureMode
F_073	FailureMode
F_074	FailureMode
F_075	FailureMode
F_076	FailureMode
F_077	FailureMode
F_078	FailureMode
F_079	FailureMode
F_080	FailureMode
F_081	FailureMode
F_082	FailureMode
F_083	FailureMode
F_084	FailureMode
F_085	FailureMode
F_086	FailureMode
F_087	FailureMode
F_088	FailureMode
F_089	FailureMode
F_090	FailureMode
F_091	FailureMode
F_092	FailureMode
F_093	FailureMode
F_094	FailureMode
F_095	FailureMode
F_096	FailureMode
F_097	FailureMode
F_098	FailureMode
F_099	FailureMode
F_100	FailureMode
F_101	FailureMode
F_102	FailureMode
F_103	FailureMode
F_104	FailureMode
F_105	FailureMode
F_106	FailureMode
F_107	FailureMode
F_108	FailureMode
F_109	FailureMode
F_110	FailureMode
F_111	FailureMode
F_112	FailureMode
F_113	FailureMode
F_1138	FailureMode
F_1139	FailureMode
F_114	FailureMode
F_1140	FailureMode
F_1141	FailureMode
F_1142	FailureMode
F_1143	FailureMode
F_1144	FailureMode
F_1145	FailureMode
F_1146	FailureMode
F_115	FailureMode
F_116	FailureMode
F_117	FailureMode
F_118	FailureMode
F_119	FailureMode
F_120	FailureMode
F_121	FailureMode
F_122	FailureMode
F_123	FailureMode
F_124	FailureMode
F_125	FailureMode
F_126	FailureMode
F_127	FailureMode
F_128	FailureMode
F_129	FailureMode
F_130	FailureMode
F_131	FailureMode
F_132	FailureMode
F_133	FailureMode
F_134	FailureMode
F_135	FailureMode
F_136	FailureMode
F_137	FailureMode
F_138	FailureMode
F_139	FailureMode
F_140	FailureMode
F_141	FailureMode
F_142	FailureMode
F_143	FailureMode
F_144	FailureMode
F_145	FailureMode
F_1457	FailureMode
F_1458	FailureMode
F_1459	FailureMode
F_146	FailureMode
F_1460	FailureMode
F_1461	FailureMode
F_1462	FailureMode
F_1463	FailureMode
F_1464	FailureMode
F_1465	FailureMode
F_1466	FailureMode
F_1467	FailureMode
F_1468	FailureMode
F_1469	FailureMode
F_147	FailureMode
F_1470	FailureMode
F_1471	FailureMode
F_1472	FailureMode
F_1473	FailureMode
F_1474	FailureMode
F_1475	FailureMode
F_1476	FailureMode
F_1477	FailureMode
F_1478	FailureMode
F_1479	FailureMode
F_148	FailureMode
F_1480	FailureMode
F_1481	FailureMode
F_1482	FailureMode
F_1483	FailureMode
F_1484	FailureMode
F_1485	FailureMode
F_1486	FailureMode
F_1487	FailureMode
F_1488	FailureMode
F_1489	FailureMode
F_149	FailureMode
F_1490	FailureMode
F_1491	FailureMode
F_1492	FailureMode
F_1493	FailureMode
F_1494	FailureMode
F_1495	FailureMode
F_1496	FailureMode
F_1497	FailureMode
F_1498	FailureMode
F_1499	FailureMode
F_150	FailureMode
F_1500	FailureMode
F_1501	FailureMode
F_1502	FailureMode
F_1503	FailureMode
F_1504	FailureMode
F_1505	FailureMode
F_1506	FailureMode
F_1507	FailureMode
F_1508	FailureMode
F_1509	FailureMode
F_151	FailureMode
F_1510	FailureMode
F_1511	FailureMode
F_1512	FailureMode
F_1513	FailureMode
F_1514	FailureMode
F_1515	FailureMode
F_1516	FailureMode
F_1517	FailureMode
F_1518	FailureMode
F_1519	FailureMode
F_152	FailureMode
F_1520	FailureMode
F_1521	FailureMode
F_1522	FailureMode
F_1523	FailureMode
F_1524	FailureMode
F_1525	FailureMode
F_1526	FailureMode
F_1527	FailureMode
F_1528	FailureMode
F_1529	FailureMode
F_153	FailureMode
F_1530	FailureMode
F_1531	FailureMode
F_1532	FailureMode
F_1533	FailureMode
F_1534	FailureMode
F_1535	FailureMode
F_1536	FailureMode
F_1537	FailureMode
F_1538	FailureMode
F_1539	FailureMode
F_154	FailureMode
F_1540	FailureMode
F_1541	FailureMode
F_1542	FailureMode
F_1543	FailureMode
F_1544	FailureMode
F_1545	FailureMode
F_1546	FailureMode
F_1547	FailureMode
F_1548	FailureMode
F_1549	FailureMode
F_155	FailureMode
F_1550	FailureMode
F_1551	FailureMode
F_1552	FailureMode
F_1553	FailureMode
F_1554	FailureMode
F_1555	FailureMode
F_1556	FailureMode
F_1557	FailureMode
F_1558	FailureMode
F_1559	FailureMode
F_156	FailureMode
F_1560	FailureMode
F_1561	FailureMode
F_1562	FailureMode
F_1563	FailureMode
F_1564	FailureMode
F_1565	FailureMode
F_1566	FailureMode
F_1567	FailureMode
F_1568	FailureMode
F_1569	FailureMode
F_157	FailureMode
F_1570	FailureMode
F_1571	FailureMode
F_1572	FailureMode
F_1573	FailureMode
F_1574	FailureMode
F_1575	FailureMode
F_1576	FailureMode
F_1577	FailureMode
F_1578	FailureMode
F_1579	FailureMode
F_158	FailureMode
F_1580	FailureMode
F_1581	FailureMode
F_1582	FailureMode
F_1583	FailureMode
F_1584	FailureMode
F_1585	FailureMode
F_1586	FailureMode
F_1587	FailureMode
F_1588	FailureMode
F_1589	FailureMode
F_159	FailureMode
F_1590	FailureMode
F_1591	FailureMode
F_1592	FailureMode
F_1593	FailureMode
F_1594	FailureMode
F_1595	FailureMode
F_1596	FailureMode
F_1597	FailureMode
F_1598	FailureMode
F_1599	FailureMode
F_160	FailureMode
F_1600	FailureMode
F_1601	FailureMode
F_1602	FailureMode
F_1603	FailureMode
F_1604	FailureMode
F_1605	FailureMode
F_1606	FailureMode
F_1607	FailureMode
F_1608	FailureMode
F_1609	FailureMode
F_161	FailureMode
F_1610	FailureMode
F_1611	FailureMode
F_1612	FailureMode
F_1613	FailureMode
F_1614	FailureMode
F_1615	FailureMode
F_1616	FailureMode
F_1617	FailureMode
F_1618	FailureMode
F_1619	FailureMode
F_162	FailureMode
F_1620	FailureMode
F_1621	FailureMode
F_1622	FailureMode
F_1623	FailureMode
F_1624	FailureMode
F_1625	FailureMode
F_1626	FailureMode
F_1627	FailureMode
F_1628	FailureMode
F_1629	FailureMode
F_163	FailureMode
F_1630	FailureMode
F_1631	FailureMode
F_1632	FailureMode
F_1633	FailureMode
F_1634	FailureMode
F_1635	FailureMode
F_1636	FailureMode
F_1637	FailureMode
F_1638	FailureMode
F_1639	FailureMode
F_164	FailureMode
F_1640	FailureMode
F_1641	FailureMode
F_1642	FailureMode
F_1643	FailureMode
F_1644	FailureMode
F_1645	FailureMode
F_1646	FailureMode
F_1647	FailureMode
F_1648	FailureMode
F_1649	FailureMode
F_165	FailureMode
F_1650	FailureMode
F_1651	FailureMode
F_1652	FailureMode
F_1653	FailureMode
F_1654	FailureMode
F_1655	FailureMode
F_1656	FailureMode
F_1657	FailureMode
F_1658	FailureMode
F_1659	FailureMode
F_166	FailureMode
F_1660	FailureMode
F_1661	FailureMode
F_1662	FailureMode
F_1663	FailureMode
F_1664	FailureMode
F_1665	FailureMode
F_1666	FailureMode
F_1667	FailureMode
F_1668	FailureMode
F_1669	FailureMode
F_167	FailureMode
F_1670	FailureMode
F_1671	FailureMode
F_1672	FailureMode
F_1673	FailureMode
F_1674	FailureMode
F_1675	FailureMode
F_1676	FailureMode
F_1677	FailureMode
F_1678	FailureMode
F_1679	FailureMode
F_168	FailureMode
F_1680	FailureMode
F_1681	FailureMode
F_1682	FailureMode
F_1683	FailureMode
F_1684	FailureMode
F_1685	FailureMode
F_1686	FailureMode
F_1687	FailureMode
F_1688	FailureMode
F_1689	FailureMode
F_169	FailureMode
F_1690	FailureMode
F_1691	FailureMode
F_1692	FailureMode
F_1693	FailureMode
F_1694	FailureMode
F_1695	FailureMode
F_1696	FailureMode
F_1697	FailureMode
F_1698	FailureMode
F_1699	FailureMode
F_170	FailureMode
F_1700	FailureMode
F_1701	FailureMode
F_1702	FailureMode
F_1703	FailureMode
F_1704	FailureMode
F_1705	FailureMode
F_1706	FailureMode
F_1707	FailureMode
F_1708	FailureMode
F_1709	FailureMode
F_171	FailureMode
F_1710	FailureMode
F_1711	FailureMode
F_1712	FailureMode
F_1713	FailureMode
F_1714	FailureMode
F_1715	FailureMode
F_1716	FailureMode
F_1717	FailureMode
F_1718	FailureMode
F_1719	FailureMode
F_172	FailureMode
F_1720	FailureMode
F_1721	FailureMode
F_1722	FailureMode
F_1723	FailureMode
F_1724	FailureMode
F_1725	FailureMode
F_1726	FailureMode
F_1727	FailureMode
F_1728	FailureMode
F_1729	FailureMode
F_173	FailureMode
F_1730	FailureMode
F_1731	FailureMode
F_1732	FailureMode
F_1733	FailureMode
F_1734	FailureMode
F_1735	FailureMode
F_1736	FailureMode
F_1737	FailureMode
F_1738	FailureMode
F_1739	FailureMode
F_174	FailureMode
F_1740	FailureMode
F_1741	FailureMode
F_1742	FailureMode
F_1743	FailureMode
F_1744	FailureMode
F_1745	FailureMode
F_1746	FailureMode
F_1747	FailureMode
F_1748	FailureMode
F_1749	FailureMode
F_175	FailureMode
F_1750	FailureMode
F_1751	FailureMode
F_1752	FailureMode
F_1753	FailureMode
F_1754	FailureMode
F_1755	FailureMode
F_1756	FailureMode
F_1757	FailureMode
F_1758	FailureMode
F_1759	FailureMode
F_176	FailureMode
F_1760	FailureMode
F_1761	FailureMode
F_1762	FailureMode
F_1763	FailureMode
F_1764	FailureMode
F_1765	FailureMode
F_1766	FailureMode
F_1767	FailureMode
F_1768	FailureMode
F_1769	FailureMode
F_177	FailureMode
F_1770	FailureMode
F_1771	FailureMode
F_1772	FailureMode
F_1773	FailureMode
F_1774	FailureMode
F_1775	FailureMode
F_1776	FailureMode
F_1777	FailureMode
F_1778	FailureMode
F_1779	FailureMode
F_178	FailureMode
F_1780	FailureMode
F_1781	FailureMode
F_1782	FailureMode
F_1783	FailureMode
F_1784	FailureMode
F_1785	FailureMode
F_1786	FailureMode
F_1787	FailureMode
F_1788	FailureMode
F_1789	FailureMode
F_179	FailureMode
F_1790	FailureMode
F_1791	FailureMode
F_1792	FailureMode
F_1793	FailureMode
F_1794	FailureMode
F_1795	FailureMode
F_1796	FailureMode
F_1797	FailureMode
F_1798	FailureMode
F_1799	FailureMode
F_180	FailureMode
F_1800	FailureMode
F_1801	FailureMode
F_1802	FailureMode
F_1803	FailureMode
F_1804	FailureMode
F_1805	FailureMode
F_1806	FailureMode
F_1807	FailureMode
F_1808	FailureMode
F_1809	FailureMode
F_181	FailureMode
F_1810	FailureMode
F_1811	FailureMode
F_1812	FailureMode
F_1813	FailureMode
F_1814	FailureMode
F_1815	FailureMode
F_1816	FailureMode
F_1817	FailureMode
F_1818	FailureMode
F_1819	FailureMode
F_182	FailureMode
F_1820	FailureMode
F_1821	FailureMode
F_1822	FailureMode
F_1823	FailureMode
F_1824	FailureMode
F_1825	FailureMode
F_1826	FailureMode
F_1827	FailureMode
F_1828	FailureMode
F_1829	FailureMode
F_183	FailureMode
F_1830	FailureMode
F_1831	FailureMode
F_1832	FailureMode
F_1833	FailureMode
F_1834	FailureMode
F_1835	FailureMode
F_1836	FailureMode
F_1837	FailureMode
F_1838	FailureMode
F_1839	FailureMode
F_184	FailureMode
F_1840	FailureMode
F_1841	FailureMode
F_1842	FailureMode
F_1843	FailureMode
F_1844	FailureMode
F_1845	FailureMode
F_1846	FailureMode
F_1847	FailureMode
F_1848	FailureMode
F_1849	FailureMode
F_185	FailureMode
F_1850	FailureMode
F_1851	FailureMode
F_1852	FailureMode
F_1853	FailureMode
F_1854	FailureMode
F_1855	FailureMode
F_1856	FailureMode
F_1857	FailureMode
F_1858	FailureMode
F_1859	FailureMode
F_186	FailureMode
F_1860	FailureMode
F_1861	FailureMode
F_1862	FailureMode
F_1863	FailureMode
F_1864	FailureMode
F_1865	FailureMode
F_1866	FailureMode
F_1867	FailureMode
F_1868	FailureMode
F_1869	FailureMode
F_187	FailureMode
F_1870	FailureMode
F_1871	FailureMode
F_1872	FailureMode
F_1873	FailureMode
F_1874	FailureMode
F_1875	FailureMode
F_1876	FailureMode
F_1877	FailureMode
F_1878	FailureMode
F_1879	FailureMode
F_188	FailureMode
F_1880	FailureMode
F_1881	FailureMode
F_1882	FailureMode
F_1883	FailureMode
F_1884	FailureMode
F_1885	FailureMode
F_1886	FailureMode
F_1887	FailureMode
F_1888	FailureMode
F_1889	FailureMode
F_189	FailureMode
F_1890	FailureMode
F_1891	FailureMode
F_1892	FailureMode
F_1893	FailureMode
F_1894	FailureMode
F_1895	FailureMode
F_1896	FailureMode
F_1897	FailureMode
F_1898	FailureMode
F_1899	FailureMode
F_190	FailureMode
F_1900	FailureMode
F_1901	FailureMode
F_1902	FailureMode
F_1903	FailureMode
F_1904	FailureMode
F_1905	FailureMode
F_1906	FailureMode
F_1907	FailureMode
F_1908	FailureMode
F_1909	FailureMode
F_191	FailureMode
F_1910	FailureMode
F_1911	FailureMode
F_1912	FailureMode
F_1913	FailureMode
F_1914	FailureMode
F_1915	FailureMode
F_1916	FailureMode
F_1917	FailureMode
F_1918	FailureMode
F_1919	FailureMode
F_192	FailureMode
F_1920	FailureMode
F_1921	FailureMode
F_1922	FailureMode
F_1923	FailureMode
F_1924	FailureMode
F_1925	FailureMode
F_1926	FailureMode
F_1927	FailureMode
F_1928	FailureMode
F_1929	FailureMode
F_193	FailureMode
F_1930	FailureMode
F_1931	FailureMode
F_1932	FailureMode
F_1933	FailureMode
F_1934	FailureMode
F_1935	FailureMode
F_1936	FailureMode
F_1937	FailureMode
F_1938	FailureMode
F_1939	FailureMode
F_194	FailureMode
F_1940	FailureMode
F_1941	FailureMode
F_1942	FailureMode
F_1943	FailureMode
F_1944	FailureMode
F_1945	FailureMode
F_1946	FailureMode
F_1947	FailureMode
F_1948	FailureMode
F_1949	FailureMode
F_195	FailureMode
F_1950	FailureMode
F_1951	FailureMode
F_1952	FailureMode
F_1953	FailureMode
F_1954	FailureMode
F_1955	FailureMode
F_1956	FailureMode
F_1957	FailureMode
F_1958	FailureMode
F_1959	FailureMode
F_196	FailureMode
F_1960	FailureMode
F_1961	FailureMode
F_1962	FailureMode
F_1963	FailureMode
F_1964	FailureMode
F_1965	FailureMode
F_1966	FailureMode
F_1967	FailureMode
F_1968	FailureMode
F_1969	FailureMode
F_197	FailureMode
F_1970	FailureMode
F_1971	FailureMode
F_1972	FailureMode
F_1973	FailureMode
F_1974	FailureMode
F_1975	FailureMode
F_1976	FailureMode
F_1977	FailureMode
F_1978	FailureMode
F_1979	FailureMode
F_198	FailureMode
F_1980	FailureMode
F_1981	FailureMode
F_1982	FailureMode
F_1983	FailureMode
F_1984	FailureMode
F_1985	FailureMode
F_1986	FailureMode
F_1987	FailureMode
F_1988	FailureMode
F_1989	FailureMode
F_199	FailureMode
F_1990	FailureMode
F_1991	FailureMode
F_1992	FailureMode
F_1993	FailureMode
F_1994	FailureMode
F_1995	FailureMode
F_1996	FailureMode
F_1997	FailureMode
F_1998	FailureMode
F_1999	FailureMode
F_200	FailureMode
F_2000	FailureMode
F_2001	FailureMode
F_2002	FailureMode
F_2003	FailureMode
F_2004	FailureMode
F_2005	FailureMode
F_2006	FailureMode
F_2007	FailureMode
F_2008	FailureMode
F_2009	FailureMode
F_201	FailureMode
F_2010	FailureMode
F_2011	FailureMode
F_2012	FailureMode
F_2013	FailureMode
F_2014	FailureMode
F_2015	FailureMode
F_2016	FailureMode
F_2017	FailureMode
F_2018	FailureMode
F_2019	FailureMode
F_202	FailureMode
F_2020	FailureMode
F_2021	FailureMode
F_2022	FailureMode
F_2023	FailureMode
F_2024	FailureMode
F_2025	FailureMode
F_2026	FailureMode
F_2027	FailureMode
F_2028	FailureMode
F_2029	FailureMode
F_203	FailureMode
F_2030	FailureMode
F_2031	FailureMode
F_2032	FailureMode
F_2033	FailureMode
F_2034	FailureMode
F_2035	FailureMode
F_2036	FailureMode
F_2037	FailureMode
F_2038	FailureMode
F_2039	FailureMode
F_204	FailureMode
F_2040	FailureMode
F_2041	FailureMode
F_2042	FailureMode
F_2043	FailureMode
F_2044	FailureMode
F_2045	FailureMode
F_2046	FailureMode
F_2047	FailureMode
F_2048	FailureMode
F_2049	FailureMode
F_205	FailureMode
F_2050	FailureMode
F_2051	FailureMode
F_2052	FailureMode
F_2053	FailureMode
F_2054	FailureMode
F_2055	FailureMode
F_2056	FailureMode
F_2057	FailureMode
F_2058	FailureMode
F_2059	FailureMode
F_206	FailureMode
F_2060	FailureMode
F_2061	FailureMode
F_2062	FailureMode
F_2063	FailureMode
F_2064	FailureMode
F_2065	FailureMode
F_2066	FailureMode
F_2067	FailureMode
F_2068	FailureMode
F_2069	FailureMode
F_207	FailureMode
F_2070	FailureMode
F_2071	FailureMode
F_2072	FailureMode
F_2073	FailureMode
F_2074	FailureMode
F_2075	FailureMode
F_2076	FailureMode
F_2077	FailureMode
F_2078	FailureMode
F_2079	FailureMode
F_208	FailureMode
F_2080	FailureMode
F_2081	FailureMode
F_2082	FailureMode
F_2083	FailureMode
F_2084	FailureMode
F_2085	FailureMode
F_2086	FailureMode
F_2087	FailureMode
F_2088	FailureMode
F_2089	FailureMode
F_209	FailureMode
F_2090	FailureMode
F_2091	FailureMode
F_2092	FailureMode
F_2093	FailureMode
F_2094	FailureMode
F_2095	FailureMode
F_2096	FailureMode
F_2097	FailureMode
F_2098	FailureMode
F_2099	FailureMode
F_210	FailureMode
F_2100	FailureMode
F_2101	FailureMode
F_2102	FailureMode
F_2103	FailureMode
F_2104	FailureMode
F_2105	FailureMode
F_2106	FailureMode
F_2107	FailureMode
F_2108	FailureMode
F_2109	FailureMode
F_211	FailureMode
F_2110	FailureMode
F_2111	FailureMode
F_2112	FailureMode
F_2113	FailureMode
F_2114	FailureMode
F_2115	FailureMode
F_2116	FailureMode
F_2117	FailureMode
F_2118	FailureMode
F_2119	FailureMode
F_212	FailureMode
F_2120	FailureMode
F_2121	FailureMode
F_2122	FailureMode
F_2123	FailureMode
F_2124	FailureMode
F_2125	FailureMode
F_2126	FailureMode
F_2127	FailureMode
F_2128	FailureMode
F_2129	FailureMode
F_213	FailureMode
F_2130	FailureMode
F_2131	FailureMode
F_2132	FailureMode
F_2133	FailureMode
F_2134	FailureMode
F_2135	FailureMode
F_2136	FailureMode
F_2137	FailureMode
F_2138	FailureMode
F_2139	FailureMode
F_214	FailureMode
F_2140	FailureMode
F_2141	FailureMode
F_2142	FailureMode
F_2143	FailureMode
F_2144	FailureMode
F_2145	FailureMode
F_2146	FailureMode
F_2147	FailureMode
F_2148	FailureMode
F_2149	FailureMode
F_215	FailureMode
F_2150	FailureMode
F_2151	FailureMode
F_2152	FailureMode
F_2153	FailureMode
F_2154	FailureMode
F_2155	FailureMode
F_2156	FailureMode
F_2157	FailureMode
F_2158	FailureMode
F_2159	FailureMode
F_216	FailureMode
F_2160	FailureMode
F_2161	FailureMode
F_2162	FailureMode
F_2163	FailureMode
F_2164	FailureMode
F_2165	FailureMode
F_2166	FailureMode
F_2167	FailureMode
F_2168	FailureMode
F_2169	FailureMode
F_217	FailureMode
F_2170	FailureMode
F_2171	FailureMode
F_2172	FailureMode
F_2173	FailureMode
F_2174	FailureMode
F_2175	FailureMode
F_2176	FailureMode
F_2177	FailureMode
F_2178	FailureMode
F_2179	FailureMode
F_218	FailureMode
F_2180	FailureMode
F_2181	FailureMode
F_2182	FailureMode
F_2183	FailureMode
F_2184	FailureMode
F_2185	FailureMode
F_2186	FailureMode
F_2187	FailureMode
F_2188	FailureMode
F_2189	FailureMode
F_219	FailureMode
F_2190	FailureMode
F_2191	FailureMode
F_2192	FailureMode
F_2193	FailureMode
F_2194	FailureMode
F_2195	FailureMode
F_2196	FailureMode
F_2197	FailureMode
F_2198	FailureMode
F_2199	FailureMode
F_220	FailureMode
F_2200	FailureMode
F_2201	FailureMode
F_2202	FailureMode
F_2203	FailureMode
F_2204	FailureMode
F_2205	FailureMode
F_2206	FailureMode
F_2207	FailureMode
F_2208	FailureMode
F_2209	FailureMode
F_221	FailureMode
F_2210	FailureMode
F_2211	FailureMode
F_2212	FailureMode
F_2213	FailureMode
F_2214	FailureMode
F_2215	FailureMode
F_2216	FailureMode
F_2217	FailureMode
F_2218	FailureMode
F_2219	FailureMode
F_222	FailureMode
F_2220	FailureMode
F_2221	FailureMode
F_2222	FailureMode
F_2223	FailureMode
F_2224	FailureMode
F_2225	FailureMode
F_2226	FailureMode
F_2227	FailureMode
F_2228	FailureMode
F_2229	FailureMode
F_223	FailureMode
F_2230	FailureMode
F_2231	FailureMode
F_2232	FailureMode
F_2233	FailureMode
F_2234	FailureMode
F_2235	FailureMode
F_2236	FailureMode
F_2237	FailureMode
F_2238	FailureMode
F_2239	FailureMode
F_224	FailureMode
F_2240	FailureMode
F_2241	FailureMode
F_2242	FailureMode
F_2243	FailureMode
F_2244	FailureMode
F_2245	FailureMode
F_2246	FailureMode
F_2247	FailureMode
F_2248	FailureMode
F_2249	FailureMode
F_225	FailureMode
F_2250	FailureMode
F_2251	FailureMode
F_2252	FailureMode
F_2253	FailureMode
F_2254	FailureMode
F_2255	FailureMode
F_2256	FailureMode
F_2257	FailureMode
F_2258	FailureMode
F_2259	FailureMode
F_226	FailureMode
F_2260	FailureMode
F_2261	FailureMode
F_2262	FailureMode
F_2263	FailureMode
F_2264	FailureMode
F_2265	FailureMode
F_2266	FailureMode
F_2267	FailureMode
F_2268	FailureMode
F_2269	FailureMode
F_227	FailureMode
F_2270	FailureMode
F_2271	FailureMode
F_2272	FailureMode
F_2273	FailureMode
F_2274	FailureMode
F_2275	FailureMode
F_2276	FailureMode
F_2277	FailureMode
F_2278	FailureMode
F_2279	FailureMode
F_228	FailureMode
F_2280	FailureMode
F_2281	FailureMode
F_2282	FailureMode
F_2283	FailureMode
F_2284	FailureMode
F_2285	FailureMode
F_2286	FailureMode
F_2287	FailureMode
F_2288	FailureMode
F_2289	FailureMode
F_229	FailureMode
F_2290	FailureMode
F_2291	FailureMode
F_2292	FailureMode
F_2293	FailureMode
F_2294	FailureMode
F_2295	FailureMode
F_2296	FailureMode
F_2297	FailureMode
F_2298	FailureMode
F_2299	FailureMode
F_230	FailureMode
F_2300	FailureMode
F_2301	FailureMode
F_2302	FailureMode
F_2303	FailureMode
F_2304	FailureMode
F_2305	FailureMode
F_2306	FailureMode
F_2307	FailureMode
F_2308	FailureMode
F_2309	FailureMode
F_231	FailureMode
F_2310	FailureMode
F_2311	FailureMode
F_2312	FailureMode
F_2313	FailureMode
F_2314	FailureMode
F_2315	FailureMode
F_2316	FailureMode
F_2317	FailureMode
F_2318	FailureMode
F_2319	FailureMode
F_232	FailureMode
F_2320	FailureMode
F_2321	FailureMode
F_2322	FailureMode
F_2323	FailureMode
F_2324	FailureMode
F_2325	FailureMode
F_2326	FailureMode
F_2327	FailureMode
F_2328	FailureMode
F_2329	FailureMode
F_233	FailureMode
F_2330	FailureMode
F_2331	FailureMode
F_2332	FailureMode
F_2333	FailureMode
F_2334	FailureMode
F_2335	FailureMode
F_2336	FailureMode
F_2337	FailureMode
F_2338	FailureMode
F_2339	FailureMode
F_234	FailureMode
F_2340	FailureMode
F_2341	FailureMode
F_2342	FailureMode
F_2343	FailureMode
F_2344	FailureMode
F_2345	FailureMode
F_2346	FailureMode
F_2347	FailureMode
F_2348	FailureMode
F_2349	FailureMode
F_235	FailureMode
F_2350	FailureMode
F_2351	FailureMode
F_2352	FailureMode
F_2353	FailureMode
F_2354	FailureMode
F_2355	FailureMode
F_2356	FailureMode
F_2357	FailureMode
F_2358	FailureMode
F_2359	FailureMode
F_236	FailureMode
F_2360	FailureMode
F_2361	FailureMode
F_2362	FailureMode
F_2363	FailureMode
F_2364	FailureMode
F_2365	FailureMode
F_2366	FailureMode
F_2367	FailureMode
F_2368	FailureMode
F_2369	FailureMode
F_237	FailureMode
F_2370	FailureMode
F_2371	FailureMode
F_2372	FailureMode
F_2373	FailureMode
F_2374	FailureMode
F_2375	FailureMode
F_2376	FailureMode
F_2377	FailureMode
F_2378	FailureMode
F_2379	FailureMode
F_238	FailureMode
F_2380	FailureMode
F_2381	FailureMode
F_2382	FailureMode
F_2383	FailureMode
F_2384	FailureMode
F_2385	FailureMode
F_2386	FailureMode
F_2387	FailureMode
F_2388	FailureMode
F_2389	FailureMode
F_239	FailureMode
F_2390	FailureMode
F_2391	FailureMode
F_2392	FailureMode
F_2393	FailureMode
F_2394	FailureMode
F_2395	FailureMode
F_2396	FailureMode
F_2397	FailureMode
F_2398	FailureMode
F_2399	FailureMode
F_240	FailureMode
F_2400	FailureMode
F_2401	FailureMode
F_2402	FailureMode
F_2403	FailureMode
F_2404	FailureMode
F_2405	FailureMode
F_2406	FailureMode
F_2407	FailureMode
F_2408	FailureMode
F_2409	FailureMode
F_241	FailureMode
F_2410	FailureMode
F_2411	FailureMode
F_2412	FailureMode
F_2413	FailureMode
F_2414	FailureMode
F_2415	FailureMode
F_2416	FailureMode
F_2417	FailureMode
F_2418	FailureMode
F_2419	FailureMode
F_242	FailureMode
F_2420	FailureMode
F_2421	FailureMode
F_2422	FailureMode
F_2423	FailureMode
F_2424	FailureMode
F_2425	FailureMode
F_2426	FailureMode
F_2427	FailureMode
F_2428	FailureMode
F_2429	FailureMode
F_243	FailureMode
F_2430	FailureMode
F_2431	FailureMode
F_2432	FailureMode
F_2433	FailureMode
F_2434	FailureMode
F_2435	FailureMode
F_2436	FailureMode
F_2437	FailureMode
F_2438	FailureMode
F_2439	FailureMode
F_244	FailureMode
F_2440	FailureMode
F_2441	FailureMode
F_2442	FailureMode
F_2443	FailureMode
F_2444	FailureMode
F_2445	FailureMode
F_2446	FailureMode
F_2447	FailureMode
F_2448	FailureMode
F_2449	FailureMode
F_245	FailureMode
F_2450	FailureMode
F_2451	FailureMode
F_2452	FailureMode
F_2453	FailureMode
F_2454	FailureMode
F_2455	FailureMode
F_2456	FailureMode
F_2457	FailureMode
F_2458	FailureMode
F_2459	FailureMode
F_246	FailureMode
F_2460	FailureMode
F_2461	FailureMode
F_2462	FailureMode
F_2463	FailureMode
F_2464	FailureMode
F_2465	FailureMode
F_2466	FailureMode
F_2467	FailureMode
F_2468	FailureMode
F_2469	FailureMode
F_247	FailureMode
F_2470	FailureMode
F_2471	FailureMode
F_2472	FailureMode
F_2473	FailureMode
F_2474	FailureMode
F_2475	FailureMode
F_2476	FailureMode
F_2477	FailureMode
F_2478	FailureMode
F_2479	FailureMode
F_248	FailureMode
F_2480	FailureMode
F_2481	FailureMode
F_2482	FailureMode
F_2483	FailureMode
F_2484	FailureMode
F_2485	FailureMode
F_2486	FailureMode
F_2487	FailureMode
F_2488	FailureMode
F_2489	FailureMode
F_249	FailureMode
F_2490	FailureMode
F_2491	FailureMode
F_2492	FailureMode
F_2493	FailureMode
F_2494	FailureMode
F_2495	FailureMode
F_2496	FailureMode
F_2497	FailureMode
F_2498	FailureMode
F_2499	FailureMode
F_250	FailureMode
F_2500	FailureMode
F_2501	FailureMode
F_2502	FailureMode
F_2503	FailureMode
F_2504	FailureMode
F_2505	FailureMode
F_2506	FailureMode
F_2507	FailureMode
F_2508	FailureMode
F_2509	FailureMode
F_251	FailureMode
F_2510	FailureMode
F_2511	FailureMode
F_2512	FailureMode
F_2513	FailureMode
F_2514	FailureMode
F_2515	FailureMode
F_2516	FailureMode
F_2517	FailureMode
F_2518	FailureMode
F_2519	FailureMode
F_252	FailureMode
F_2520	FailureMode
F_2521	FailureMode
F_2522	FailureMode
F_2523	FailureMode
F_2524	FailureMode
F_2525	FailureMode
F_2526	FailureMode
F_2527	FailureMode
F_2528	FailureMode
F_2529	FailureMode
F_253	FailureMode
F_2530	FailureMode
F_2531	FailureMode
F_2532	FailureMode
F_2533	FailureMode
F_2534	FailureMode
F_2535	FailureMode
F_2536	FailureMode
F_2537	FailureMode
F_2538	FailureMode
F_2539	FailureMode
F_254	FailureMode
F_2540	FailureMode
F_2541	FailureMode
F_2542	FailureMode
F_2543	FailureMode
F_2544	FailureMode
F_2545	FailureMode
F_2546	FailureMode
F_2547	FailureMode
F_2548	FailureMode
F_2549	FailureMode
F_255	FailureMode
F_2550	FailureMode
F_2551	FailureMode
F_2552	FailureMode
F_2553	FailureMode
F_2554	FailureMode
F_2555	FailureMode
F_2556	FailureMode
F_2557	FailureMode
F_256	FailureMode
F_257	FailureMode
F_258	FailureMode
F_259	FailureMode
F_260	FailureMode
F_261	FailureMode
F_262	FailureMode
F_263	FailureMode
F_264	FailureMode
F_265	FailureMode
F_266	FailureMode
F_267	FailureMode
F_268	FailureMode
F_269	FailureMode
F_270	FailureMode
F_271	FailureMode
F_272	FailureMode
F_273	FailureMode
F_274	FailureMode
F_275	FailureMode
F_276	FailureMode
F_277	FailureMode
F_278	FailureMode
F_279	FailureMode
F_280	FailureMode
F_281	FailureMode
F_282	FailureMode
F_283	FailureMode
F_284	FailureMode
F_285	FailureMode
F_286	FailureMode
F_287	FailureMode
F_288	FailureMode
F_289	FailureMode
F_290	FailureMode
F_291	FailureMode
F_292	FailureMode
F_293	FailureMode
F_294	FailureMode
F_295	FailureMode
F_296	FailureMode
F_297	FailureMode
F_298	FailureMode
F_299	FailureMode
F_300	FailureMode
F_301	FailureMode
F_302	FailureMode
F_303	FailureMode
F_304	FailureMode
F_305	FailureMode
F_306	FailureMode
F_307	FailureMode
F_308	FailureMode
F_309	FailureMode
F_310	FailureMode
F_311	FailureMode
F_312	FailureMode
F_313	FailureMode
F_314	FailureMode
F_315	FailureMode
F_316	FailureMode
F_317	FailureMode
F_318	FailureMode
F_319	FailureMode
F_320	FailureMode
F_321	FailureMode
F_322	FailureMode
F_323	FailureMode
F_324	FailureMode
F_325	FailureMode
F_326	FailureMode
F_327	FailureMode
F_328	FailureMode
F_329	FailureMode
F_330	FailureMode
F_331	FailureMode
F_332	FailureMode
F_333	FailureMode
F_334	FailureMode
F_335	FailureMode
F_336	FailureMode
F_337	FailureMode
F_338	FailureMode
F_339	FailureMode
F_340	FailureMode
F_341	FailureMode
F_342	FailureMode
F_343	FailureMode
F_344	FailureMode
F_345	FailureMode
F_346	FailureMode
F_347	FailureMode
F_348	FailureMode
F_349	FailureMode
F_350	FailureMode
F_351	FailureMode
F_352	FailureMode
F_353	FailureMode
F_354	FailureMode
F_355	FailureMode
F_356	FailureMode
F_357	FailureMode
F_358	FailureMode
F_359	FailureMode
F_360	FailureMode
F_361	FailureMode
F_362	FailureMode
F_363	FailureMode
F_364	FailureMode
F_365	FailureMode
F_366	FailureMode
F_367	FailureMode
F_368	FailureMode
F_369	FailureMode
F_370	FailureMode
F_371	FailureMode
F_372	FailureMode
F_373	FailureMode
F_374	FailureMode
F_375	FailureMode
F_376	FailureMode
F_377	FailureMode
F_378	FailureMode
F_379	FailureMode
F_380	FailureMode
F_381	FailureMode
F_382	FailureMode
F_383	FailureMode
F_384	FailureMode
F_385	FailureMode
F_386	FailureMode
F_387	FailureMode
F_388	FailureMode
F_389	FailureMode
F_390	FailureMode
F_391	FailureMode
F_392	FailureMode
F_393	FailureMode
F_394	FailureMode
F_395	FailureMode
F_396	FailureMode
F_397	FailureMode
F_398	FailureMode
F_399	FailureMode
F_400	FailureMode
F_401	FailureMode
F_402	FailureMode
F_403	FailureMode
F_404	FailureMode
F_405	FailureMode
F_406	FailureMode
F_407	FailureMode
F_408	FailureMode
F_409	FailureMode
F_410	FailureMode
F_411	FailureMode
F_412	FailureMode
F_413	FailureMode
F_414	FailureMode
F_415	FailureMode
F_416	FailureMode
F_417	FailureMode
F_418	FailureMode
F_419	FailureMode
F_420	FailureMode
F_421	FailureMode
F_422	FailureMode
F_423	FailureMode
F_424	FailureMode
F_425	FailureMode
F_426	FailureMode
F_427	FailureMode
F_428	FailureMode
F_429	FailureMode
F_430	FailureMode
F_431	FailureMode
F_432	FailureMode
F_433	FailureMode
F_434	FailureMode
F_435	FailureMode
F_436	FailureMode
F_437	FailureMode
F_438	FailureMode
F_439	FailureMode
F_440	FailureMode
F_441	FailureMode
F_442	FailureMode
F_443	FailureMode
F_444	FailureMode
F_445	FailureMode
F_446	FailureMode
F_447	FailureMode
F_448	FailureMode
F_449	FailureMode
F_450	FailureMode
F_451	FailureMode
F_452	FailureMode
F_453	FailureMode
F_454	FailureMode
F_455	FailureMode
F_456	FailureMode
F_457	FailureMode
F_458	FailureMode
F_459	FailureMode
F_460	FailureMode
F_461	FailureMode
F_462	FailureMode
F_463	FailureMode
F_464	FailureMode
F_465	FailureMode
F_466	FailureMode
F_467	FailureMode
F_468	FailureMode
F_469	FailureMode
F_470	FailureMode
F_471	FailureMode
F_472	FailureMode
F_473	FailureMode
F_474	FailureMode
F_475	FailureMode
F_476	FailureMode
F_477	FailureMode
F_478	FailureMode
F_479	FailureMode
F_480	FailureMode
F_481	FailureMode
F_482	FailureMode
F_483	FailureMode
F_484	FailureMode
F_485	FailureMode
F_486	FailureMode
F_487	FailureMode
F_488	FailureMode
F_489	FailureMode
F_490	FailureMode
F_491	FailureMode
F_492	FailureMode
F_493	FailureMode
F_494	FailureMode
F_495	FailureMode
F_496	FailureMode
F_497	FailureMode
F_498	FailureMode
F_499	FailureMode
F_500	FailureMode
F_501	FailureMode
F_502	FailureMode
F_503	FailureMode
F_504	FailureMode
F_505	FailureMode
F_506	FailureMode
F_507	FailureMode
F_508	FailureMode
F_509	FailureMode
F_510	FailureMode
F_511	FailureMode
F_512	FailureMode
F_513	FailureMode
F_514	FailureMode
F_515	FailureMode
F_516	FailureMode
F_517	FailureMode
F_518	FailureMode
F_519	FailureMode
F_520	FailureMode
F_521	FailureMode
F_522	FailureMode
F_523	FailureMode
F_524	FailureMode
F_525	FailureMode
F_526	FailureMode
F_527	FailureMode
F_528	FailureMode
F_529	FailureMode
F_530	FailureMode
F_531	FailureMode
F_532	FailureMode
F_533	FailureMode
F_534	FailureMode
F_535	FailureMode
F_536	FailureMode
F_537	FailureMode
F_538	FailureMode
F_539	FailureMode
F_540	FailureMode
F_541	FailureMode
F_542	FailureMode
F_543	FailureMode
F_544	FailureMode
F_545	FailureMode
F_546	FailureMode
F_547	FailureMode
F_548	FailureMode
F_549	FailureMode
F_550	FailureMode
F_551	FailureMode
F_552	FailureMode
F_553	FailureMode
F_554	FailureMode
F_555	FailureMode
F_556	FailureMode
F_557	FailureMode
F_558	FailureMode
F_559	FailureMode
F_560	FailureMode
F_561	FailureMode
F_562	FailureMode
F_563	FailureMode
F_564	FailureMode
F_565	FailureMode
F_566	FailureMode
F_567	FailureMode
F_568	FailureMode
F_569	FailureMode
F_570	FailureMode
F_571	FailureMode
F_572	FailureMode
F_573	FailureMode
F_574	FailureMode
F_575	FailureMode
F_576	FailureMode
F_577	FailureMode
F_578	FailureMode
F_579	FailureMode
F_580	FailureMode
F_581	FailureMode
F_582	FailureMode
F_583	FailureMode
F_584	FailureMode
F_585	FailureMode
F_586	FailureMode
F_587	FailureMode
F_588	FailureMode
F_589	FailureMode
F_590	FailureMode
F_591	FailureMode
F_592	FailureMode
F_593	FailureMode
F_594	FailureMode
F_595	FailureMode
F_596	FailureMode
F_597	FailureMode
F_598	FailureMode
F_599	FailureMode
F_600	FailureMode
F_601	FailureMode
F_602	FailureMode
F_603	FailureMode
F_604	FailureMode
F_605	FailureMode
F_606	FailureMode
F_607	FailureMode
F_608	FailureMode
F_609	FailureMode
F_610	FailureMode
F_611	FailureMode
F_612	FailureMode
F_613	FailureMode
F_614	FailureMode
F_615	FailureMode
F_616	FailureMode
F_617	FailureMode
F_618	FailureMode
F_619	FailureMode
F_620	FailureMode
F_621	FailureMode
F_622	FailureMode
F_623	FailureMode
F_624	FailureMode
F_625	FailureMode
F_626	FailureMode
F_627	FailureMode
F_628	FailureMode
F_629	FailureMode
F_630	FailureMode
F_631	FailureMode
F_632	FailureMode
F_633	FailureMode
F_634	FailureMode
F_635	FailureMode
F_636	FailureMode
F_637	FailureMode
F_638	FailureMode
F_639	FailureMode
F_640	FailureMode
F_641	FailureMode
F_642	FailureMode
F_643	FailureMode
F_644	FailureMode
F_645	FailureMode
F_646	FailureMode
F_647	FailureMode
F_648	FailureMode
F_649	FailureMode
F_650	FailureMode
F_651	FailureMode
F_652	FailureMode
F_653	FailureMode
F_654	FailureMode
F_655	FailureMode
F_656	FailureMode
F_657	FailureMode
F_658	FailureMode
F_659	FailureMode
F_660	FailureMode
F_661	FailureMode
F_662	FailureMode
F_663	FailureMode
F_664	FailureMode
F_665	FailureMode
F_666	FailureMode
F_667	FailureMode
F_668	FailureMode
F_669	FailureMode
F_670	FailureMode
F_671	FailureMode
F_672	FailureMode
F_673	FailureMode
F_674	FailureMode
F_675	FailureMode
F_676	FailureMode
F_677	FailureMode
F_678	FailureMode
F_679	FailureMode
F_680	FailureMode
F_681	FailureMode
F_682	FailureMode
F_683	FailureMode
F_684	FailureMode
F_685	FailureMode
F_686	FailureMode
F_687	FailureMode
F_688	FailureMode
F_689	FailureMode
F_690	FailureMode
F_691	FailureMode
F_692	FailureMode
F_693	FailureMode
F_694	FailureMode
F_695	FailureMode
F_696	FailureMode
F_697	FailureMode
F_698	FailureMode
F_699	FailureMode
F_700	FailureMode
F_701	FailureMode
F_702	FailureMode
F_703	FailureMode
F_704	FailureMode
F_705	FailureMode
F_706	FailureMode
F_707	FailureMode
F_708	FailureMode
F_709	FailureMode
F_710	FailureMode
F_711	FailureMode
F_712	FailureMode
F_713	FailureMode
F_714	FailureMode
F_715	FailureMode
F_716	FailureMode
F_717	FailureMode
F_718	FailureMode
F_719	FailureMode
F_720	FailureMode
F_721	FailureMode
F_722	FailureMode
F_723	FailureMode
F_724	FailureMode
F_725	FailureMode
F_726	FailureMode
F_727	FailureMode
F_728	FailureMode
F_729	FailureMode
F_730	FailureMode
F_731	FailureMode
F_732	FailureMode
F_733	FailureMode
F_734	FailureMode
F_735	FailureMode
F_736	FailureMode
F_737	FailureMode
F_738	FailureMode
F_739	FailureMode
F_740	FailureMode
F_741	FailureMode
F_742	FailureMode
F_743	FailureMode
F_744	FailureMode
F_745	FailureMode
F_746	FailureMode
F_747	FailureMode
F_748	FailureMode
F_749	FailureMode
F_750	FailureMode
F_751	FailureMode
F_752	FailureMode
F_753	FailureMode
F_754	FailureMode
F_755	FailureMode
F_756	FailureMode
F_757	FailureMode
F_758	FailureMode
F_759	FailureMode
F_760	FailureMode
F_761	FailureMode
F_762	FailureMode
F_763	FailureMode
F_764	FailureMode
F_765	FailureMode
F_766	FailureMode
F_767	FailureMode
F_768	FailureMode
F_769	FailureMode
F_770	FailureMode
F_771	FailureMode
F_772	FailureMode
F_773	FailureMode
F_774	FailureMode
F_775	FailureMode
F_776	FailureMode
F_777	FailureMode
F_778	FailureMode
F_779	FailureMode
F_780	FailureMode
F_781	FailureMode
F_782	FailureMode
F_783	FailureMode
F_784	FailureMode
F_785	FailureMode
F_786	FailureMode
F_787	FailureMode
F_788	FailureMode
F_789	FailureMode
F_790	FailureMode
F_791	FailureMode
F_792	FailureMode
F_793	FailureMode
F_794	FailureMode
F_795	FailureMode
F_796	FailureMode
F_797	FailureMode
F_798	FailureMode
F_799	FailureMode
F_800	FailureMode
F_801	FailureMode
F_802	FailureMode
F_803	FailureMode
F_804	FailureMode
F_805	FailureMode
F_806	FailureMode
F_807	FailureMode
F_808	FailureMode
F_809	FailureMode
F_810	FailureMode
F_811	FailureMode
F_812	FailureMode
F_813	FailureMode
F_814	FailureMode
F_815	FailureMode
F_816	FailureMode
F_817	FailureMode
F_818	FailureMode
F_819	FailureMode
F_820	FailureMode
F_821	FailureMode
F_822	FailureMode
F_823	FailureMode
F_824	FailureMode
F_825	FailureMode
F_826	FailureMode
F_827	FailureMode
F_828	FailureMode
F_829	FailureMode
F_830	FailureMode
F_831	FailureMode
F_832	FailureMode
F_833	FailureMode
F_834	FailureMode
F_835	FailureMode
F_836	FailureMode
F_837	FailureMode
F_838	FailureMode
F_839	FailureMode
F_840	FailureMode
F_841	FailureMode
F_842	FailureMode
F_843	FailureMode
F_844	FailureMode
F_845	FailureMode
F_846	FailureMode
F_847	FailureMode
F_848	FailureMode
F_849	FailureMode
F_850	FailureMode
F_851	FailureMode
F_852	FailureMode
F_853	FailureMode
F_854	FailureMode
F_855	FailureMode
F_856	FailureMode
F_857	FailureMode
F_858	FailureMode
F_859	FailureMode
F_860	FailureMode
F_861	FailureMode
F_862	FailureMode
F_863	FailureMode
F_864	FailureMode
F_865	FailureMode
F_866	FailureMode
F_867	FailureMode
F_868	FailureMode
F_869	FailureMode
F_870	FailureMode
F_871	FailureMode
F_872	FailureMode
F_873	FailureMode
F_874	FailureMode
F_875	FailureMode
F_876	FailureMode
F_877	FailureMode
F_878	FailureMode
F_879	FailureMode
F_880	FailureMode
F_881	FailureMode
F_882	FailureMode
F_883	FailureMode
F_884	FailureMode
F_885	FailureMode
F_886	FailureMode
F_887	FailureMode
F_888	FailureMode
F_889	FailureMode
F_890	FailureMode
F_891	FailureMode
F_892	FailureMode
F_893	FailureMode
F_894	FailureMode
F_895	FailureMode
F_896	FailureMode
F_897	FailureMode
F_898	FailureMode
F_899	FailureMode
F_900	FailureMode
F_901	FailureMode
F_902	FailureMode
F_903	FailureMode
F_904	FailureMode
F_905	FailureMode
F_906	FailureMode
F_907	FailureMode
F_908	FailureMode
F_909	FailureMode
F_910	FailureMode
F_911	FailureMode
F_912	FailureMode
F_913	FailureMode
F_914	FailureMode
F_915	FailureMode
F_916	FailureMode
F_917	FailureMode
F_918	FailureMode
F_919	FailureMode
F_920	FailureMode
F_921	FailureMode
F_922	FailureMode
F_923	FailureMode
F_924	FailureMode
F_925	FailureMode
F_926	FailureMode
F_927	FailureMode
F_928	FailureMode
F_929	FailureMode
F_930	FailureMode
F_931	FailureMode
F_932	FailureMode
F_933	FailureMode
F_934	FailureMode
F_935	FailureMode
F_936	FailureMode
F_937	FailureMode
F_938	FailureMode
F_939	FailureMode
F_940	FailureMode
F_941	FailureMode
F_942	FailureMode
F_943	FailureMode
F_944	FailureMode
F_945	FailureMode
F_946	FailureMode
F_947	FailureMode
F_948	FailureMode
F_949	FailureMode
F_950	FailureMode
F_951	FailureMode
F_952	FailureMode
F_953	FailureMode
F_954	FailureMode
F_955	FailureMode
F_956	FailureMode
F_957	FailureMode
F_958	FailureMode
F_959	FailureMode
F_960	FailureMode
F_961	FailureMode
F_962	FailureMode
F_963	FailureMode
F_964	FailureMode
F_965	FailureMode
F_966	FailureMode
F_967	FailureMode
F_968	FailureMode
F_969	FailureMode
F_970	FailureMode
F_971	FailureMode
F_972	FailureMode
F_973	FailureMode
F_974	FailureMode
F_975	FailureMode
F_976	FailureMode
F_977	FailureMode
PP_001	ProcessPlan
PP_002	ProcessPlan
PP_003	ProcessPlan
PP_004	ProcessPlan
PP_005	ProcessPlan
PP_006	ProcessPlan
PP_007	ProcessPlan
PP_008	ProcessPlan
PP_009	ProcessPlan
PP_010	ProcessPlan
PP_011	ProcessPlan
PP_012	ProcessPlan
PP_013	ProcessPlan
PP_014	ProcessPlan
PP_015	ProcessPlan
PP_016	ProcessPlan
PP_017	ProcessPlan
PP_018	ProcessPlan
PP_019	ProcessPlan
PP_020	ProcessPlan
PP_021	ProcessPlan
PP_022	ProcessPlan
PP_023	ProcessPlan
PP_024	ProcessPlan
PP_025	ProcessPlan
PP_026	ProcessPlan
PP_027	ProcessPlan
PP_028	ProcessPlan
PP_029	ProcessPlan
PP_030	ProcessPlan
PP_031	ProcessPlan
PP_032	ProcessPlan
PP_033	ProcessPlan
PP_034	ProcessPlan
PP_035	ProcessPlan
PP_036	ProcessPlan
PP_037	ProcessPlan
PP_038	ProcessPlan
PP_039	ProcessPlan
PP_040	ProcessPlan
PP_041	ProcessPlan
PP_042	ProcessPlan
PP_043	ProcessPlan
PP_044	ProcessPlan
PP_045	ProcessPlan
PP_046	ProcessPlan
PP_047	ProcessPlan
PP_048	ProcessPlan
PP_049	ProcessPlan
PP_050	ProcessPlan
PP_051	ProcessPlan
PP_052	ProcessPlan
PP_053	ProcessPlan
PP_054	ProcessPlan
PP_055	ProcessPlan
PP_056	ProcessPlan
PP_057	ProcessPlan
PP_058	ProcessPlan
PP_059	ProcessPlan
PP_060	ProcessPlan
PP_061	ProcessPlan
PP_062	ProcessPlan
PP_063	ProcessPlan
PP_064	ProcessPlan
PP_065	ProcessPlan
PP_066	ProcessPlan
PP_067	ProcessPlan
PP_068	ProcessPlan
PP_069	ProcessPlan
PP_070	ProcessPlan
PP_071	ProcessPlan
PP_072	ProcessPlan
PP_073	ProcessPlan
PP_074	ProcessPlan
PP_075	ProcessPlan
PP_076	ProcessPlan
PP_077	ProcessPlan
PP_078	ProcessPlan
PP_079	ProcessPlan
PP_080	ProcessPlan
PP_081	ProcessPlan
PP_082	ProcessPlan
PP_083	ProcessPlan
PP_084	ProcessPlan
PP_085	ProcessPlan
PP_086	ProcessPlan
PP_087	ProcessPlan
PP_088	ProcessPlan
PP_089	ProcessPlan
PP_090	ProcessPlan
PP_091	ProcessPlan
PP_092	ProcessPlan
PP_093	ProcessPlan
PP_094	ProcessPlan
PP_095	ProcessPlan
PP_096	ProcessPlan
PP_097	ProcessPlan
PP_098	ProcessPlan
PP_099	ProcessPlan
PP_100	ProcessPlan
PP_101	ProcessPlan
PP_102	ProcessPlan
PP_103	ProcessPlan
PP_104	ProcessPlan
PP_105	ProcessPlan
PP_106	ProcessPlan
PP_107	ProcessPlan
PP_108	ProcessPlan
PP_109	ProcessPlan
PP_110	ProcessPlan
PP_111	ProcessPlan
PP_112	ProcessPlan
PP_113	ProcessPlan
PP_114	ProcessPlan
PP_115	ProcessPlan
PP_116	ProcessPlan
PP_117	ProcessPlan
PP_118	ProcessPlan
PP_119	ProcessPlan
PP_120	ProcessPlan
PP_121	ProcessPlan
PP_122	ProcessPlan
PP_123	ProcessPlan
PP_124	ProcessPlan
PP_125	ProcessPlan
PP_126	ProcessPlan
PP_127	ProcessPlan
PP_128	ProcessPlan
PP_129	ProcessPlan
PP_130	ProcessPlan
PP_131	ProcessPlan
PP_132	ProcessPlan
PP_133	ProcessPlan
PP_134	ProcessPlan
PP_135	ProcessPlan
PP_136	ProcessPlan
PP_137	ProcessPlan
PP_138	ProcessPlan
PP_139	ProcessPlan
PP_140	ProcessPlan
PP_141	ProcessPlan
PP_142	ProcessPlan
PP_143	ProcessPlan
PP_144	ProcessPlan
PP_145	ProcessPlan
PP_146	ProcessPlan
PP_147	ProcessPlan
PP_148	ProcessPlan
PP_149	ProcessPlan
PP_150	ProcessPlan
PP_151	ProcessPlan
PP_152	ProcessPlan
PP_153	ProcessPlan
PP_154	ProcessPlan
PP_155	ProcessPlan
PP_156	ProcessPlan
PP_157	ProcessPlan
PP_158	ProcessPlan
PP_159	ProcessPlan
PP_160	ProcessPlan
PP_161	ProcessPlan
PP_162	ProcessPlan
PP_163	ProcessPlan
PP_164	ProcessPlan
PP_165	ProcessPlan
PP_166	ProcessPlan
PP_167	ProcessPlan
PP_168	ProcessPlan
PP_169	ProcessPlan
PP_170	ProcessPlan
PP_171	ProcessPlan
PP_172	ProcessPlan
PP_173	ProcessPlan
PP_174	ProcessPlan
PP_175	ProcessPlan
PP_176	ProcessPlan
PP_177	ProcessPlan
PP_178	ProcessPlan
PP_179	ProcessPlan
PP_180	ProcessPlan
PP_181	ProcessPlan
PP_182	ProcessPlan
PP_183	ProcessPlan
PP_184	ProcessPlan
PP_185	ProcessPlan
PP_186	ProcessPlan
PP_187	ProcessPlan
PP_188	ProcessPlan
PP_189	ProcessPlan
PP_190	ProcessPlan
PP_191	ProcessPlan
PP_192	ProcessPlan
PP_193	ProcessPlan
PP_194	ProcessPlan
PP_195	ProcessPlan
PP_196	ProcessPlan
PP_197	ProcessPlan
PP_198	ProcessPlan
PP_199	ProcessPlan
PP_200	ProcessPlan
PP_201	ProcessPlan
PP_202	ProcessPlan
PP_203	ProcessPlan
PP_204	ProcessPlan
PP_205	ProcessPlan
PP_206	ProcessPlan
PP_207	ProcessPlan
PP_208	ProcessPlan
PP_209	ProcessPlan
PP_210	ProcessPlan
PP_211	ProcessPlan
PP_212	ProcessPlan
PP_213	ProcessPlan
PP_214	ProcessPlan
PP_215	ProcessPlan
PP_216	ProcessPlan
PP_217	ProcessPlan
PP_218	ProcessPlan
PP_219	ProcessPlan
PP_220	ProcessPlan
PP_221	ProcessPlan
PP_222	ProcessPlan
PP_223	ProcessPlan
PP_224	ProcessPlan
PP_225	ProcessPlan
PP_226	ProcessPlan
PP_227	ProcessPlan
PP_228	ProcessPlan
PP_229	ProcessPlan
PP_230	ProcessPlan
PP_231	ProcessPlan
PP_232	ProcessPlan
PP_270	ProcessPlan
PP_276	ProcessPlan
PP_328	ProcessPlan
PP_329	ProcessPlan
PP_330	ProcessPlan
PP_331	ProcessPlan
PP_332	ProcessPlan
PP_333	ProcessPlan
PP_334	ProcessPlan
PP_335	ProcessPlan
PP_336	ProcessPlan
PP_337	ProcessPlan
PP_338	ProcessPlan
PP_339	ProcessPlan
PP_340	ProcessPlan
PP_341	ProcessPlan
PP_342	ProcessPlan
PP_343	ProcessPlan
PP_344	ProcessPlan
PP_345	ProcessPlan
PP_346	ProcessPlan
PP_347	ProcessPlan
PP_348	ProcessPlan
PP_349	ProcessPlan
PP_350	ProcessPlan
PP_351	ProcessPlan
PP_352	ProcessPlan
PP_353	ProcessPlan
PP_354	ProcessPlan
PP_355	ProcessPlan
PP_356	ProcessPlan
PP_357	ProcessPlan
PP_358	ProcessPlan
PP_359	ProcessPlan
PP_360	ProcessPlan
PP_361	ProcessPlan
PP_362	ProcessPlan
PP_363	ProcessPlan
PP_364	ProcessPlan
PP_365	ProcessPlan
PP_366	ProcessPlan
PP_367	ProcessPlan
PP_368	ProcessPlan
PP_369	ProcessPlan
PP_370	ProcessPlan
PP_371	ProcessPlan
PP_372	ProcessPlan
PP_373	ProcessPlan
PP_374	ProcessPlan
PP_375	ProcessPlan
PP_376	ProcessPlan
PP_377	ProcessPlan
PP_378	ProcessPlan
PP_379	ProcessPlan
PP_380	ProcessPlan
PP_381	ProcessPlan
PP_382	ProcessPlan
PP_383	ProcessPlan
PP_384	ProcessPlan
PP_385	ProcessPlan
PP_386	ProcessPlan
PP_387	ProcessPlan
PP_388	ProcessPlan
PP_389	ProcessPlan
PP_390	ProcessPlan
PP_391	ProcessPlan
PP_392	ProcessPlan
PP_393	ProcessPlan
PP_394	ProcessPlan
PP_395	ProcessPlan
PP_396	ProcessPlan
PP_397	ProcessPlan
PP_398	ProcessPlan
PP_399	ProcessPlan
PP_400	ProcessPlan
PP_401	ProcessPlan
PP_402	ProcessPlan
PP_403	ProcessPlan
PP_404	ProcessPlan
PP_405	ProcessPlan
PP_406	ProcessPlan
PP_407	ProcessPlan
PP_408	ProcessPlan
PP_409	ProcessPlan
PP_410	ProcessPlan
PP_411	ProcessPlan
PP_412	ProcessPlan
PP_413	ProcessPlan
PP_414	ProcessPlan
PP_415	ProcessPlan
PP_416	ProcessPlan
PP_417	ProcessPlan
PP_418	ProcessPlan
PP_419	ProcessPlan
PP_420	ProcessPlan
PP_421	ProcessPlan
PP_422	ProcessPlan
PP_423	ProcessPlan
PP_424	ProcessPlan
PP_425	ProcessPlan
PP_426	ProcessPlan
PP_427	ProcessPlan
PP_428	ProcessPlan
PP_429	ProcessPlan
PP_430	ProcessPlan
PP_431	ProcessPlan
PP_432	ProcessPlan
PP_433	ProcessPlan
PP_434	ProcessPlan
PP_435	ProcessPlan
PP_436	ProcessPlan
PP_437	ProcessPlan
PP_438	ProcessPlan
PP_439	ProcessPlan
PP_440	ProcessPlan
PP_441	ProcessPlan
PP_442	ProcessPlan
PP_443	ProcessPlan
PP_444	ProcessPlan
PP_445	ProcessPlan
PP_446	ProcessPlan
PP_447	ProcessPlan
PP_448	ProcessPlan
PP_449	ProcessPlan
PP_450	ProcessPlan
PP_451	ProcessPlan
PP_452	ProcessPlan
PP_453	ProcessPlan
PP_454	ProcessPlan
PP_455	ProcessPlan
PP_456	ProcessPlan
PP_457	ProcessPlan
PP_458	ProcessPlan
PP_459	ProcessPlan
PP_460	ProcessPlan
PP_461	ProcessPlan
PP_462	ProcessPlan
PP_463	ProcessPlan
PP_464	ProcessPlan
PP_465	ProcessPlan
PP_466	ProcessPlan
PP_467	ProcessPlan
PP_468	ProcessPlan
PP_469	ProcessPlan
PP_470	ProcessPlan
PP_471	ProcessPlan
PP_472	ProcessPlan
PP_473	ProcessPlan
PP_474	ProcessPlan
PP_475	ProcessPlan
PP_476	ProcessPlan
PP_477	ProcessPlan
PP_478	ProcessPlan
PP_479	ProcessPlan
PP_480	ProcessPlan
PP_481	ProcessPlan
PP_482	ProcessPlan
PP_483	ProcessPlan
PP_484	ProcessPlan
PP_485	ProcessPlan
PP_486	ProcessPlan
PP_487	ProcessPlan
PP_488	ProcessPlan
PP_489	ProcessPlan
PP_490	ProcessPlan
PP_491	ProcessPlan
PP_492	ProcessPlan
PP_493	ProcessPlan
PP_494	ProcessPlan
PP_495	ProcessPlan
PP_496	ProcessPlan
PP_497	ProcessPlan
PP_498	ProcessPlan
PP_499	ProcessPlan
PP_500	ProcessPlan
PP_501	ProcessPlan
PP_502	ProcessPlan
PP_503	ProcessPlan
PP_504	ProcessPlan
PP_505	ProcessPlan
PP_506	ProcessPlan
PP_507	ProcessPlan
PP_508	ProcessPlan
PP_509	ProcessPlan
PP_510	ProcessPlan
PP_511	ProcessPlan
PP_512	ProcessPlan
PP_513	ProcessPlan
PP_514	ProcessPlan
PP_515	ProcessPlan
PP_516	ProcessPlan
PP_517	ProcessPlan
PP_518	ProcessPlan
PP_519	ProcessPlan
PP_520	ProcessPlan
PP_521	ProcessPlan
PP_522	ProcessPlan
PP_523	ProcessPlan
PP_524	ProcessPlan
PP_525	ProcessPlan
PP_526	ProcessPlan
PP_527	ProcessPlan
PP_528	ProcessPlan
PP_529	ProcessPlan
PP_530	ProcessPlan
PP_531	ProcessPlan
PP_532	ProcessPlan
PP_533	ProcessPlan
PP_534	ProcessPlan
PP_535	ProcessPlan
PP_536	ProcessPlan
PP_537	ProcessPlan
PP_538	ProcessPlan
PP_539	ProcessPlan
PP_540	ProcessPlan
PP_541	ProcessPlan
PP_542	ProcessPlan
PP_543	ProcessPlan
PP_544	ProcessPlan
PP_545	ProcessPlan
PP_546	ProcessPlan
PP_547	ProcessPlan
PP_548	ProcessPlan
PP_549	ProcessPlan
PP_550	ProcessPlan
PP_551	ProcessPlan
PP_552	ProcessPlan
PP_553	ProcessPlan
PP_554	ProcessPlan
PP_555	ProcessPlan
PP_556	ProcessPlan
PP_557	ProcessPlan
PP_558	ProcessPlan
PP_559	ProcessPlan
PP_560	ProcessPlan
PP_561	ProcessPlan
PP_562	ProcessPlan
PP_563	ProcessPlan
PP_564	ProcessPlan
PP_565	ProcessPlan
PP_566	ProcessPlan
PP_567	ProcessPlan
PP_568	ProcessPlan
PP_569	ProcessPlan
PP_570	ProcessPlan
PP_571	ProcessPlan
PP_572	ProcessPlan
PP_573	ProcessPlan
PP_574	ProcessPlan
PP_575	ProcessPlan
PP_576	ProcessPlan
PP_577	ProcessPlan
PP_578	ProcessPlan
PP_579	ProcessPlan
PP_580	ProcessPlan
PP_581	ProcessPlan
PP_582	ProcessPlan
PP_583	ProcessPlan
PP_584	ProcessPlan
PP_585	ProcessPlan
PP_586	ProcessPlan
PP_587	ProcessPlan
PP_588	ProcessPlan
PP_589	ProcessPlan
PP_590	ProcessPlan
PP_591	ProcessPlan
PP_592	ProcessPlan
PP_593	ProcessPlan
PP_594	ProcessPlan
PP_595	ProcessPlan
PP_596	ProcessPlan
PP_597	ProcessPlan
PP_598	ProcessPlan
PP_599	ProcessPlan
PP_600	ProcessPlan
PP_601	ProcessPlan
PP_602	ProcessPlan
PP_603	ProcessPlan
PP_604	ProcessPlan
PP_605	ProcessPlan
PP_606	ProcessPlan
PP_607	ProcessPlan
PP_608	ProcessPlan
PP_609	ProcessPlan
PP_610	ProcessPlan
PP_611	ProcessPlan
PP_612	ProcessPlan
PP_613	ProcessPlan
PP_614	ProcessPlan
PP_615	ProcessPlan
PP_616	ProcessPlan
PP_617	ProcessPlan
PP_618	ProcessPlan
PP_619	ProcessPlan
PP_620	ProcessPlan
PP_621	ProcessPlan
PP_622	ProcessPlan
PP_623	ProcessPlan
PP_624	ProcessPlan
PP_625	ProcessPlan
PP_626	ProcessPlan
PP_627	ProcessPlan
PP_628	ProcessPlan
PP_629	ProcessPlan
PP_630	ProcessPlan
PP_631	ProcessPlan
PP_632	ProcessPlan
PP_633	ProcessPlan
PP_634	ProcessPlan
PP_635	ProcessPlan
PP_636	ProcessPlan
PP_637	ProcessPlan
PP_638	ProcessPlan
PP_639	ProcessPlan
PP_640	ProcessPlan
PP_641	ProcessPlan
PP_642	ProcessPlan
PP_643	ProcessPlan
PP_644	ProcessPlan
PP_645	ProcessPlan
PP_646	ProcessPlan
PP_647	ProcessPlan
PP_648	ProcessPlan
PP_649	ProcessPlan
PP_650	ProcessPlan
PP_651	ProcessPlan
PP_652	ProcessPlan
PP_653	ProcessPlan
PP_654	ProcessPlan
PP_655	ProcessPlan
PP_656	ProcessPlan
PP_657	ProcessPlan
PP_658	ProcessPlan
PP_659	ProcessPlan
PP_660	ProcessPlan
PP_661	ProcessPlan
PP_662	ProcessPlan
PP_663	ProcessPlan
PP_664	ProcessPlan
PP_665	ProcessPlan
PP_666	ProcessPlan
PP_667	ProcessPlan
PP_668	ProcessPlan
PP_669	ProcessPlan
PP_670	ProcessPlan
PP_671	ProcessPlan
PP_672	ProcessPlan
PP_673	ProcessPlan
PP_674	ProcessPlan
PP_675	ProcessPlan
PP_676	ProcessPlan
PP_677	ProcessPlan
PP_678	ProcessPlan
PP_679	ProcessPlan
PP_680	ProcessPlan
PP_681	ProcessPlan
PP_682	ProcessPlan
PP_683	ProcessPlan
PP_684	ProcessPlan
PP_685	ProcessPlan
PP_686	ProcessPlan
PP_687	ProcessPlan
PP_688	ProcessPlan
PP_689	ProcessPlan
PP_690	ProcessPlan
PP_691	ProcessPlan
PP_692	ProcessPlan
PP_693	ProcessPlan
PP_694	ProcessPlan
PP_695	ProcessPlan
PP_696	ProcessPlan
PP_697	ProcessPlan
PP_698	ProcessPlan
PP_699	ProcessPlan
PP_700	ProcessPlan
PP_701	ProcessPlan
PP_702	ProcessPlan
PP_703	ProcessPlan
PP_704	ProcessPlan
P_001	ProcessStep
P_002	ProcessStep
P_003	ProcessStep
P_004	ProcessStep
P_005	ProcessStep
P_006	ProcessStep
P_007	ProcessStep
P_008	ProcessStep
P_009	ProcessStep
P_010	ProcessStep
P_011	ProcessStep
P_012	ProcessStep
P_013	ProcessStep
P_014	ProcessStep
P_015	ProcessStep
P_016	ProcessStep
P_017	ProcessStep
P_018	ProcessStep
P_019	ProcessStep
P_020	ProcessStep
P_021	ProcessStep
P_022	ProcessStep
P_023	ProcessStep
P_024	ProcessStep
P_025	ProcessStep
P_026	ProcessStep
P_027	ProcessStep
P_028	ProcessStep
P_029	ProcessStep
P_030	ProcessStep
P_031	ProcessStep
P_032	ProcessStep
P_033	ProcessStep
P_034	ProcessStep
P_035	ProcessStep
P_036	ProcessStep
P_037	ProcessStep
P_038	ProcessStep
P_039	ProcessStep
P_040	ProcessStep
P_041	ProcessStep
P_042	ProcessStep
P_043	ProcessStep
P_044	ProcessStep
P_045	ProcessStep
P_046	ProcessStep
P_047	ProcessStep
P_048	ProcessStep
P_049	ProcessStep
P_050	ProcessStep
P_051	ProcessStep
P_052	ProcessStep
P_053	ProcessStep
P_054	ProcessStep
P_055	ProcessStep
P_056	ProcessStep
P_057	ProcessStep
P_058	ProcessStep
P_059	ProcessStep
P_060	ProcessStep
P_061	ProcessStep
P_062	ProcessStep
P_063	ProcessStep
P_064	ProcessStep
P_065	ProcessStep
P_066	ProcessStep
P_067	ProcessStep
P_068	ProcessStep
P_069	ProcessStep
P_070	ProcessStep
P_071	ProcessStep
P_072	ProcessStep
P_073	ProcessStep
P_074	ProcessStep
P_075	ProcessStep
P_076	ProcessStep
P_077	ProcessStep
P_078	ProcessStep
P_079	ProcessStep
P_080	ProcessStep
P_081	ProcessStep
P_082	ProcessStep
P_083	ProcessStep
P_084	ProcessStep
P_085	ProcessStep
P_086	ProcessStep
P_087	ProcessStep
P_088	ProcessStep
P_089	ProcessStep
P_090	ProcessStep
P_091	ProcessStep
P_092	ProcessStep
P_093	ProcessStep
P_094	ProcessStep
P_095	ProcessStep
P_096	ProcessStep
P_097	ProcessStep
P_098	ProcessStep
P_099	ProcessStep
P_100	ProcessStep
P_1000	ProcessStep
P_1001	ProcessStep
P_1002	ProcessStep
P_1003	ProcessStep
P_1004	ProcessStep
P_1005	ProcessStep
P_1006	ProcessStep
P_1007	ProcessStep
P_1008	ProcessStep
P_1009	ProcessStep
P_101	ProcessStep
P_1010	ProcessStep
P_1011	ProcessStep
P_1012	ProcessStep
P_1013	ProcessStep
P_1014	ProcessStep
P_1015	ProcessStep
P_1016	ProcessStep
P_1017	ProcessStep
P_1018	ProcessStep
P_1019	ProcessStep
P_102	ProcessStep
P_1020	ProcessStep
P_1021	ProcessStep
P_1022	ProcessStep
P_1023	ProcessStep
P_1024	ProcessStep
P_1025	ProcessStep
P_1026	ProcessStep
P_1027	ProcessStep
P_1028	ProcessStep
P_1029	ProcessStep
P_103	ProcessStep
P_1030	ProcessStep
P_1031	ProcessStep
P_1032	ProcessStep
P_1033	ProcessStep
P_1034	ProcessStep
P_1035	ProcessStep
P_1036	ProcessStep
P_1037	ProcessStep
P_1038	ProcessStep
P_1039	ProcessStep
P_104	ProcessStep
P_1040	ProcessStep
P_1041	ProcessStep
P_1042	ProcessStep
P_1043	ProcessStep
P_1044	ProcessStep
P_1045	ProcessStep
P_1046	ProcessStep
P_1047	ProcessStep
P_1048	ProcessStep
P_1049	ProcessStep
P_105	ProcessStep
P_1050	ProcessStep
P_1051	ProcessStep
P_1052	ProcessStep
P_1053	ProcessStep
P_1054	ProcessStep
P_1055	ProcessStep
P_1056	ProcessStep
P_1057	ProcessStep
P_1058	ProcessStep
P_1059	ProcessStep
P_106	ProcessStep
P_1060	ProcessStep
P_1061	ProcessStep
P_1062	ProcessStep
P_1063	ProcessStep
P_1064	ProcessStep
P_1065	ProcessStep
P_1066	ProcessStep
P_1067	ProcessStep
P_1068	ProcessStep
P_1069	ProcessStep
P_107	ProcessStep
P_1070	ProcessStep
P_1071	ProcessStep
P_1072	ProcessStep
P_1073	ProcessStep
P_1074	ProcessStep
P_1075	ProcessStep
P_1076	ProcessStep
P_1077	ProcessStep
P_1078	ProcessStep
P_1079	ProcessStep
P_108	ProcessStep
P_1080	ProcessStep
P_1081	ProcessStep
P_1082	ProcessStep
P_1083	ProcessStep
P_1084	ProcessStep
P_1085	ProcessStep
P_1086	ProcessStep
P_1087	ProcessStep
P_1088	ProcessStep
P_1089	ProcessStep
P_109	ProcessStep
P_1090	ProcessStep
P_1091	ProcessStep
P_1092	ProcessStep
P_1093	ProcessStep
P_1094	ProcessStep
P_1095	ProcessStep
P_1096	ProcessStep
P_1097	ProcessStep
P_1098	ProcessStep
P_1099	ProcessStep
P_110	ProcessStep
P_1100	ProcessStep
P_1101	ProcessStep
P_1102	ProcessStep
P_1103	ProcessStep
P_1104	ProcessStep
P_1105	ProcessStep
P_1106	ProcessStep
P_1107	ProcessStep
P_1108	ProcessStep
P_1109	ProcessStep
P_111	ProcessStep
P_1110	ProcessStep
P_1111	ProcessStep
P_1112	ProcessStep
P_1113	ProcessStep
P_1114	ProcessStep
P_1115	ProcessStep
P_1116	ProcessStep
P_1117	ProcessStep
P_1118	ProcessStep
P_1119	ProcessStep
P_112	ProcessStep
P_1120	ProcessStep
P_1121	ProcessStep
P_1122	ProcessStep
P_1123	ProcessStep
P_1124	ProcessStep
P_1125	ProcessStep
P_1126	ProcessStep
P_1127	ProcessStep
P_1128	ProcessStep
P_1129	ProcessStep
P_113	ProcessStep
P_1130	ProcessStep
P_1131	ProcessStep
P_1132	ProcessStep
P_1133	ProcessStep
P_1134	ProcessStep
P_1135	ProcessStep
P_1136	ProcessStep
P_1137	ProcessStep
P_1138	ProcessStep
P_1139	ProcessStep
P_114	ProcessStep
P_1140	ProcessStep
P_1141	ProcessStep
P_1142	ProcessStep
P_1143	ProcessStep
P_1144	ProcessStep
P_1145	ProcessStep
P_1146	ProcessStep
P_1147	ProcessStep
P_1148	ProcessStep
P_1149	ProcessStep
P_115	ProcessStep
P_1150	ProcessStep
P_1151	ProcessStep
P_1152	ProcessStep
P_1153	ProcessStep
P_1154	ProcessStep
P_1155	ProcessStep
P_1156	ProcessStep
P_1157	ProcessStep
P_1158	ProcessStep
P_1159	ProcessStep
P_116	ProcessStep
P_1160	ProcessStep
P_1161	ProcessStep
P_1162	ProcessStep
P_1163	ProcessStep
P_1164	ProcessStep
P_1165	ProcessStep
P_1166	ProcessStep
P_1167	ProcessStep
P_1168	ProcessStep
P_1169	ProcessStep
P_117	ProcessStep
P_1170	ProcessStep
P_118	ProcessStep
P_119	ProcessStep
P_120	ProcessStep
P_121	ProcessStep
P_122	ProcessStep
P_123	ProcessStep
P_124	ProcessStep
P_125	ProcessStep
P_126	ProcessStep
P_127	ProcessStep
P_128	ProcessStep
P_129	ProcessStep
P_130	ProcessStep
P_131	ProcessStep
P_132	ProcessStep
P_133	ProcessStep
P_134	ProcessStep
P_135	ProcessStep
P_136	ProcessStep
P_137	ProcessStep
P_138	ProcessStep
P_1380	ProcessStep
P_1381	ProcessStep
P_1382	ProcessStep
P_1383	ProcessStep
P_139	ProcessStep
P_1399	ProcessStep
P_140	ProcessStep
P_1400	ProcessStep
P_1401	ProcessStep
P_1402	ProcessStep
P_1403	ProcessStep
P_1404	ProcessStep
P_1405	ProcessStep
P_1406	ProcessStep
P_141	ProcessStep
P_142	ProcessStep
P_143	ProcessStep
P_144	ProcessStep
P_145	ProcessStep
P_146	ProcessStep
P_147	ProcessStep
P_148	ProcessStep
P_149	ProcessStep
P_150	ProcessStep
P_151	ProcessStep
P_152	ProcessStep
P_153	ProcessStep
P_154	ProcessStep
P_155	ProcessStep
P_156	ProcessStep
P_157	ProcessStep
P_158	ProcessStep
P_159	ProcessStep
P_160	ProcessStep
P_161	ProcessStep
P_162	ProcessStep
P_163	ProcessStep
P_164	ProcessStep
P_165	ProcessStep
P_166	ProcessStep
P_1667	ProcessStep
P_1668	ProcessStep
P_1669	ProcessStep
P_167	ProcessStep
P_1670	ProcessStep
P_1671	ProcessStep
P_1672	ProcessStep
P_1673	ProcessStep
P_1674	ProcessStep
P_1675	ProcessStep
P_1676	ProcessStep
P_1677	ProcessStep
P_1678	ProcessStep
P_1679	ProcessStep
P_168	ProcessStep
P_1680	ProcessStep
P_1681	ProcessStep
P_1682	ProcessStep
P_1683	ProcessStep
P_1684	ProcessStep
P_1685	ProcessStep
P_1686	ProcessStep
P_1687	ProcessStep
P_1688	ProcessStep
P_1689	ProcessStep
P_169	ProcessStep
P_1690	ProcessStep
P_1691	ProcessStep
P_1692	ProcessStep
P_1693	ProcessStep
P_1694	ProcessStep
P_1695	ProcessStep
P_1696	ProcessStep
P_1697	ProcessStep
P_1698	ProcessStep
P_1699	ProcessStep
P_170	ProcessStep
P_1700	ProcessStep
P_1701	ProcessStep
P_1702	ProcessStep
P_1703	ProcessStep
P_1704	ProcessStep
P_1705	ProcessStep
P_1706	ProcessStep
P_1707	ProcessStep
P_1708	ProcessStep
P_1709	ProcessStep
P_171	ProcessStep
P_1710	ProcessStep
P_1711	ProcessStep
P_1712	ProcessStep
P_1713	ProcessStep
P_1714	ProcessStep
P_1715	ProcessStep
P_1716	ProcessStep
P_1717	ProcessStep
P_1718	ProcessStep
P_1719	ProcessStep
P_172	ProcessStep
P_1720	ProcessStep
P_1721	ProcessStep
P_1722	ProcessStep
P_1723	ProcessStep
P_1724	ProcessStep
P_1725	ProcessStep
P_1726	ProcessStep
P_1727	ProcessStep
P_1728	ProcessStep
P_1729	ProcessStep
P_173	ProcessStep
P_1730	ProcessStep
P_1731	ProcessStep
P_1732	ProcessStep
P_1733	ProcessStep
P_1734	ProcessStep
P_1735	ProcessStep
P_1736	ProcessStep
P_1737	ProcessStep
P_1738	ProcessStep
P_1739	ProcessStep
P_174	ProcessStep
P_1740	ProcessStep
P_1741	ProcessStep
P_1742	ProcessStep
P_1743	ProcessStep
P_1744	ProcessStep
P_1745	ProcessStep
P_1746	ProcessStep
P_1747	ProcessStep
P_1748	ProcessStep
P_1749	ProcessStep
P_175	ProcessStep
P_1750	ProcessStep
P_1751	ProcessStep
P_1752	ProcessStep
P_1753	ProcessStep
P_1754	ProcessStep
P_1755	ProcessStep
P_1756	ProcessStep
P_1757	ProcessStep
P_1758	ProcessStep
P_1759	ProcessStep
P_176	ProcessStep
P_1760	ProcessStep
P_1761	ProcessStep
P_1762	ProcessStep
P_1763	ProcessStep
P_1764	ProcessStep
P_1765	ProcessStep
P_1766	ProcessStep
P_1767	ProcessStep
P_1768	ProcessStep
P_1769	ProcessStep
P_177	ProcessStep
P_1770	ProcessStep
P_1771	ProcessStep
P_1772	ProcessStep
P_1773	ProcessStep
P_1774	ProcessStep
P_1775	ProcessStep
P_1776	ProcessStep
P_1777	ProcessStep
P_1778	ProcessStep
P_1779	ProcessStep
P_178	ProcessStep
P_1780	ProcessStep
P_1781	ProcessStep
P_1782	ProcessStep
P_1783	ProcessStep
P_1784	ProcessStep
P_1785	ProcessStep
P_1786	ProcessStep
P_1787	ProcessStep
P_1788	ProcessStep
P_1789	ProcessStep
P_179	ProcessStep
P_1790	ProcessStep
P_1791	ProcessStep
P_1792	ProcessStep
P_1793	ProcessStep
P_1794	ProcessStep
P_1795	ProcessStep
P_1796	ProcessStep
P_1797	ProcessStep
P_1798	ProcessStep
P_1799	ProcessStep
P_180	ProcessStep
P_1800	ProcessStep
P_1801	ProcessStep
P_1802	ProcessStep
P_1803	ProcessStep
P_1804	ProcessStep
P_1805	ProcessStep
P_1806	ProcessStep
P_1807	ProcessStep
P_1808	ProcessStep
P_1809	ProcessStep
P_181	ProcessStep
P_1810	ProcessStep
P_1811	ProcessStep
P_1812	ProcessStep
P_1813	ProcessStep
P_1814	ProcessStep
P_1815	ProcessStep
P_1816	ProcessStep
P_1817	ProcessStep
P_1818	ProcessStep
P_1819	ProcessStep
P_182	ProcessStep
P_1820	ProcessStep
P_1821	ProcessStep
P_1822	ProcessStep
P_1823	ProcessStep
P_1824	ProcessStep
P_1825	ProcessStep
P_1826	ProcessStep
P_1827	ProcessStep
P_1828	ProcessStep
P_1829	ProcessStep
P_183	ProcessStep
P_1830	ProcessStep
P_1831	ProcessStep
P_1832	ProcessStep
P_1833	ProcessStep
P_1834	ProcessStep
P_1835	ProcessStep
P_1836	ProcessStep
P_1837	ProcessStep
P_1838	ProcessStep
P_1839	ProcessStep
P_184	ProcessStep
P_1840	ProcessStep
P_1841	ProcessStep
P_1842	ProcessStep
P_1843	ProcessStep
P_1844	ProcessStep
P_1845	ProcessStep
P_1846	ProcessStep
P_1847	ProcessStep
P_1848	ProcessStep
P_1849	ProcessStep
P_185	ProcessStep
P_1850	ProcessStep
P_1851	ProcessStep
P_1852	ProcessStep
P_1853	ProcessStep
P_1854	ProcessStep
P_1855	ProcessStep
P_1856	ProcessStep
P_1857	ProcessStep
P_1858	ProcessStep
P_1859	ProcessStep
P_186	ProcessStep
P_1860	ProcessStep
P_1861	ProcessStep
P_1862	ProcessStep
P_1863	ProcessStep
P_1864	ProcessStep
P_1865	ProcessStep
P_1866	ProcessStep
P_1867	ProcessStep
P_1868	ProcessStep
P_1869	ProcessStep
P_187	ProcessStep
P_1870	ProcessStep
P_1871	ProcessStep
P_1872	ProcessStep
P_1873	ProcessStep
P_1874	ProcessStep
P_1875	ProcessStep
P_1876	ProcessStep
P_1877	ProcessStep
P_1878	ProcessStep
P_1879	ProcessStep
P_188	ProcessStep
P_1880	ProcessStep
P_1881	ProcessStep
P_1882	ProcessStep
P_1883	ProcessStep
P_1884	ProcessStep
P_1885	ProcessStep
P_1886	ProcessStep
P_1887	ProcessStep
P_1888	ProcessStep
P_1889	ProcessStep
P_189	ProcessStep
P_1890	ProcessStep
P_1891	ProcessStep
P_1892	ProcessStep
P_1893	ProcessStep
P_1894	ProcessStep
P_1895	ProcessStep
P_1896	ProcessStep
P_1897	ProcessStep
P_1898	ProcessStep
P_1899	ProcessStep
P_190	ProcessStep
P_1900	ProcessStep
P_1901	ProcessStep
P_1902	ProcessStep
P_1903	ProcessStep
P_1904	ProcessStep
P_1905	ProcessStep
P_1906	ProcessStep
P_1907	ProcessStep
P_1908	ProcessStep
P_1909	ProcessStep
P_191	ProcessStep
P_1910	ProcessStep
P_1911	ProcessStep
P_1912	ProcessStep
P_1913	ProcessStep
P_1914	ProcessStep
P_1915	ProcessStep
P_1916	ProcessStep
P_1917	ProcessStep
P_1918	ProcessStep
P_1919	ProcessStep
P_192	ProcessStep
P_1920	ProcessStep
P_1921	ProcessStep
P_1922	ProcessStep
P_1923	ProcessStep
P_1924	ProcessStep
P_1925	ProcessStep
P_1926	ProcessStep
P_1927	ProcessStep
P_1928	ProcessStep
P_1929	ProcessStep
P_193	ProcessStep
P_1930	ProcessStep
P_1931	ProcessStep
P_1932	ProcessStep
P_1933	ProcessStep
P_1934	ProcessStep
P_1935	ProcessStep
P_1936	ProcessStep
P_1937	ProcessStep
P_1938	ProcessStep
P_1939	ProcessStep
P_194	ProcessStep
P_1940	ProcessStep
P_1941	ProcessStep
P_1942	ProcessStep
P_1943	ProcessStep
P_1944	ProcessStep
P_1945	ProcessStep
P_1946	ProcessStep
P_1947	ProcessStep
P_1948	ProcessStep
P_1949	ProcessStep
P_195	ProcessStep
P_1950	ProcessStep
P_1951	ProcessStep
P_1952	ProcessStep
P_1953	ProcessStep
P_1954	ProcessStep
P_1955	ProcessStep
P_1956	ProcessStep
P_1957	ProcessStep
P_1958	ProcessStep
P_1959	ProcessStep
P_196	ProcessStep
P_1960	ProcessStep
P_1961	ProcessStep
P_1962	ProcessStep
P_1963	ProcessStep
P_1964	ProcessStep
P_1965	ProcessStep
P_1966	ProcessStep
P_1967	ProcessStep
P_1968	ProcessStep
P_1969	ProcessStep
P_197	ProcessStep
P_1970	ProcessStep
P_1971	ProcessStep
P_1972	ProcessStep
P_1973	ProcessStep
P_1974	ProcessStep
P_1975	ProcessStep
P_1976	ProcessStep
P_1977	ProcessStep
P_1978	ProcessStep
P_1979	ProcessStep
P_198	ProcessStep
P_1980	ProcessStep
P_1981	ProcessStep
P_1982	ProcessStep
P_1983	ProcessStep
P_1984	ProcessStep
P_1985	ProcessStep
P_1986	ProcessStep
P_1987	ProcessStep
P_1988	ProcessStep
P_1989	ProcessStep
P_199	ProcessStep
P_1990	ProcessStep
P_1991	ProcessStep
P_1992	ProcessStep
P_1993	ProcessStep
P_1994	ProcessStep
P_1995	ProcessStep
P_1996	ProcessStep
P_1997	ProcessStep
P_1998	ProcessStep
P_1999	ProcessStep
P_200	ProcessStep
P_2000	ProcessStep
P_2001	ProcessStep
P_2002	ProcessStep
P_2003	ProcessStep
P_2004	ProcessStep
P_2005	ProcessStep
P_2006	ProcessStep
P_2007	ProcessStep
P_2008	ProcessStep
P_2009	ProcessStep
P_201	ProcessStep
P_2010	ProcessStep
P_2011	ProcessStep
P_2012	ProcessStep
P_2013	ProcessStep
P_2014	ProcessStep
P_2015	ProcessStep
P_2016	ProcessStep
P_2017	ProcessStep
P_2018	ProcessStep
P_2019	ProcessStep
P_202	ProcessStep
P_2020	ProcessStep
P_2021	ProcessStep
P_2022	ProcessStep
P_2023	ProcessStep
P_2024	ProcessStep
P_2025	ProcessStep
P_2026	ProcessStep
P_2027	ProcessStep
P_2028	ProcessStep
P_2029	ProcessStep
P_203	ProcessStep
P_2030	ProcessStep
P_2031	ProcessStep
P_2032	ProcessStep
P_2033	ProcessStep
P_2034	ProcessStep
P_2035	ProcessStep
P_2036	ProcessStep
P_2037	ProcessStep
P_2038	ProcessStep
P_2039	ProcessStep
P_204	ProcessStep
P_2040	ProcessStep
P_2041	ProcessStep
P_2042	ProcessStep
P_2043	ProcessStep
P_2044	ProcessStep
P_2045	ProcessStep
P_2046	ProcessStep
P_2047	ProcessStep
P_2048	ProcessStep
P_2049	ProcessStep
P_205	ProcessStep
P_2050	ProcessStep
P_2051	ProcessStep
P_2052	ProcessStep
P_2053	ProcessStep
P_2054	ProcessStep
P_2055	ProcessStep
P_2056	ProcessStep
P_2057	ProcessStep
P_2058	ProcessStep
P_2059	ProcessStep
P_206	ProcessStep
P_2060	ProcessStep
P_2061	ProcessStep
P_2062	ProcessStep
P_2063	ProcessStep
P_2064	ProcessStep
P_2065	ProcessStep
P_2066	ProcessStep
P_2067	ProcessStep
P_2068	ProcessStep
P_2069	ProcessStep
P_207	ProcessStep
P_2070	ProcessStep
P_2071	ProcessStep
P_2072	ProcessStep
P_2073	ProcessStep
P_2074	ProcessStep
P_2075	ProcessStep
P_2076	ProcessStep
P_2077	ProcessStep
P_2078	ProcessStep
P_2079	ProcessStep
P_208	ProcessStep
P_2080	ProcessStep
P_2081	ProcessStep
P_2082	ProcessStep
P_2083	ProcessStep
P_2084	ProcessStep
P_2085	ProcessStep
P_2086	ProcessStep
P_2087	ProcessStep
P_2088	ProcessStep
P_2089	ProcessStep
P_209	ProcessStep
P_2090	ProcessStep
P_2091	ProcessStep
P_2092	ProcessStep
P_2093	ProcessStep
P_2094	ProcessStep
P_2095	ProcessStep
P_2096	ProcessStep
P_2097	ProcessStep
P_2098	ProcessStep
P_2099	ProcessStep
P_210	ProcessStep
P_2100	ProcessStep
P_2101	ProcessStep
P_2102	ProcessStep
P_2103	ProcessStep
P_2104	ProcessStep
P_2105	ProcessStep
P_2106	ProcessStep
P_2107	ProcessStep
P_2108	ProcessStep
P_2109	ProcessStep
P_211	ProcessStep
P_2110	ProcessStep
P_2111	ProcessStep
P_2112	ProcessStep
P_2113	ProcessStep
P_2114	ProcessStep
P_2115	ProcessStep
P_2116	ProcessStep
P_2117	ProcessStep
P_2118	ProcessStep
P_2119	ProcessStep
P_212	ProcessStep
P_2120	ProcessStep
P_2121	ProcessStep
P_2122	ProcessStep
P_2123	ProcessStep
P_2124	ProcessStep
P_2125	ProcessStep
P_2126	ProcessStep
P_2127	ProcessStep
P_2128	ProcessStep
P_2129	ProcessStep
P_213	ProcessStep
P_2130	ProcessStep
P_2131	ProcessStep
P_2132	ProcessStep
P_2133	ProcessStep
P_2134	ProcessStep
P_2135	ProcessStep
P_2136	ProcessStep
P_2137	ProcessStep
P_2138	ProcessStep
P_2139	ProcessStep
P_214	ProcessStep
P_2140	ProcessStep
P_2141	ProcessStep
P_2142	ProcessStep
P_2143	ProcessStep
P_2144	ProcessStep
P_2145	ProcessStep
P_2146	ProcessStep
P_2147	ProcessStep
P_2148	ProcessStep
P_2149	ProcessStep
P_215	ProcessStep
P_2150	ProcessStep
P_2151	ProcessStep
P_2152	ProcessStep
P_2153	ProcessStep
P_2154	ProcessStep
P_2155	ProcessStep
P_2156	ProcessStep
P_2157	ProcessStep
P_2158	ProcessStep
P_2159	ProcessStep
P_216	ProcessStep
P_2160	ProcessStep
P_2161	ProcessStep
P_2162	ProcessStep
P_2163	ProcessStep
P_2164	ProcessStep
P_2165	ProcessStep
P_2166	ProcessStep
P_2167	ProcessStep
P_2168	ProcessStep
P_2169	ProcessStep
P_217	ProcessStep
P_2170	ProcessStep
P_2171	ProcessStep
P_2172	ProcessStep
P_2173	ProcessStep
P_2174	ProcessStep
P_2175	ProcessStep
P_2176	ProcessStep
P_2177	ProcessStep
P_2178	ProcessStep
P_2179	ProcessStep
P_218	ProcessStep
P_2180	ProcessStep
P_2181	ProcessStep
P_2182	ProcessStep
P_2183	ProcessStep
P_2184	ProcessStep
P_2185	ProcessStep
P_2186	ProcessStep
P_2187	ProcessStep
P_2188	ProcessStep
P_2189	ProcessStep
P_219	ProcessStep
P_2190	ProcessStep
P_2191	ProcessStep
P_2192	ProcessStep
P_2193	ProcessStep
P_2194	ProcessStep
P_2195	ProcessStep
P_2196	ProcessStep
P_2197	ProcessStep
P_2198	ProcessStep
P_2199	ProcessStep
P_220	ProcessStep
P_2200	ProcessStep
P_2201	ProcessStep
P_2202	ProcessStep
P_2203	ProcessStep
P_2204	ProcessStep
P_2205	ProcessStep
P_2206	ProcessStep
P_2207	ProcessStep
P_2208	ProcessStep
P_2209	ProcessStep
P_221	ProcessStep
P_2210	ProcessStep
P_2211	ProcessStep
P_2212	ProcessStep
P_2213	ProcessStep
P_2214	ProcessStep
P_2215	ProcessStep
P_2216	ProcessStep
P_2217	ProcessStep
P_2218	ProcessStep
P_2219	ProcessStep
P_222	ProcessStep
P_2220	ProcessStep
P_2221	ProcessStep
P_2222	ProcessStep
P_2223	ProcessStep
P_2224	ProcessStep
P_2225	ProcessStep
P_2226	ProcessStep
P_2227	ProcessStep
P_2228	ProcessStep
P_2229	ProcessStep
P_223	ProcessStep
P_2230	ProcessStep
P_2231	ProcessStep
P_2232	ProcessStep
P_2233	ProcessStep
P_2234	ProcessStep
P_2235	ProcessStep
P_2236	ProcessStep
P_2237	ProcessStep
P_2238	ProcessStep
P_2239	ProcessStep
P_224	ProcessStep
P_2240	ProcessStep
P_2241	ProcessStep
P_2242	ProcessStep
P_2243	ProcessStep
P_2244	ProcessStep
P_2245	ProcessStep
P_2246	ProcessStep
P_2247	ProcessStep
P_2248	ProcessStep
P_2249	ProcessStep
P_225	ProcessStep
P_2250	ProcessStep
P_2251	ProcessStep
P_2252	ProcessStep
P_2253	ProcessStep
P_2254	ProcessStep
P_2255	ProcessStep
P_2256	ProcessStep
P_2257	ProcessStep
P_2258	ProcessStep
P_2259	ProcessStep
P_226	ProcessStep
P_2260	ProcessStep
P_2261	ProcessStep
P_2262	ProcessStep
P_2263	ProcessStep
P_2264	ProcessStep
P_2265	ProcessStep
P_2266	ProcessStep
P_2267	ProcessStep
P_2268	ProcessStep
P_2269	ProcessStep
P_227	ProcessStep
P_2270	ProcessStep
P_2271	ProcessStep
P_2272	ProcessStep
P_2273	ProcessStep
P_2274	ProcessStep
P_2275	ProcessStep
P_2276	ProcessStep
P_2277	ProcessStep
P_2278	ProcessStep
P_2279	ProcessStep
P_228	ProcessStep
P_2280	ProcessStep
P_2281	ProcessStep
P_2282	ProcessStep
P_2283	ProcessStep
P_2284	ProcessStep
P_2285	ProcessStep
P_2286	ProcessStep
P_2287	ProcessStep
P_2288	ProcessStep
P_2289	ProcessStep
P_229	ProcessStep
P_2290	ProcessStep
P_2291	ProcessStep
P_2292	ProcessStep
P_2293	ProcessStep
P_2294	ProcessStep
P_2295	ProcessStep
P_2296	ProcessStep
P_2297	ProcessStep
P_2298	ProcessStep
P_2299	ProcessStep
P_230	ProcessStep
P_2300	ProcessStep
P_2301	ProcessStep
P_2302	ProcessStep
P_2303	ProcessStep
P_2304	ProcessStep
P_2305	ProcessStep
P_2306	ProcessStep
P_2307	ProcessStep
P_2308	ProcessStep
P_2309	ProcessStep
P_231	ProcessStep
P_2310	ProcessStep
P_2311	ProcessStep
P_2312	ProcessStep
P_2313	ProcessStep
P_2314	ProcessStep
P_2315	ProcessStep
P_2316	ProcessStep
P_2317	ProcessStep
P_2318	ProcessStep
P_2319	ProcessStep
P_232	ProcessStep
P_2320	ProcessStep
P_2321	ProcessStep
P_2322	ProcessStep
P_2323	ProcessStep
P_2324	ProcessStep
P_2325	ProcessStep
P_2326	ProcessStep
P_2327	ProcessStep
P_2328	ProcessStep
P_2329	ProcessStep
P_233	ProcessStep
P_2330	ProcessStep
P_2331	ProcessStep
P_2332	ProcessStep
P_2333	ProcessStep
P_2334	ProcessStep
P_2335	ProcessStep
P_2336	ProcessStep
P_2337	ProcessStep
P_2338	ProcessStep
P_2339	ProcessStep
P_234	ProcessStep
P_2340	ProcessStep
P_2341	ProcessStep
P_2342	ProcessStep
P_2343	ProcessStep
P_2344	ProcessStep
P_2345	ProcessStep
P_2346	ProcessStep
P_2347	ProcessStep
P_2348	ProcessStep
P_2349	ProcessStep
P_235	ProcessStep
P_2350	ProcessStep
P_2351	ProcessStep
P_2352	ProcessStep
P_2353	ProcessStep
P_2354	ProcessStep
P_2355	ProcessStep
P_2356	ProcessStep
P_2357	ProcessStep
P_2358	ProcessStep
P_2359	ProcessStep
P_236	ProcessStep
P_2360	ProcessStep
P_2361	ProcessStep
P_2362	ProcessStep
P_2363	ProcessStep
P_2364	ProcessStep
P_2365	ProcessStep
P_2366	ProcessStep
P_2367	ProcessStep
P_2368	ProcessStep
P_2369	ProcessStep
P_237	ProcessStep
P_2370	ProcessStep
P_2371	ProcessStep
P_2372	ProcessStep
P_2373	ProcessStep
P_2374	ProcessStep
P_2375	ProcessStep
P_2376	ProcessStep
P_2377	ProcessStep
P_2378	ProcessStep
P_2379	ProcessStep
P_238	ProcessStep
P_2380	ProcessStep
P_2381	ProcessStep
P_2382	ProcessStep
P_2383	ProcessStep
P_2384	ProcessStep
P_2385	ProcessStep
P_2386	ProcessStep
P_2387	ProcessStep
P_2388	ProcessStep
P_2389	ProcessStep
P_239	ProcessStep
P_2390	ProcessStep
P_2391	ProcessStep
P_2392	ProcessStep
P_2393	ProcessStep
P_2394	ProcessStep
P_2395	ProcessStep
P_2396	ProcessStep
P_2397	ProcessStep
P_2398	ProcessStep
P_2399	ProcessStep
P_240	ProcessStep
P_2400	ProcessStep
P_2401	ProcessStep
P_2402	ProcessStep
P_2403	ProcessStep
P_2404	ProcessStep
P_2405	ProcessStep
P_2406	ProcessStep
P_2407	ProcessStep
P_2408	ProcessStep
P_2409	ProcessStep
P_241	ProcessStep
P_2410	ProcessStep
P_2411	ProcessStep
P_2412	ProcessStep
P_2413	ProcessStep
P_2414	ProcessStep
P_2415	ProcessStep
P_2416	ProcessStep
P_2417	ProcessStep
P_2418	ProcessStep
P_2419	ProcessStep
P_242	ProcessStep
P_2420	ProcessStep
P_2421	ProcessStep
P_2422	ProcessStep
P_2423	ProcessStep
P_2424	ProcessStep
P_2425	ProcessStep
P_2426	ProcessStep
P_2427	ProcessStep
P_2428	ProcessStep
P_2429	ProcessStep
P_243	ProcessStep
P_2430	ProcessStep
P_2431	ProcessStep
P_2432	ProcessStep
P_2433	ProcessStep
P_2434	ProcessStep
P_2435	ProcessStep
P_2436	ProcessStep
P_2437	ProcessStep
P_2438	ProcessStep
P_2439	ProcessStep
P_244	ProcessStep
P_2440	ProcessStep
P_2441	ProcessStep
P_2442	ProcessStep
P_2443	ProcessStep
P_2444	ProcessStep
P_2445	ProcessStep
P_2446	ProcessStep
P_2447	ProcessStep
P_2448	ProcessStep
P_2449	ProcessStep
P_245	ProcessStep
P_2450	ProcessStep
P_2451	ProcessStep
P_2452	ProcessStep
P_2453	ProcessStep
P_2454	ProcessStep
P_2455	ProcessStep
P_2456	ProcessStep
P_2457	ProcessStep
P_2458	ProcessStep
P_2459	ProcessStep
P_246	ProcessStep
P_2460	ProcessStep
P_2461	ProcessStep
P_2462	ProcessStep
P_2463	ProcessStep
P_2464	ProcessStep
P_2465	ProcessStep
P_2466	ProcessStep
P_2467	ProcessStep
P_2468	ProcessStep
P_2469	ProcessStep
P_247	ProcessStep
P_2470	ProcessStep
P_2471	ProcessStep
P_2472	ProcessStep
P_2473	ProcessStep
P_2474	ProcessStep
P_2475	ProcessStep
P_2476	ProcessStep
P_2477	ProcessStep
P_2478	ProcessStep
P_2479	ProcessStep
P_248	ProcessStep
P_2480	ProcessStep
P_2481	ProcessStep
P_2482	ProcessStep
P_2483	ProcessStep
P_2484	ProcessStep
P_2485	ProcessStep
P_2486	ProcessStep
P_2487	ProcessStep
P_2488	ProcessStep
P_2489	ProcessStep
P_249	ProcessStep
P_2490	ProcessStep
P_2491	ProcessStep
P_2492	ProcessStep
P_2493	ProcessStep
P_2494	ProcessStep
P_2495	ProcessStep
P_2496	ProcessStep
P_2497	ProcessStep
P_2498	ProcessStep
P_2499	ProcessStep
P_250	ProcessStep
P_2500	ProcessStep
P_2501	ProcessStep
P_2502	ProcessStep
P_2503	ProcessStep
P_2504	ProcessStep
P_2505	ProcessStep
P_2506	ProcessStep
P_2507	ProcessStep
P_2508	ProcessStep
P_2509	ProcessStep
P_251	ProcessStep
P_2510	ProcessStep
P_2511	ProcessStep
P_2512	ProcessStep
P_2513	ProcessStep
P_2514	ProcessStep
P_2515	ProcessStep
P_2516	ProcessStep
P_2517	ProcessStep
P_2518	ProcessStep
P_2519	ProcessStep
P_252	ProcessStep
P_2520	ProcessStep
P_2521	ProcessStep
P_2522	ProcessStep
P_2523	ProcessStep
P_2524	ProcessStep
P_2525	ProcessStep
P_2526	ProcessStep
P_2527	ProcessStep
P_2528	ProcessStep
P_2529	ProcessStep
P_253	ProcessStep
P_2530	ProcessStep
P_2531	ProcessStep
P_2532	ProcessStep
P_2533	ProcessStep
P_2534	ProcessStep
P_2535	ProcessStep
P_2536	ProcessStep
P_2537	ProcessStep
P_2538	ProcessStep
P_2539	ProcessStep
P_254	ProcessStep
P_2540	ProcessStep
P_2541	ProcessStep
P_2542	ProcessStep
P_2543	ProcessStep
P_2544	ProcessStep
P_2545	ProcessStep
P_2546	ProcessStep
P_2547	ProcessStep
P_2548	ProcessStep
P_2549	ProcessStep
P_255	ProcessStep
P_2550	ProcessStep
P_2551	ProcessStep
P_2552	ProcessStep
P_2553	ProcessStep
P_2554	ProcessStep
P_2555	ProcessStep
P_2556	ProcessStep
P_2557	ProcessStep
P_2558	ProcessStep
P_2559	ProcessStep
P_256	ProcessStep
P_2560	ProcessStep
P_2561	ProcessStep
P_2562	ProcessStep
P_2563	ProcessStep
P_2564	ProcessStep
P_2565	ProcessStep
P_2566	ProcessStep
P_2567	ProcessStep
P_2568	ProcessStep
P_2569	ProcessStep
P_257	ProcessStep
P_2570	ProcessStep
P_2571	ProcessStep
P_2572	ProcessStep
P_2573	ProcessStep
P_2574	ProcessStep
P_2575	ProcessStep
P_2576	ProcessStep
P_2577	ProcessStep
P_2578	ProcessStep
P_2579	ProcessStep
P_258	ProcessStep
P_2580	ProcessStep
P_2581	ProcessStep
P_2582	ProcessStep
P_2583	ProcessStep
P_2584	ProcessStep
P_2585	ProcessStep
P_2586	ProcessStep
P_2587	ProcessStep
P_2588	ProcessStep
P_2589	ProcessStep
P_259	ProcessStep
P_2590	ProcessStep
P_2591	ProcessStep
P_2592	ProcessStep
P_2593	ProcessStep
P_2594	ProcessStep
P_2595	ProcessStep
P_2596	ProcessStep
P_2597	ProcessStep
P_2598	ProcessStep
P_2599	ProcessStep
P_260	ProcessStep
P_2600	ProcessStep
P_2601	ProcessStep
P_2602	ProcessStep
P_2603	ProcessStep
P_2604	ProcessStep
P_2605	ProcessStep
P_2606	ProcessStep
P_2607	ProcessStep
P_2608	ProcessStep
P_2609	ProcessStep
P_261	ProcessStep
P_2610	ProcessStep
P_2611	ProcessStep
P_2612	ProcessStep
P_2613	ProcessStep
P_2614	ProcessStep
P_2615	ProcessStep
P_2616	ProcessStep
P_2617	ProcessStep
P_2618	ProcessStep
P_2619	ProcessStep
P_262	ProcessStep
P_2620	ProcessStep
P_2621	ProcessStep
P_2622	ProcessStep
P_2623	ProcessStep
P_2624	ProcessStep
P_2625	ProcessStep
P_2626	ProcessStep
P_2627	ProcessStep
P_2628	ProcessStep
P_2629	ProcessStep
P_263	ProcessStep
P_2630	ProcessStep
P_2631	ProcessStep
P_2632	ProcessStep
P_2633	ProcessStep
P_2634	ProcessStep
P_2635	ProcessStep
P_2636	ProcessStep
P_2637	ProcessStep
P_2638	ProcessStep
P_2639	ProcessStep
P_264	ProcessStep
P_2640	ProcessStep
P_2641	ProcessStep
P_2642	ProcessStep
P_2643	ProcessStep
P_2644	ProcessStep
P_2645	ProcessStep
P_2646	ProcessStep
P_2647	ProcessStep
P_2648	ProcessStep
P_2649	ProcessStep
P_265	ProcessStep
P_2650	ProcessStep
P_2651	ProcessStep
P_2652	ProcessStep
P_2653	ProcessStep
P_2654	ProcessStep
P_2655	ProcessStep
P_2656	ProcessStep
P_2657	ProcessStep
P_2658	ProcessStep
P_2659	ProcessStep
P_266	ProcessStep
P_2660	ProcessStep
P_2661	ProcessStep
P_2662	ProcessStep
P_2663	ProcessStep
P_2664	ProcessStep
P_2665	ProcessStep
P_2666	ProcessStep
P_2667	ProcessStep
P_2668	ProcessStep
P_2669	ProcessStep
P_267	ProcessStep
P_2670	ProcessStep
P_2671	ProcessStep
P_2672	ProcessStep
P_2673	ProcessStep
P_2674	ProcessStep
P_2675	ProcessStep
P_2676	ProcessStep
P_2677	ProcessStep
P_2678	ProcessStep
P_2679	ProcessStep
P_268	ProcessStep
P_2680	ProcessStep
P_2681	ProcessStep
P_2682	ProcessStep
P_2683	ProcessStep
P_2684	ProcessStep
P_2685	ProcessStep
P_2686	ProcessStep
P_2687	ProcessStep
P_2688	ProcessStep
P_2689	ProcessStep
P_269	ProcessStep
P_2690	ProcessStep
P_2691	ProcessStep
P_2692	ProcessStep
P_2693	ProcessStep
P_2694	ProcessStep
P_2695	ProcessStep
P_2696	ProcessStep
P_2697	ProcessStep
P_2698	ProcessStep
P_2699	ProcessStep
P_270	ProcessStep
P_2700	ProcessStep
P_2701	ProcessStep
P_2702	ProcessStep
P_2703	ProcessStep
P_2704	ProcessStep
P_2705	ProcessStep
P_2706	ProcessStep
P_2707	ProcessStep
P_2708	ProcessStep
P_2709	ProcessStep
P_271	ProcessStep
P_2710	ProcessStep
P_2711	ProcessStep
P_2712	ProcessStep
P_2713	ProcessStep
P_2714	ProcessStep
P_2715	ProcessStep
P_2716	ProcessStep
P_2717	ProcessStep
P_2718	ProcessStep
P_2719	ProcessStep
P_272	ProcessStep
P_2720	ProcessStep
P_2721	ProcessStep
P_2722	ProcessStep
P_2723	ProcessStep
P_2724	ProcessStep
P_2725	ProcessStep
P_2726	ProcessStep
P_2727	ProcessStep
P_2728	ProcessStep
P_2729	ProcessStep
P_273	ProcessStep
P_2730	ProcessStep
P_2731	ProcessStep
P_2732	ProcessStep
P_2733	ProcessStep
P_2734	ProcessStep
P_2735	ProcessStep
P_2736	ProcessStep
P_2737	ProcessStep
P_2738	ProcessStep
P_2739	ProcessStep
P_274	ProcessStep
P_2740	ProcessStep
P_2741	ProcessStep
P_2742	ProcessStep
P_2743	ProcessStep
P_2744	ProcessStep
P_2745	ProcessStep
P_2746	ProcessStep
P_2747	ProcessStep
P_2748	ProcessStep
P_2749	ProcessStep
P_275	ProcessStep
P_2750	ProcessStep
P_2751	ProcessStep
P_2752	ProcessStep
P_2753	ProcessStep
P_2754	ProcessStep
P_2755	ProcessStep
P_2756	ProcessStep
P_2757	ProcessStep
P_2758	ProcessStep
P_2759	ProcessStep
P_276	ProcessStep
P_2760	ProcessStep
P_2761	ProcessStep
P_2762	ProcessStep
P_2763	ProcessStep
P_2764	ProcessStep
P_2765	ProcessStep
P_2766	ProcessStep
P_2767	ProcessStep
P_2768	ProcessStep
P_2769	ProcessStep
P_277	ProcessStep
P_2770	ProcessStep
P_2771	ProcessStep
P_2772	ProcessStep
P_2773	ProcessStep
P_2774	ProcessStep
P_2775	ProcessStep
P_2776	ProcessStep
P_2777	ProcessStep
P_2778	ProcessStep
P_2779	ProcessStep
P_278	ProcessStep
P_2780	ProcessStep
P_2781	ProcessStep
P_2782	ProcessStep
P_2783	ProcessStep
P_2784	ProcessStep
P_2785	ProcessStep
P_2786	ProcessStep
P_2787	ProcessStep
P_2788	ProcessStep
P_2789	ProcessStep
P_279	ProcessStep
P_2790	ProcessStep
P_2791	ProcessStep
P_2792	ProcessStep
P_2793	ProcessStep
P_2794	ProcessStep
P_2795	ProcessStep
P_2796	ProcessStep
P_2797	ProcessStep
P_2798	ProcessStep
P_2799	ProcessStep
P_280	ProcessStep
P_2800	ProcessStep
P_2801	ProcessStep
P_2802	ProcessStep
P_2803	ProcessStep
P_2804	ProcessStep
P_2805	ProcessStep
P_2806	ProcessStep
P_2807	ProcessStep
P_2808	ProcessStep
P_281	ProcessStep
P_282	ProcessStep
P_283	ProcessStep
P_284	ProcessStep
P_285	ProcessStep
P_286	ProcessStep
P_287	ProcessStep
P_288	ProcessStep
P_289	ProcessStep
P_290	ProcessStep
P_291	ProcessStep
P_292	ProcessStep
P_293	ProcessStep
P_294	ProcessStep
P_295	ProcessStep
P_296	ProcessStep
P_297	ProcessStep
P_298	ProcessStep
P_299	ProcessStep
P_300	ProcessStep
P_301	ProcessStep
P_302	ProcessStep
P_303	ProcessStep
P_304	ProcessStep
P_305	ProcessStep
P_306	ProcessStep
P_307	ProcessStep
P_308	ProcessStep
P_309	ProcessStep
P_310	ProcessStep
P_311	ProcessStep
P_312	ProcessStep
P_313	ProcessStep
P_314	ProcessStep
P_315	ProcessStep
P_316	ProcessStep
P_317	ProcessStep
P_318	ProcessStep
P_319	ProcessStep
P_320	ProcessStep
P_321	ProcessStep
P_322	ProcessStep
P_323	ProcessStep
P_324	ProcessStep
P_325	ProcessStep
P_326	ProcessStep
P_327	ProcessStep
P_328	ProcessStep
P_329	ProcessStep
P_330	ProcessStep
P_331	ProcessStep
P_332	ProcessStep
P_333	ProcessStep
P_334	ProcessStep
P_335	ProcessStep
P_336	ProcessStep
P_337	ProcessStep
P_338	ProcessStep
P_339	ProcessStep
P_340	ProcessStep
P_341	ProcessStep
P_342	ProcessStep
P_343	ProcessStep
P_344	ProcessStep
P_345	ProcessStep
P_346	ProcessStep
P_347	ProcessStep
P_348	ProcessStep
P_349	ProcessStep
P_350	ProcessStep
P_351	ProcessStep
P_352	ProcessStep
P_353	ProcessStep
P_354	ProcessStep
P_355	ProcessStep
P_356	ProcessStep
P_357	ProcessStep
P_358	ProcessStep
P_359	ProcessStep
P_360	ProcessStep
P_361	ProcessStep
P_362	ProcessStep
P_363	ProcessStep
P_364	ProcessStep
P_365	ProcessStep
P_366	ProcessStep
P_367	ProcessStep
P_368	ProcessStep
P_369	ProcessStep
P_370	ProcessStep
P_371	ProcessStep
P_372	ProcessStep
P_373	ProcessStep
P_374	ProcessStep
P_375	ProcessStep
P_376	ProcessStep
P_377	ProcessStep
P_378	ProcessStep
P_379	ProcessStep
P_380	ProcessStep
P_381	ProcessStep
P_382	ProcessStep
P_383	ProcessStep
P_384	ProcessStep
P_385	ProcessStep
P_386	ProcessStep
P_387	ProcessStep
P_388	ProcessStep
P_389	ProcessStep
P_390	ProcessStep
P_391	ProcessStep
P_392	ProcessStep
P_393	ProcessStep
P_394	ProcessStep
P_395	ProcessStep
P_396	ProcessStep
P_397	ProcessStep
P_398	ProcessStep
P_399	ProcessStep
P_400	ProcessStep
P_401	ProcessStep
P_402	ProcessStep
P_403	ProcessStep
P_404	ProcessStep
P_405	ProcessStep
P_406	ProcessStep
P_407	ProcessStep
P_408	ProcessStep
P_409	ProcessStep
P_410	ProcessStep
P_411	ProcessStep
P_412	ProcessStep
P_413	ProcessStep
P_414	ProcessStep
P_415	ProcessStep
P_416	ProcessStep
P_417	ProcessStep
P_418	ProcessStep
P_419	ProcessStep
P_420	ProcessStep
P_421	ProcessStep
P_422	ProcessStep
P_423	ProcessStep
P_424	ProcessStep
P_425	ProcessStep
P_426	ProcessStep
P_427	ProcessStep
P_428	ProcessStep
P_429	ProcessStep
P_430	ProcessStep
P_431	ProcessStep
P_432	ProcessStep
P_433	ProcessStep
P_434	ProcessStep
P_435	ProcessStep
P_436	ProcessStep
P_437	ProcessStep
P_438	ProcessStep
P_439	ProcessStep
P_440	ProcessStep
P_441	ProcessStep
P_442	ProcessStep
P_443	ProcessStep
P_444	ProcessStep
P_445	ProcessStep
P_446	ProcessStep
P_447	ProcessStep
P_448	ProcessStep
P_449	ProcessStep
P_450	ProcessStep
P_451	ProcessStep
P_452	ProcessStep
P_453	ProcessStep
P_454	ProcessStep
P_455	ProcessStep
P_456	ProcessStep
P_457	ProcessStep
P_458	ProcessStep
P_459	ProcessStep
P_460	ProcessStep
P_461	ProcessStep
P_462	ProcessStep
P_463	ProcessStep
P_464	ProcessStep
P_465	ProcessStep
P_466	ProcessStep
P_467	ProcessStep
P_468	ProcessStep
P_469	ProcessStep
P_470	ProcessStep
P_471	ProcessStep
P_472	ProcessStep
P_473	ProcessStep
P_474	ProcessStep
P_475	ProcessStep
P_476	ProcessStep
P_477	ProcessStep
P_478	ProcessStep
P_479	ProcessStep
P_480	ProcessStep
P_481	ProcessStep
P_482	ProcessStep
P_483	ProcessStep
P_484	ProcessStep
P_485	ProcessStep
P_486	ProcessStep
P_487	ProcessStep
P_488	ProcessStep
P_489	ProcessStep
P_490	ProcessStep
P_491	ProcessStep
P_492	ProcessStep
P_493	ProcessStep
P_494	ProcessStep
P_495	ProcessStep
P_496	ProcessStep
P_497	ProcessStep
P_498	ProcessStep
P_499	ProcessStep
P_500	ProcessStep
P_501	ProcessStep
P_502	ProcessStep
P_503	ProcessStep
P_504	ProcessStep
P_505	ProcessStep
P_506	ProcessStep
P_507	ProcessStep
P_508	ProcessStep
P_509	ProcessStep
P_510	ProcessStep
P_511	ProcessStep
P_512	ProcessStep
P_513	ProcessStep
P_514	ProcessStep
P_515	ProcessStep
P_516	ProcessStep
P_517	ProcessStep
P_518	ProcessStep
P_519	ProcessStep
P_520	ProcessStep
P_521	ProcessStep
P_522	ProcessStep
P_523	ProcessStep
P_524	ProcessStep
P_525	ProcessStep
P_526	ProcessStep
P_527	ProcessStep
P_528	ProcessStep
P_529	ProcessStep
P_530	ProcessStep
P_531	ProcessStep
P_532	ProcessStep
P_533	ProcessStep
P_534	ProcessStep
P_535	ProcessStep
P_536	ProcessStep
P_537	ProcessStep
P_538	ProcessStep
P_539	ProcessStep
P_540	ProcessStep
P_541	ProcessStep
P_542	ProcessStep
P_543	ProcessStep
P_544	ProcessStep
P_545	ProcessStep
P_546	ProcessStep
P_547	ProcessStep
P_548	ProcessStep
P_549	ProcessStep
P_550	ProcessStep
P_551	ProcessStep
P_552	ProcessStep
P_553	ProcessStep
P_554	ProcessStep
P_555	ProcessStep
P_556	ProcessStep
P_557	ProcessStep
P_558	ProcessStep
P_559	ProcessStep
P_560	ProcessStep
P_561	ProcessStep
P_562	ProcessStep
P_563	ProcessStep
P_564	ProcessStep
P_565	ProcessStep
P_566	ProcessStep
P_567	ProcessStep
P_568	ProcessStep
P_569	ProcessStep
P_570	ProcessStep
P_571	ProcessStep
P_572	ProcessStep
P_573	ProcessStep
P_574	ProcessStep
P_575	ProcessStep
P_576	ProcessStep
P_577	ProcessStep
P_578	ProcessStep
P_579	ProcessStep
P_580	ProcessStep
P_581	ProcessStep
P_582	ProcessStep
P_583	ProcessStep
P_584	ProcessStep
P_585	ProcessStep
P_586	ProcessStep
P_587	ProcessStep
P_588	ProcessStep
P_589	ProcessStep
P_590	ProcessStep
P_591	ProcessStep
P_592	ProcessStep
P_593	ProcessStep
P_594	ProcessStep
P_595	ProcessStep
P_596	ProcessStep
P_597	ProcessStep
P_598	ProcessStep
P_599	ProcessStep
P_600	ProcessStep
P_601	ProcessStep
P_602	ProcessStep
P_603	ProcessStep
P_604	ProcessStep
P_605	ProcessStep
P_606	ProcessStep
P_607	ProcessStep
P_608	ProcessStep
P_609	ProcessStep
P_610	ProcessStep
P_611	ProcessStep
P_612	ProcessStep
P_613	ProcessStep
P_614	ProcessStep
P_615	ProcessStep
P_616	ProcessStep
P_617	ProcessStep
P_618	ProcessStep
P_619	ProcessStep
P_620	ProcessStep
P_621	ProcessStep
P_622	ProcessStep
P_623	ProcessStep
P_624	ProcessStep
P_625	ProcessStep
P_626	ProcessStep
P_627	ProcessStep
P_628	ProcessStep
P_629	ProcessStep
P_630	ProcessStep
P_631	ProcessStep
P_632	ProcessStep
P_633	ProcessStep
P_634	ProcessStep
P_635	ProcessStep
P_636	ProcessStep
P_637	ProcessStep
P_638	ProcessStep
P_639	ProcessStep
P_640	ProcessStep
P_641	ProcessStep
P_642	ProcessStep
P_643	ProcessStep
P_644	ProcessStep
P_645	ProcessStep
P_646	ProcessStep
P_647	ProcessStep
P_648	ProcessStep
P_649	ProcessStep
P_650	ProcessStep
P_651	ProcessStep
P_652	ProcessStep
P_653	ProcessStep
P_654	ProcessStep
P_655	ProcessStep
P_656	ProcessStep
P_657	ProcessStep
P_658	ProcessStep
P_659	ProcessStep
P_660	ProcessStep
P_661	ProcessStep
P_662	ProcessStep
P_663	ProcessStep
P_664	ProcessStep
P_665	ProcessStep
P_666	ProcessStep
P_667	ProcessStep
P_668	ProcessStep
P_669	ProcessStep
P_670	ProcessStep
P_671	ProcessStep
P_672	ProcessStep
P_673	ProcessStep
P_674	ProcessStep
P_675	ProcessStep
P_676	ProcessStep
P_677	ProcessStep
P_678	ProcessStep
P_679	ProcessStep
P_680	ProcessStep
P_681	ProcessStep
P_682	ProcessStep
P_683	ProcessStep
P_684	ProcessStep
P_685	ProcessStep
P_686	ProcessStep
P_687	ProcessStep
P_688	ProcessStep
P_689	ProcessStep
P_690	ProcessStep
P_691	ProcessStep
P_692	ProcessStep
P_693	ProcessStep
P_694	ProcessStep
P_695	ProcessStep
P_696	ProcessStep
P_697	ProcessStep
P_698	ProcessStep
P_699	ProcessStep
P_700	ProcessStep
P_701	ProcessStep
P_702	ProcessStep
P_703	ProcessStep
P_704	ProcessStep
P_705	ProcessStep
P_706	ProcessStep
P_707	ProcessStep
P_708	ProcessStep
P_709	ProcessStep
P_710	ProcessStep
P_711	ProcessStep
P_712	ProcessStep
P_713	ProcessStep
P_714	ProcessStep
P_715	ProcessStep
P_716	ProcessStep
P_717	ProcessStep
P_718	ProcessStep
P_719	ProcessStep
P_720	ProcessStep
P_721	ProcessStep
P_722	ProcessStep
P_723	ProcessStep
P_724	ProcessStep
P_725	ProcessStep
P_726	ProcessStep
P_727	ProcessStep
P_728	ProcessStep
P_729	ProcessStep
P_730	ProcessStep
P_731	ProcessStep
P_732	ProcessStep
P_733	ProcessStep
P_734	ProcessStep
P_735	ProcessStep
P_736	ProcessStep
P_737	ProcessStep
P_738	ProcessStep
P_739	ProcessStep
P_740	ProcessStep
P_741	ProcessStep
P_742	ProcessStep
P_743	ProcessStep
P_744	ProcessStep
P_745	ProcessStep
P_746	ProcessStep
P_747	ProcessStep
P_748	ProcessStep
P_749	ProcessStep
P_750	ProcessStep
P_751	ProcessStep
P_752	ProcessStep
P_753	ProcessStep
P_754	ProcessStep
P_755	ProcessStep
P_756	ProcessStep
P_757	ProcessStep
P_758	ProcessStep
P_759	ProcessStep
P_760	ProcessStep
P_761	ProcessStep
P_762	ProcessStep
P_763	ProcessStep
P_764	ProcessStep
P_765	ProcessStep
P_766	ProcessStep
P_767	ProcessStep
P_768	ProcessStep
P_769	ProcessStep
P_770	ProcessStep
P_771	ProcessStep
P_772	ProcessStep
P_773	ProcessStep
P_774	ProcessStep
P_775	ProcessStep
P_776	ProcessStep
P_777	ProcessStep
P_778	ProcessStep
P_779	ProcessStep
P_780	ProcessStep
P_781	ProcessStep
P_782	ProcessStep
P_783	ProcessStep
P_784	ProcessStep
P_785	ProcessStep
P_786	ProcessStep
P_787	ProcessStep
P_788	ProcessStep
P_789	ProcessStep
P_790	ProcessStep
P_791	ProcessStep
P_792	ProcessStep
P_793	ProcessStep
P_794	ProcessStep
P_795	ProcessStep
P_796	ProcessStep
P_797	ProcessStep
P_798	ProcessStep
P_799	ProcessStep
P_800	ProcessStep
P_801	ProcessStep
P_802	ProcessStep
P_803	ProcessStep
P_804	ProcessStep
P_805	ProcessStep
P_806	ProcessStep
P_807	ProcessStep
P_808	ProcessStep
P_809	ProcessStep
P_810	ProcessStep
P_811	ProcessStep
P_812	ProcessStep
P_813	ProcessStep
P_814	ProcessStep
P_815	ProcessStep
P_816	ProcessStep
P_817	ProcessStep
P_818	ProcessStep
P_819	ProcessStep
P_820	ProcessStep
P_821	ProcessStep
P_822	ProcessStep
P_823	ProcessStep
P_824	ProcessStep
P_825	ProcessStep
P_826	ProcessStep
P_827	ProcessStep
P_828	ProcessStep
P_829	ProcessStep
P_830	ProcessStep
P_831	ProcessStep
P_832	ProcessStep
P_833	ProcessStep
P_834	ProcessStep
P_835	ProcessStep
P_836	ProcessStep
P_837	ProcessStep
P_838	ProcessStep
P_839	ProcessStep
P_840	ProcessStep
P_841	ProcessStep
P_842	ProcessStep
P_843	ProcessStep
P_844	ProcessStep
P_845	ProcessStep
P_846	ProcessStep
P_847	ProcessStep
P_848	ProcessStep
P_849	ProcessStep
P_850	ProcessStep
P_851	ProcessStep
P_852	ProcessStep
P_853	ProcessStep
P_854	ProcessStep
P_855	ProcessStep
P_856	ProcessStep
P_857	ProcessStep
P_858	ProcessStep
P_859	ProcessStep
P_860	ProcessStep
P_861	ProcessStep
P_862	ProcessStep
P_863	ProcessStep
P_864	ProcessStep
P_865	ProcessStep
P_866	ProcessStep
P_867	ProcessStep
P_868	ProcessStep
P_869	ProcessStep
P_870	ProcessStep
P_871	ProcessStep
P_872	ProcessStep
P_873	ProcessStep
P_874	ProcessStep
P_875	ProcessStep
P_876	ProcessStep
P_877	ProcessStep
P_878	ProcessStep
P_879	ProcessStep
P_880	ProcessStep
P_881	ProcessStep
P_882	ProcessStep
P_883	ProcessStep
P_884	ProcessStep
P_885	ProcessStep
P_886	ProcessStep
P_887	ProcessStep
P_888	ProcessStep
P_889	ProcessStep
P_890	ProcessStep
P_891	ProcessStep
P_892	ProcessStep
P_893	ProcessStep
P_894	ProcessStep
P_895	ProcessStep
P_896	ProcessStep
P_897	ProcessStep
P_898	ProcessStep
P_899	ProcessStep
P_900	ProcessStep
P_901	ProcessStep
P_902	ProcessStep
P_903	ProcessStep
P_904	ProcessStep
P_905	ProcessStep
P_906	ProcessStep
P_907	ProcessStep
P_908	ProcessStep
P_909	ProcessStep
P_910	ProcessStep
P_911	ProcessStep
P_912	ProcessStep
P_913	ProcessStep
P_914	ProcessStep
P_915	ProcessStep
P_916	ProcessStep
P_917	ProcessStep
P_918	ProcessStep
P_919	ProcessStep
P_920	ProcessStep
P_921	ProcessStep
P_922	ProcessStep
P_923	ProcessStep
P_924	ProcessStep
P_925	ProcessStep
P_926	ProcessStep
P_927	ProcessStep
P_928	ProcessStep
P_929	ProcessStep
P_930	ProcessStep
P_931	ProcessStep
P_932	ProcessStep
P_933	ProcessStep
P_934	ProcessStep
P_935	ProcessStep
P_936	ProcessStep
P_937	ProcessStep
P_938	ProcessStep
P_939	ProcessStep
P_940	ProcessStep
P_941	ProcessStep
P_942	ProcessStep
P_943	ProcessStep
P_944	ProcessStep
P_945	ProcessStep
P_946	ProcessStep
P_947	ProcessStep
P_948	ProcessStep
P_949	ProcessStep
P_950	ProcessStep
P_951	ProcessStep
P_952	ProcessStep
P_953	ProcessStep
P_954	ProcessStep
P_955	ProcessStep
P_956	ProcessStep
P_957	ProcessStep
P_958	ProcessStep
P_959	ProcessStep
P_960	ProcessStep
P_961	ProcessStep
P_962	ProcessStep
P_963	ProcessStep
P_964	ProcessStep
P_965	ProcessStep
P_966	ProcessStep
P_967	ProcessStep
P_968	ProcessStep
P_969	ProcessStep
P_970	ProcessStep
P_971	ProcessStep
P_972	ProcessStep
P_973	ProcessStep
P_974	ProcessStep
P_975	ProcessStep
P_976	ProcessStep
P_977	ProcessStep
P_978	ProcessStep
P_979	ProcessStep
P_980	ProcessStep
P_981	ProcessStep
P_982	ProcessStep
P_983	ProcessStep
P_984	ProcessStep
P_985	ProcessStep
P_986	ProcessStep
P_987	ProcessStep
P_988	ProcessStep
P_989	ProcessStep
P_990	ProcessStep
P_991	ProcessStep
P_992	ProcessStep
P_993	ProcessStep
P_994	ProcessStep
P_995	ProcessStep
P_996	ProcessStep
P_997	ProcessStep
P_998	ProcessStep
P_999	ProcessStep
SY_001	Symptom
SY_002	Symptom
SY_003	Symptom
SY_004	Symptom
SY_005	Symptom
SY_006	Symptom
SY_007	Symptom
SY_008	Symptom
SY_009	Symptom
SY_010	Symptom
SY_011	Symptom
SY_012	Symptom
S_001	Standard
S_002	Standard
S_003	Standard
S_004	Standard
S_005	Standard
S_006	Standard
S_007	Standard
S_008	Standard
S_009	Standard
S_010	Standard
S_011	Standard
S_012	Standard
S_013	Standard
S_014	Standard
S_015	Standard
S_016	Standard
S_017	Standard
S_018	Standard
S_019	Standard
S_020	Standard
S_021	Standard
S_022	Standard
S_023	Standard
S_024	Standard
S_025	Standard
S_026	Standard
S_027	Standard
S_028	Standard
S_029	Standard
S_030	Standard
S_031	Standard
S_032	Standard
S_033	Standard
S_034	Standard
S_035	Standard
S_036	Standard
S_037	Standard
S_038	Standard
S_039	Standard
S_040	Standard
S_041	Standard
S_042	Standard
S_043	Standard
S_044	Standard
S_045	Standard
S_046	Standard
S_047	Standard
S_048	Standard
S_049	Standard
S_050	Standard
S_051	Standard
S_052	Standard
S_053	Standard
S_054	Standard
S_055	Standard
S_056	Standard
S_057	Standard
S_058	Standard
S_059	Standard
S_060	Standard
S_061	Standard
S_062	Standard
S_063	Standard
S_064	Standard
S_065	Standard
S_066	Standard
S_067	Standard
S_068	Standard
S_069	Standard
S_070	Standard
S_071	Standard
S_072	Standard
S_073	Standard
S_074	Standard
S_075	Standard
S_076	Standard
S_077	Standard
S_078	Standard
S_079	Standard
S_080	Standard
S_081	Standard
S_082	Standard
S_083	Standard
S_084	Standard
S_085	Standard
S_086	Standard
S_087	Standard
S_088	Standard
S_089	Standard
S_090	Standard
S_091	Standard
S_092	Standard
S_093	Standard
S_094	Standard
S_095	Standard
S_096	Standard
S_097	Standard
S_098	Standard
S_099	Standard
S_100	Standard
S_1000	Standard
S_1001	Standard
S_1002	Standard
S_1003	Standard
S_1004	Standard
S_1005	Standard
S_1006	Standard
S_1007	Standard
S_1008	Standard
S_1009	Standard
S_101	Standard
S_1010	Standard
S_1011	Standard
S_1012	Standard
S_1013	Standard
S_1014	Standard
S_1015	Standard
S_1016	Standard
S_1017	Standard
S_1018	Standard
S_1019	Standard
S_102	Standard
S_1020	Standard
S_1021	Standard
S_1022	Standard
S_1023	Standard
S_1024	Standard
S_1025	Standard
S_1026	Standard
S_1027	Standard
S_1028	Standard
S_1029	Standard
S_103	Standard
S_1030	Standard
S_1031	Standard
S_1032	Standard
S_1033	Standard
S_1034	Standard
S_1035	Standard
S_1036	Standard
S_1037	Standard
S_1038	Standard
S_1039	Standard
S_104	Standard
S_1040	Standard
S_1041	Standard
S_1042	Standard
S_1043	Standard
S_1044	Standard
S_1045	Standard
S_1046	Standard
S_1047	Standard
S_1048	Standard
S_1049	Standard
S_1050	Standard
S_1051	Standard
S_1052	Standard
S_1053	Standard
S_1054	Standard
S_1055	Standard
S_1056	Standard
S_1057	Standard
S_1059	Standard
S_1061	Standard
S_1063	Standard
S_1064	Standard
S_109	Standard
S_110	Standard
S_111	Standard
S_1118	Standard
S_1119	Standard
S_112	Standard
S_1120	Standard
S_1121	Standard
S_1122	Standard
S_1123	Standard
S_1124	Standard
S_1125	Standard
S_1126	Standard
S_1127	Standard
S_1128	Standard
S_1129	Standard
S_113	Standard
S_1130	Standard
S_1131	Standard
S_1132	Standard
S_1133	Standard
S_1134	Standard
S_1135	Standard
S_1136	Standard
S_1137	Standard
S_1138	Standard
S_1139	Standard
S_114	Standard
S_1140	Standard
S_1141	Standard
S_1142	Standard
S_1143	Standard
S_1144	Standard
S_1145	Standard
S_1146	Standard
S_1147	Standard
S_1148	Standard
S_1149	Standard
S_115	Standard
S_1150	Standard
S_1151	Standard
S_1152	Standard
S_1153	Standard
S_1154	Standard
S_1155	Standard
S_1156	Standard
S_1157	Standard
S_1158	Standard
S_1159	Standard
S_116	Standard
S_1160	Standard
S_1161	Standard
S_1162	Standard
S_1163	Standard
S_1164	Standard
S_1165	Standard
S_1166	Standard
S_1167	Standard
S_1168	Standard
S_1169	Standard
S_117	Standard
S_1170	Standard
S_1171	Standard
S_1172	Standard
S_1173	Standard
S_1174	Standard
S_1175	Standard
S_1176	Standard
S_1177	Standard
S_1178	Standard
S_1179	Standard
S_118	Standard
S_1180	Standard
S_1181	Standard
S_1182	Standard
S_1183	Standard
S_1184	Standard
S_1185	Standard
S_1186	Standard
S_1187	Standard
S_1188	Standard
S_1189	Standard
S_119	Standard
S_1190	Standard
S_1191	Standard
S_1192	Standard
S_1193	Standard
S_1194	Standard
S_1195	Standard
S_1196	Standard
S_1197	Standard
S_1198	Standard
S_1199	Standard
S_120	Standard
S_1200	Standard
S_1201	Standard
S_1202	Standard
S_1203	Standard
S_1204	Standard
S_1205	Standard
S_1206	Standard
S_1207	Standard
S_1208	Standard
S_1209	Standard
S_121	Standard
S_1210	Standard
S_1211	Standard
S_1212	Standard
S_1213	Standard
S_1214	Standard
S_1215	Standard
S_1216	Standard
S_1217	Standard
S_1218	Standard
S_1219	Standard
S_122	Standard
S_1220	Standard
S_1221	Standard
S_1222	Standard
S_1223	Standard
S_1224	Standard
S_1225	Standard
S_1226	Standard
S_1227	Standard
S_1228	Standard
S_1229	Standard
S_123	Standard
S_1230	Standard
S_1231	Standard
S_1232	Standard
S_1233	Standard
S_1234	Standard
S_1235	Standard
S_1236	Standard
S_1237	Standard
S_1238	Standard
S_1239	Standard
S_124	Standard
S_1240	Standard
S_1241	Standard
S_1242	Standard
S_1243	Standard
S_1244	Standard
S_1245	Standard
S_1246	Standard
S_1247	Standard
S_1248	Standard
S_1249	Standard
S_125	Standard
S_1250	Standard
S_1251	Standard
S_1252	Standard
S_1253	Standard
S_1254	Standard
S_1255	Standard
S_1256	Standard
S_1257	Standard
S_1258	Standard
S_1259	Standard
S_126	Standard
S_1260	Standard
S_1261	Standard
S_1262	Standard
S_1263	Standard
S_1264	Standard
S_1265	Standard
S_1266	Standard
S_1267	Standard
S_1268	Standard
S_1269	Standard
S_127	Standard
S_1270	Standard
S_1271	Standard
S_1272	Standard
S_1273	Standard
S_1274	Standard
S_1275	Standard
S_1276	Standard
S_1277	Standard
S_1278	Standard
S_1279	Standard
S_128	Standard
S_1280	Standard
S_1281	Standard
S_1282	Standard
S_1283	Standard
S_1284	Standard
S_1285	Standard
S_1286	Standard
S_1287	Standard
S_1288	Standard
S_1289	Standard
S_129	Standard
S_1290	Standard
S_1291	Standard
S_1292	Standard
S_1293	Standard
S_1294	Standard
S_1295	Standard
S_1296	Standard
S_1297	Standard
S_1298	Standard
S_1299	Standard
S_130	Standard
S_1300	Standard
S_1301	Standard
S_1302	Standard
S_1303	Standard
S_1304	Standard
S_1305	Standard
S_1306	Standard
S_1307	Standard
S_1308	Standard
S_1309	Standard
S_131	Standard
S_1310	Standard
S_1311	Standard
S_1312	Standard
S_1313	Standard
S_1314	Standard
S_1315	Standard
S_1316	Standard
S_1317	Standard
S_1318	Standard
S_1319	Standard
S_132	Standard
S_1320	Standard
S_1321	Standard
S_1322	Standard
S_1323	Standard
S_1324	Standard
S_1325	Standard
S_1326	Standard
S_1327	Standard
S_1328	Standard
S_1329	Standard
S_133	Standard
S_1330	Standard
S_1331	Standard
S_1332	Standard
S_1333	Standard
S_1334	Standard
S_1335	Standard
S_1336	Standard
S_1337	Standard
S_1338	Standard
S_1339	Standard
S_134	Standard
S_1340	Standard
S_1341	Standard
S_1342	Standard
S_1343	Standard
S_1344	Standard
S_1345	Standard
S_1346	Standard
S_1347	Standard
S_1348	Standard
S_1349	Standard
S_135	Standard
S_1350	Standard
S_1351	Standard
S_1352	Standard
S_1353	Standard
S_1354	Standard
S_1355	Standard
S_1356	Standard
S_1357	Standard
S_1358	Standard
S_1359	Standard
S_136	Standard
S_1360	Standard
S_1361	Standard
S_1362	Standard
S_1363	Standard
S_1364	Standard
S_1365	Standard
S_1366	Standard
S_1367	Standard
S_1368	Standard
S_1369	Standard
S_137	Standard
S_1370	Standard
S_1371	Standard
S_1372	Standard
S_1373	Standard
S_1374	Standard
S_1375	Standard
S_1376	Standard
S_1377	Standard
S_1378	Standard
S_1379	Standard
S_138	Standard
S_1380	Standard
S_1381	Standard
S_1382	Standard
S_1383	Standard
S_1384	Standard
S_1385	Standard
S_1386	Standard
S_1387	Standard
S_1388	Standard
S_1389	Standard
S_139	Standard
S_1390	Standard
S_1391	Standard
S_1392	Standard
S_1393	Standard
S_1394	Standard
S_1395	Standard
S_1396	Standard
S_1397	Standard
S_1398	Standard
S_1399	Standard
S_140	Standard
S_1400	Standard
S_1401	Standard
S_1402	Standard
S_1403	Standard
S_1404	Standard
S_1405	Standard
S_1406	Standard
S_1407	Standard
S_1408	Standard
S_1409	Standard
S_141	Standard
S_1410	Standard
S_1411	Standard
S_1412	Standard
S_1413	Standard
S_1414	Standard
S_1415	Standard
S_1416	Standard
S_1417	Standard
S_1418	Standard
S_1419	Standard
S_142	Standard
S_1420	Standard
S_1421	Standard
S_1422	Standard
S_1423	Standard
S_1424	Standard
S_1425	Standard
S_1426	Standard
S_1427	Standard
S_1428	Standard
S_1429	Standard
S_1430	Standard
S_1431	Standard
S_1432	Standard
S_1433	Standard
S_1434	Standard
S_1435	Standard
S_1436	Standard
S_1437	Standard
S_1438	Standard
S_1439	Standard
S_1440	Standard
S_1441	Standard
S_1442	Standard
S_1443	Standard
S_1444	Standard
S_1445	Standard
S_1446	Standard
S_1447	Standard
S_1448	Standard
S_1449	Standard
S_1450	Standard
S_1451	Standard
S_1452	Standard
S_1453	Standard
S_1454	Standard
S_1455	Standard
S_1456	Standard
S_1457	Standard
S_1458	Standard
S_1459	Standard
S_1460	Standard
S_1461	Standard
S_1462	Standard
S_1463	Standard
S_1464	Standard
S_1465	Standard
S_1466	Standard
S_1467	Standard
S_1468	Standard
S_1469	Standard
S_147	Standard
S_1470	Standard
S_1471	Standard
S_1472	Standard
S_1473	Standard
S_1474	Standard
S_1475	Standard
S_1476	Standard
S_1477	Standard
S_1478	Standard
S_1479	Standard
S_148	Standard
S_1480	Standard
S_1481	Standard
S_1482	Standard
S_1483	Standard
S_1484	Standard
S_1485	Standard
S_1486	Standard
S_1487	Standard
S_1488	Standard
S_1489	Standard
S_149	Standard
S_1490	Standard
S_1491	Standard
S_1492	Standard
S_1493	Standard
S_1494	Standard
S_1495	Standard
S_1496	Standard
S_1497	Standard
S_1498	Standard
S_1499	Standard
S_150	Standard
S_1500	Standard
S_1501	Standard
S_1502	Standard
S_1503	Standard
S_1504	Standard
S_1505	Standard
S_1506	Standard
S_1507	Standard
S_1508	Standard
S_1509	Standard
S_151	Standard
S_1510	Standard
S_1511	Standard
S_1512	Standard
S_1513	Standard
S_1514	Standard
S_1515	Standard
S_1516	Standard
S_1517	Standard
S_1518	Standard
S_1519	Standard
S_152	Standard
S_1520	Standard
S_1521	Standard
S_1522	Standard
S_1523	Standard
S_1524	Standard
S_1525	Standard
S_1526	Standard
S_1527	Standard
S_1528	Standard
S_1529	Standard
S_153	Standard
S_1530	Standard
S_1531	Standard
S_1532	Standard
S_1533	Standard
S_1534	Standard
S_1535	Standard
S_1536	Standard
S_1537	Standard
S_1538	Standard
S_1539	Standard
S_154	Standard
S_1540	Standard
S_1541	Standard
S_1542	Standard
S_1543	Standard
S_1544	Standard
S_1545	Standard
S_1546	Standard
S_1547	Standard
S_1548	Standard
S_1549	Standard
S_155	Standard
S_1550	Standard
S_1551	Standard
S_1552	Standard
S_1553	Standard
S_1554	Standard
S_1555	Standard
S_1556	Standard
S_1557	Standard
S_1558	Standard
S_1559	Standard
S_156	Standard
S_1560	Standard
S_1561	Standard
S_1562	Standard
S_1563	Standard
S_1564	Standard
S_1565	Standard
S_1566	Standard
S_1567	Standard
S_1568	Standard
S_1569	Standard
S_157	Standard
S_1570	Standard
S_1571	Standard
S_1572	Standard
S_1573	Standard
S_1574	Standard
S_1575	Standard
S_1576	Standard
S_1577	Standard
S_1578	Standard
S_1579	Standard
S_158	Standard
S_1580	Standard
S_1581	Standard
S_1582	Standard
S_1583	Standard
S_1584	Standard
S_1585	Standard
S_1586	Standard
S_1587	Standard
S_1588	Standard
S_1589	Standard
S_159	Standard
S_1590	Standard
S_1591	Standard
S_1592	Standard
S_1593	Standard
S_1594	Standard
S_1595	Standard
S_1596	Standard
S_1597	Standard
S_1598	Standard
S_1599	Standard
S_160	Standard
S_1600	Standard
S_1601	Standard
S_1602	Standard
S_1603	Standard
S_1604	Standard
S_1605	Standard
S_1606	Standard
S_1607	Standard
S_1608	Standard
S_1609	Standard
S_161	Standard
S_1610	Standard
S_1611	Standard
S_1612	Standard
S_1613	Standard
S_1614	Standard
S_1615	Standard
S_1616	Standard
S_1617	Standard
S_1618	Standard
S_1619	Standard
S_162	Standard
S_1620	Standard
S_1621	Standard
S_1622	Standard
S_1623	Standard
S_1624	Standard
S_1625	Standard
S_1626	Standard
S_1627	Standard
S_1628	Standard
S_1629	Standard
S_163	Standard
S_1630	Standard
S_1631	Standard
S_1632	Standard
S_1633	Standard
S_1634	Standard
S_1635	Standard
S_1636	Standard
S_1637	Standard
S_1638	Standard
S_1639	Standard
S_164	Standard
S_1640	Standard
S_1641	Standard
S_1642	Standard
S_1643	Standard
S_1644	Standard
S_1645	Standard
S_1646	Standard
S_1647	Standard
S_1648	Standard
S_1649	Standard
S_165	Standard
S_1650	Standard
S_1651	Standard
S_1652	Standard
S_1653	Standard
S_1654	Standard
S_1655	Standard
S_1656	Standard
S_1657	Standard
S_1658	Standard
S_1659	Standard
S_166	Standard
S_1660	Standard
S_1661	Standard
S_1662	Standard
S_1663	Standard
S_1664	Standard
S_1665	Standard
S_1666	Standard
S_1667	Standard
S_1668	Standard
S_1669	Standard
S_167	Standard
S_1670	Standard
S_1671	Standard
S_1672	Standard
S_1673	Standard
S_1674	Standard
S_1675	Standard
S_1676	Standard
S_1677	Standard
S_1678	Standard
S_1679	Standard
S_168	Standard
S_1680	Standard
S_1681	Standard
S_1682	Standard
S_1683	Standard
S_1684	Standard
S_1685	Standard
S_1686	Standard
S_1687	Standard
S_1688	Standard
S_1689	Standard
S_169	Standard
S_1690	Standard
S_1691	Standard
S_1692	Standard
S_1693	Standard
S_1694	Standard
S_1695	Standard
S_1696	Standard
S_1697	Standard
S_1698	Standard
S_1699	Standard
S_170	Standard
S_1700	Standard
S_1701	Standard
S_1702	Standard
S_1703	Standard
S_171	Standard
S_172	Standard
S_173	Standard
S_174	Standard
S_175	Standard
S_178	Standard
S_179	Standard
S_180	Standard
S_181	Standard
S_182	Standard
S_183	Standard
S_184	Standard
S_185	Standard
S_186	Standard
S_187	Standard
S_188	Standard
S_189	Standard
S_190	Standard
S_191	Standard
S_192	Standard
S_193	Standard
S_194	Standard
S_195	Standard
S_196	Standard
S_197	Standard
S_199	Standard
S_200	Standard
S_201	Standard
S_202	Standard
S_203	Standard
S_204	Standard
S_205	Standard
S_206	Standard
S_207	Standard
S_208	Standard
S_209	Standard
S_210	Standard
S_211	Standard
S_212	Standard
S_213	Standard
S_214	Standard
S_215	Standard
S_217	Standard
S_218	Standard
S_219	Standard
S_220	Standard
S_221	Standard
S_222	Standard
S_223	Standard
S_224	Standard
S_225	Standard
S_226	Standard
S_227	Standard
S_228	Standard
S_229	Standard
S_230	Standard
S_231	Standard
S_232	Standard
S_233	Standard
S_234	Standard
S_235	Standard
S_236	Standard
S_237	Standard
S_238	Standard
S_239	Standard
S_241	Standard
S_242	Standard
S_243	Standard
S_244	Standard
S_245	Standard
S_246	Standard
S_247	Standard
S_248	Standard
S_249	Standard
S_250	Standard
S_251	Standard
S_252	Standard
S_253	Standard
S_254	Standard
S_255	Standard
S_256	Standard
S_257	Standard
S_258	Standard
S_259	Standard
S_260	Standard
S_261	Standard
S_262	Standard
S_263	Standard
S_264	Standard
S_265	Standard
S_266	Standard
S_267	Standard
S_268	Standard
S_269	Standard
S_270	Standard
S_271	Standard
S_272	Standard
S_273	Standard
S_274	Standard
S_275	Standard
S_276	Standard
S_277	Standard
S_278	Standard
S_279	Standard
S_280	Standard
S_281	Standard
S_282	Standard
S_283	Standard
S_284	Standard
S_285	Standard
S_286	Standard
S_287	Standard
S_288	Standard
S_289	Standard
S_290	Standard
S_291	Standard
S_292	Standard
S_293	Standard
S_294	Standard
S_295	Standard
S_296	Standard
S_297	Standard
S_298	Standard
S_299	Standard
S_300	Standard
S_301	Standard
S_302	Standard
S_303	Standard
S_304	Standard
S_305	Standard
S_306	Standard
S_307	Standard
S_308	Standard
S_309	Standard
S_310	Standard
S_311	Standard
S_312	Standard
S_313	Standard
S_314	Standard
S_315	Standard
S_316	Standard
S_317	Standard
S_318	Standard
S_319	Standard
S_320	Standard
S_321	Standard
S_322	Standard
S_323	Standard
S_324	Standard
S_325	Standard
S_326	Standard
S_327	Standard
S_328	Standard
S_329	Standard
S_330	Standard
S_331	Standard
S_332	Standard
S_333	Standard
S_334	Standard
S_335	Standard
S_336	Standard
S_337	Standard
S_338	Standard
S_339	Standard
S_340	Standard
S_341	Standard
S_342	Standard
S_343	Standard
S_344	Standard
S_345	Standard
S_346	Standard
S_347	Standard
S_348	Standard
S_349	Standard
S_350	Standard
S_351	Standard
S_352	Standard
S_353	Standard
S_354	Standard
S_355	Standard
S_356	Standard
S_357	Standard
S_358	Standard
S_359	Standard
S_360	Standard
S_361	Standard
S_362	Standard
S_363	Standard
S_364	Standard
S_365	Standard
S_366	Standard
S_367	Standard
S_368	Standard
S_369	Standard
S_370	Standard
S_371	Standard
S_372	Standard
S_373	Standard
S_374	Standard
S_375	Standard
S_376	Standard
S_377	Standard
S_378	Standard
S_379	Standard
S_380	Standard
S_381	Standard
S_382	Standard
S_383	Standard
S_384	Standard
S_385	Standard
S_386	Standard
S_387	Standard
S_388	Standard
S_389	Standard
S_390	Standard
S_391	Standard
S_392	Standard
S_393	Standard
S_394	Standard
S_395	Standard
S_396	Standard
S_397	Standard
S_398	Standard
S_399	Standard
S_400	Standard
S_401	Standard
S_402	Standard
S_403	Standard
S_404	Standard
S_405	Standard
S_406	Standard
S_407	Standard
S_408	Standard
S_409	Standard
S_410	Standard
S_411	Standard
S_412	Standard
S_413	Standard
S_414	Standard
S_415	Standard
S_416	Standard
S_417	Standard
S_418	Standard
S_419	Standard
S_420	Standard
S_421	Standard
S_422	Standard
S_423	Standard
S_424	Standard
S_425	Standard
S_426	Standard
S_427	Standard
S_428	Standard
S_429	Standard
S_430	Standard
S_431	Standard
S_432	Standard
S_433	Standard
S_434	Standard
S_435	Standard
S_436	Standard
S_437	Standard
S_438	Standard
S_439	Standard
S_440	Standard
S_441	Standard
S_442	Standard
S_443	Standard
S_444	Standard
S_445	Standard
S_446	Standard
S_447	Standard
S_448	Standard
S_449	Standard
S_450	Standard
S_451	Standard
S_452	Standard
S_453	Standard
S_454	Standard
S_455	Standard
S_456	Standard
S_457	Standard
S_458	Standard
S_459	Standard
S_460	Standard
S_461	Standard
S_462	Standard
S_463	Standard
S_464	Standard
S_465	Standard
S_466	Standard
S_467	Standard
S_468	Standard
S_469	Standard
S_470	Standard
S_471	Standard
S_472	Standard
S_473	Standard
S_474	Standard
S_475	Standard
S_476	Standard
S_477	Standard
S_478	Standard
S_479	Standard
S_480	Standard
S_481	Standard
S_482	Standard
S_483	Standard
S_484	Standard
S_485	Standard
S_486	Standard
S_487	Standard
S_488	Standard
S_489	Standard
S_490	Standard
S_491	Standard
S_492	Standard
S_493	Standard
S_494	Standard
S_495	Standard
S_496	Standard
S_497	Standard
S_498	Standard
S_499	Standard
S_500	Standard
S_501	Standard
S_502	Standard
S_503	Standard
S_504	Standard
S_505	Standard
S_506	Standard
S_507	Standard
S_508	Standard
S_509	Standard
S_510	Standard
S_511	Standard
S_512	Standard
S_513	Standard
S_514	Standard
S_515	Standard
S_516	Standard
S_517	Standard
S_518	Standard
S_519	Standard
S_520	Standard
S_521	Standard
S_522	Standard
S_523	Standard
S_524	Standard
S_525	Standard
S_526	Standard
S_527	Standard
S_528	Standard
S_529	Standard
S_530	Standard
S_531	Standard
S_532	Standard
S_533	Standard
S_534	Standard
S_535	Standard
S_536	Standard
S_537	Standard
S_538	Standard
S_539	Standard
S_540	Standard
S_541	Standard
S_542	Standard
S_543	Standard
S_544	Standard
S_545	Standard
S_546	Standard
S_547	Standard
S_548	Standard
S_549	Standard
S_550	Standard
S_551	Standard
S_552	Standard
S_553	Standard
S_554	Standard
S_555	Standard
S_556	Standard
S_557	Standard
S_558	Standard
S_559	Standard
S_560	Standard
S_561	Standard
S_562	Standard
S_563	Standard
S_564	Standard
S_565	Standard
S_566	Standard
S_567	Standard
S_568	Standard
S_569	Standard
S_570	Standard
S_571	Standard
S_572	Standard
S_573	Standard
S_574	Standard
S_575	Standard
S_576	Standard
S_577	Standard
S_578	Standard
S_579	Standard
S_580	Standard
S_581	Standard
S_582	Standard
S_583	Standard
S_584	Standard
S_585	Standard
S_586	Standard
S_587	Standard
S_588	Standard
S_589	Standard
S_590	Standard
S_591	Standard
S_592	Standard
S_593	Standard
S_594	Standard
S_595	Standard
S_596	Standard
S_597	Standard
S_598	Standard
S_599	Standard
S_600	Standard
S_601	Standard
S_602	Standard
S_603	Standard
S_604	Standard
S_605	Standard
S_606	Standard
S_607	Standard
S_608	Standard
S_609	Standard
S_610	Standard
S_611	Standard
S_612	Standard
S_613	Standard
S_614	Standard
S_615	Standard
S_616	Standard
S_617	Standard
S_618	Standard
S_619	Standard
S_620	Standard
S_621	Standard
S_622	Standard
S_623	Standard
S_624	Standard
S_625	Standard
S_626	Standard
S_627	Standard
S_628	Standard
S_629	Standard
S_630	Standard
S_631	Standard
S_632	Standard
S_633	Standard
S_634	Standard
S_635	Standard
S_636	Standard
S_637	Standard
S_638	Standard
S_639	Standard
S_640	Standard
S_641	Standard
S_642	Standard
S_643	Standard
S_644	Standard
S_645	Standard
S_646	Standard
S_647	Standard
S_648	Standard
S_649	Standard
S_650	Standard
S_651	Standard
S_652	Standard
S_653	Standard
S_654	Standard
S_655	Standard
S_656	Standard
S_657	Standard
S_658	Standard
S_659	Standard
S_660	Standard
S_661	Standard
S_662	Standard
S_663	Standard
S_664	Standard
S_665	Standard
S_666	Standard
S_667	Standard
S_668	Standard
S_669	Standard
S_670	Standard
S_671	Standard
S_672	Standard
S_673	Standard
S_674	Standard
S_675	Standard
S_676	Standard
S_677	Standard
S_678	Standard
S_679	Standard
S_680	Standard
S_681	Standard
S_682	Standard
S_683	Standard
S_684	Standard
S_685	Standard
S_686	Standard
S_687	Standard
S_688	Standard
S_689	Standard
S_690	Standard
S_691	Standard
S_692	Standard
S_693	Standard
S_694	Standard
S_695	Standard
S_696	Standard
S_697	Standard
S_698	Standard
S_699	Standard
S_700	Standard
S_701	Standard
S_702	Standard
S_703	Standard
S_704	Standard
S_705	Standard
S_706	Standard
S_707	Standard
S_708	Standard
S_709	Standard
S_710	Standard
S_711	Standard
S_712	Standard
S_713	Standard
S_714	Standard
S_715	Standard
S_716	Standard
S_717	Standard
S_718	Standard
S_719	Standard
S_720	Standard
S_721	Standard
S_722	Standard
S_723	Standard
S_724	Standard
S_725	Standard
S_726	Standard
S_737	Standard
S_738	Standard
S_739	Standard
S_740	Standard
S_741	Standard
S_742	Standard
S_743	Standard
S_744	Standard
S_745	Standard
S_746	Standard
S_747	Standard
S_748	Standard
S_749	Standard
S_750	Standard
S_751	Standard
S_752	Standard
S_753	Standard
S_754	Standard
S_755	Standard
S_756	Standard
S_757	Standard
S_758	Standard
S_759	Standard
S_760	Standard
S_761	Standard
S_762	Standard
S_763	Standard
S_764	Standard
S_765	Standard
S_766	Standard
S_767	Standard
S_768	Standard
S_769	Standard
S_770	Standard
S_771	Standard
S_772	Standard
S_773	Standard
S_774	Standard
S_775	Standard
S_776	Standard
S_777	Standard
S_778	Standard
S_779	Standard
S_780	Standard
S_781	Standard
S_782	Standard
S_783	Standard
S_784	Standard
S_785	Standard
S_786	Standard
S_787	Standard
S_788	Standard
S_789	Standard
S_790	Standard
S_791	Standard
S_792	Standard
S_793	Standard
S_794	Standard
S_795	Standard
S_796	Standard
S_797	Standard
S_798	Standard
S_799	Standard
S_800	Standard
S_801	Standard
S_802	Standard
S_803	Standard
S_804	Standard
S_805	Standard
S_806	Standard
S_807	Standard
S_808	Standard
S_809	Standard
S_810	Standard
S_811	Standard
S_812	Standard
S_813	Standard
S_814	Standard
S_815	Standard
S_816	Standard
S_817	Standard
S_818	Standard
S_819	Standard
S_820	Standard
S_821	Standard
S_822	Standard
S_823	Standard
S_824	Standard
S_825	Standard
S_826	Standard
S_827	Standard
S_828	Standard
S_829	Standard
S_830	Standard
S_831	Standard
S_832	Standard
S_833	Standard
S_834	Standard
S_835	Standard
S_836	Standard
S_837	Standard
S_838	Standard
S_839	Standard
S_840	Standard
S_841	Standard
S_842	Standard
S_843	Standard
S_844	Standard
S_845	Standard
S_846	Standard
S_847	Standard
S_848	Standard
S_849	Standard
S_850	Standard
S_851	Standard
S_852	Standard
S_853	Standard
S_854	Standard
S_855	Standard
S_856	Standard
S_857	Standard
S_858	Standard
S_859	Standard
S_860	Standard
S_861	Standard
S_862	Standard
S_863	Standard
S_864	Standard
S_865	Standard
S_866	Standard
S_867	Standard
S_868	Standard
S_869	Standard
S_870	Standard
S_871	Standard
S_872	Standard
S_873	Standard
S_874	Standard
S_875	Standard
S_876	Standard
S_877	Standard
S_878	Standard
S_879	Standard
S_880	Standard
S_881	Standard
S_882	Standard
S_883	Standard
S_884	Standard
S_885	Standard
S_886	Standard
S_887	Standard
S_888	Standard
S_889	Standard
S_890	Standard
S_891	Standard
S_892	Standard
S_893	Standard
S_894	Standard
S_895	Standard
S_896	Standard
S_897	Standard
S_898	Standard
S_899	Standard
S_900	Standard
S_901	Standard
S_902	Standard
S_903	Standard
S_904	Standard
S_905	Standard
S_906	Standard
S_907	Standard
S_908	Standard
S_909	Standard
S_910	Standard
S_911	Standard
S_912	Standard
S_913	Standard
S_914	Standard
S_915	Standard
S_916	Standard
S_917	Standard
S_918	Standard
S_919	Standard
S_920	Standard
S_921	Standard
S_922	Standard
S_923	Standard
S_924	Standard
S_925	Standard
S_926	Standard
S_927	Standard
S_928	Standard
S_929	Standard
S_930	Standard
S_931	Standard
S_932	Standard
S_933	Standard
S_934	Standard
S_935	Standard
S_936	Standard
S_937	Standard
S_938	Standard
S_939	Standard
S_940	Standard
S_941	Standard
S_942	Standard
S_943	Standard
S_944	Standard
S_945	Standard
S_946	Standard
S_947	Standard
S_948	Standard
S_949	Standard
S_950	Standard
S_951	Standard
S_952	Standard
S_953	Standard
S_954	Standard
S_955	Standard
S_956	Standard
S_957	Standard
S_958	Standard
S_959	Standard
S_960	Standard
S_961	Standard
S_962	Standard
S_963	Standard
S_964	Standard
S_965	Standard
S_966	Standard
S_967	Standard
S_968	Standard
S_969	Standard
S_970	Standard
S_971	Standard
S_972	Standard
S_973	Standard
S_974	Standard
S_975	Standard
S_976	Standard
S_977	Standard
S_978	Standard
S_979	Standard
S_980	Standard
S_981	Standard
S_982	Standard
S_983	Standard
S_984	Standard
S_985	Standard
S_986	Standard
S_987	Standard
S_988	Standard
S_989	Standard
S_990	Standard
S_991	Standard
S_992	Standard
S_993	Standard
S_994	Standard
S_995	Standard
S_996	Standard
S_997	Standard
S_998	Standard
S_999	Standard
TM_001	TrainModel
TM_002	TrainModel
TM_003	TrainModel
TM_004	TrainModel
TM_005	TrainModel
TM_006	TrainModel
T_001	ToolMaterial
T_002	ToolMaterial
T_003	ToolMaterial
T_004	ToolMaterial
T_005	ToolMaterial
T_006	ToolMaterial
T_007	ToolMaterial
T_008	ToolMaterial
T_009	ToolMaterial
T_010	ToolMaterial
T_011	ToolMaterial
T_012	ToolMaterial
T_013	ToolMaterial
T_014	ToolMaterial
T_015	ToolMaterial
T_016	ToolMaterial
T_017	ToolMaterial
T_018	ToolMaterial
T_019	ToolMaterial
T_020	ToolMaterial
T_021	ToolMaterial
T_022	ToolMaterial
T_023	ToolMaterial
T_024	ToolMaterial
T_025	ToolMaterial
T_026	ToolMaterial
T_027	ToolMaterial
T_028	ToolMaterial
T_029	ToolMaterial
T_030	ToolMaterial
T_031	ToolMaterial
T_032	ToolMaterial
T_033	ToolMaterial
T_034	ToolMaterial
T_035	ToolMaterial
T_037	ToolMaterial
T_038	ToolMaterial
T_039	ToolMaterial
T_040	ToolMaterial
T_041	ToolMaterial
T_042	ToolMaterial
T_043	ToolMaterial
T_044	ToolMaterial
T_045	ToolMaterial
T_046	ToolMaterial
T_047	ToolMaterial
T_048	ToolMaterial
T_049	ToolMaterial
T_050	ToolMaterial
T_051	ToolMaterial
T_052	ToolMaterial
T_053	ToolMaterial
T_054	ToolMaterial
T_055	ToolMaterial
T_056	ToolMaterial
T_057	ToolMaterial
T_058	ToolMaterial
T_059	ToolMaterial
T_060	ToolMaterial
T_061	ToolMaterial
T_062	ToolMaterial
T_063	ToolMaterial
T_064	ToolMaterial
T_065	ToolMaterial
T_066	ToolMaterial
T_067	ToolMaterial
T_068	ToolMaterial
T_069	ToolMaterial
T_070	ToolMaterial
T_071	ToolMaterial
T_072	ToolMaterial
T_073	ToolMaterial
T_074	ToolMaterial
T_075	ToolMaterial
T_076	ToolMaterial
T_077	ToolMaterial
T_078	ToolMaterial
T_079	ToolMaterial
T_080	ToolMaterial
T_081	ToolMaterial
T_082	ToolMaterial
T_083	ToolMaterial
T_084	ToolMaterial
T_085	ToolMaterial
T_086	ToolMaterial
T_087	ToolMaterial
T_088	ToolMaterial
T_089	ToolMaterial
T_090	ToolMaterial
T_091	ToolMaterial
T_092	ToolMaterial
T_093	ToolMaterial
T_094	ToolMaterial
T_095	ToolMaterial
T_096	ToolMaterial
T_097	ToolMaterial
T_098	ToolMaterial
T_099	ToolMaterial
T_100	ToolMaterial
T_101	ToolMaterial
T_102	ToolMaterial
T_103	ToolMaterial
T_104	ToolMaterial
T_105	ToolMaterial
T_106	ToolMaterial
T_107	ToolMaterial
T_108	ToolMaterial
T_109	ToolMaterial
T_110	ToolMaterial
T_111	ToolMaterial
T_112	ToolMaterial
T_113	ToolMaterial
T_114	ToolMaterial
T_115	ToolMaterial
T_116	ToolMaterial
T_117	ToolMaterial
T_118	ToolMaterial
T_119	ToolMaterial
T_120	ToolMaterial
T_121	ToolMaterial
T_122	ToolMaterial
T_123	ToolMaterial
T_124	ToolMaterial
T_125	ToolMaterial
T_126	ToolMaterial
T_127	ToolMaterial
T_128	ToolMaterial
T_129	ToolMaterial
T_130	ToolMaterial
T_131	ToolMaterial
T_132	ToolMaterial
T_133	ToolMaterial
T_134	ToolMaterial
T_135	ToolMaterial
T_136	ToolMaterial
T_137	ToolMaterial
T_138	ToolMaterial
T_139	ToolMaterial
T_140	ToolMaterial
T_141	ToolMaterial
T_142	ToolMaterial
T_143	ToolMaterial
T_144	ToolMaterial
T_145	ToolMaterial
T_146	ToolMaterial
T_147	ToolMaterial
T_148	ToolMaterial
T_149	ToolMaterial
T_150	ToolMaterial
T_151	ToolMaterial
T_152	ToolMaterial
T_153	ToolMaterial
T_154	ToolMaterial
T_155	ToolMaterial
T_156	ToolMaterial
T_157	ToolMaterial
T_158	ToolMaterial
T_159	ToolMaterial
T_160	ToolMaterial
T_161	ToolMaterial
T_162	ToolMaterial
T_163	ToolMaterial
T_164	ToolMaterial
T_165	ToolMaterial
T_166	ToolMaterial
T_167	ToolMaterial
T_168	ToolMaterial
T_169	ToolMaterial
T_170	ToolMaterial
T_171	ToolMaterial
T_172	ToolMaterial
T_173	ToolMaterial
T_174	ToolMaterial
T_175	ToolMaterial
T_176	ToolMaterial
T_177	ToolMaterial
T_178	ToolMaterial
T_179	ToolMaterial
T_180	ToolMaterial
T_181	ToolMaterial
T_182	ToolMaterial
T_183	ToolMaterial
T_184	ToolMaterial
T_185	ToolMaterial
T_186	ToolMaterial
T_187	ToolMaterial
T_188	ToolMaterial
T_189	ToolMaterial
T_190	ToolMaterial
T_191	ToolMaterial
T_192	ToolMaterial
T_193	ToolMaterial
T_194	ToolMaterial
T_195	ToolMaterial
T_196	ToolMaterial
T_197	ToolMaterial
T_198	ToolMaterial
T_199	ToolMaterial
T_200	ToolMaterial
T_201	ToolMaterial
T_202	ToolMaterial
T_203	ToolMaterial
T_204	ToolMaterial
T_205	ToolMaterial
T_206	ToolMaterial
T_207	ToolMaterial
T_208	ToolMaterial
T_209	ToolMaterial
T_210	ToolMaterial
T_211	ToolMaterial
T_212	ToolMaterial
T_213	ToolMaterial
T_214	ToolMaterial
T_215	ToolMaterial
T_216	ToolMaterial
T_217	ToolMaterial
T_218	ToolMaterial
T_219	ToolMaterial
T_220	ToolMaterial
T_221	ToolMaterial
T_222	ToolMaterial
T_223	ToolMaterial
T_224	ToolMaterial
T_225	ToolMaterial
T_226	ToolMaterial
T_227	ToolMaterial
T_228	ToolMaterial
T_229	ToolMaterial
T_230	ToolMaterial
T_231	ToolMaterial
T_232	ToolMaterial
T_233	ToolMaterial
T_234	ToolMaterial
T_235	ToolMaterial
T_236	ToolMaterial
T_237	ToolMaterial
T_238	ToolMaterial
T_239	ToolMaterial
T_240	ToolMaterial
T_241	ToolMaterial
T_242	ToolMaterial
T_243	ToolMaterial
T_244	ToolMaterial
T_245	ToolMaterial
T_246	ToolMaterial
T_247	ToolMaterial
T_248	ToolMaterial
T_249	ToolMaterial
T_250	ToolMaterial
T_251	ToolMaterial
T_252	ToolMaterial
T_253	ToolMaterial
T_254	ToolMaterial
T_255	ToolMaterial
T_256	ToolMaterial
T_257	ToolMaterial
T_258	ToolMaterial
T_259	ToolMaterial
T_260	ToolMaterial
T_261	ToolMaterial
T_262	ToolMaterial
T_263	ToolMaterial
T_264	ToolMaterial
T_265	ToolMaterial
T_266	ToolMaterial
T_267	ToolMaterial
T_268	ToolMaterial
T_269	ToolMaterial
T_270	ToolMaterial
T_271	ToolMaterial
T_272	ToolMaterial
T_273	ToolMaterial
T_274	ToolMaterial
T_275	ToolMaterial
T_276	ToolMaterial
T_277	ToolMaterial
T_278	ToolMaterial
T_279	ToolMaterial
T_280	ToolMaterial
T_281	ToolMaterial
T_282	ToolMaterial
T_283	ToolMaterial
T_284	ToolMaterial
T_285	ToolMaterial
T_286	ToolMaterial
T_287	ToolMaterial
T_288	ToolMaterial
T_289	ToolMaterial
T_290	ToolMaterial
T_291	ToolMaterial
T_292	ToolMaterial
