C_001	HAS_FAILURE	F_123
C_001	HAS_FAILURE	F_129
C_001	HAS_FAILURE	F_130
C_001	HAS_FAILURE	F_133
C_001	HAS_FAILURE	F_1457
C_001	HAS_FAILURE	F_1459
C_001	HAS_PART	C_002
C_001	HAS_PART	C_003
C_001	HAS_PART	C_006
C_001	HAS_PART	C_007
C_001	HAS_PART	C_008
C_001	HAS_PART	C_009
C_001	HAS_PART	C_010
C_001	HAS_PART	C_011
C_001	HAS_PART	C_013
C_001	HAS_PART	C_014
C_001	HAS_PART	C_015
C_001	HAS_PART	C_016
C_001	HAS_PART	C_017
C_001	HAS_PART	C_018
C_001	HAS_PART	C_019
C_001	HAS_PART	C_029
C_001	HAS_PART	C_031
C_001	HAS_PART	C_046
C_001	HAS_PART	C_079
C_001	HAS_PART	C_080
C_001	HAS_PART	C_104
C_001	HAS_PART	C_129
C_001	HAS_PART	C_131
C_001	HAS_PART	C_140
C_001	HAS_PART	C_141
C_001	HAS_PART	C_142
C_001	HAS_PART	C_165
C_001	HAS_PART	C_166
C_001	HAS_PART	C_167
C_001	HAS_PART	C_168
C_001	HAS_PART	C_169
C_001	HAS_PART	C_170
C_001	HAS_PART	C_2386
C_001	HAS_PART	C_2387
C_002	HAS_FAILURE	F_127
C_002	HAS_PART	C_199
C_003	HAS_FAILURE	F_033
C_003	HAS_FAILURE	F_2538
C_003	HAS_FAILURE	F_2544
C_003	HAS_PART	C_064
C_003	HAS_PART	C_071
C_003	HAS_PART	C_072
C_003	HAS_PART	C_073
C_004	DETECTED_BY	PP_483
C_004	HAS_FAILURE	F_122
C_004	HAS_PART	C_074
C_004	HAS_PART	C_075
C_004	HAS_PART	C_077
C_004	HAS_PART	C_078
C_004	HAS_PART	C_195
C_005	HAS_FAILURE	F_040
C_005	HAS_FAILURE	F_134
C_005	HAS_PART	C_081
C_005	HAS_PART	C_082
C_005	HAS_PART	C_083
C_005	HAS_PART	C_085
C_005	HAS_PART	C_086
C_006	DETECTED_BY	PP_536
C_006	HAS_FAILURE	F_038
C_007	DETECTED_BY	PP_555
C_007	HAS_FAILURE	F_087
C_007	HAS_FAILURE	F_088
C_007	HAS_FAILURE	F_089
C_007	HAS_FAILURE	F_090
C_007	HAS_FAILURE	F_091
C_007	HAS_FAILURE	F_2542
C_007	HAS_FAILURE	F_2543
C_007	HAS_PART	C_2394
C_008	DETECTED_BY	PP_492
C_008	HAS_FAILURE	F_116
C_008	HAS_FAILURE	F_118
C_008	HAS_FAILURE	F_119
C_008	HAS_FAILURE	F_120
C_008	HAS_FAILURE	F_121
C_008	HAS_FAILURE	F_2354
C_008	HAS_PART	C_190
C_008	HAS_PART	C_191
C_008	HAS_PART	C_192
C_008	HAS_PART	C_193
C_008	HAS_PART	C_194
C_009	DETECTED_BY	PP_485
C_009	DETECTED_BY	PP_537
C_009	HAS_FAILURE	F_045
C_009	HAS_PART	C_092
C_009	HAS_PART	C_093
C_009	HAS_PART	C_094
C_009	HAS_PART	C_095
C_009	HAS_PART	C_096
C_009	HAS_PART	C_097
C_011	DETECTED_BY	PP_541
C_011	HAS_FAILURE	F_042
C_011	HAS_FAILURE	F_135
C_012	DETECTED_BY	PP_542
C_012	HAS_FAILURE	F_043
C_012	HAS_PART	C_087
C_013	DETECTED_BY	PP_545
C_013	HAS_FAILURE	F_047
C_013	HAS_PART	C_098
C_014	DETECTED_BY	PP_494
C_014	DETECTED_BY	PP_554
C_015	HAS_FAILURE	F_098
C_015	HAS_FAILURE	F_100
C_015	HAS_FAILURE	F_136
C_015	HAS_FAILURE	F_137
C_015	HAS_FAILURE	F_2531
C_015	HAS_PART	C_171
C_015	HAS_PART	C_172
C_015	LIMITED_BY	S_1590
C_016	DETECTED_BY	PP_489
C_017	DETECTED_BY	PP_490
C_019	DETECTED_BY	PP_563
C_019	HAS_FAILURE	F_111
C_019	HAS_PART	C_027
C_019	HAS_PART	C_184
C_020	DETECTED_BY	PP_564
C_020	HAS_FAILURE	F_108
C_020	HAS_PART	C_028
C_020	HAS_PART	C_173
C_020	HAS_PART	C_174
C_020	HAS_PART	C_175
C_020	HAS_PART	C_178
C_021	HAS_FAILURE	F_1458
C_021	HAS_PART	C_022
C_021	HAS_PART	C_023
C_021	HAS_PART	C_024
C_021	HAS_PART	C_025
C_021	HAS_PART	C_026
C_030	HAS_FAILURE	F_029
C_030	HAS_FAILURE	F_2540
C_031	DETECTED_BY	PP_480
C_031	DETECTED_BY	PP_529
C_031	HAS_FAILURE	F_001
C_031	HAS_FAILURE	F_006
C_031	HAS_PART	C_032
C_031	HAS_PART	C_033
C_031	HAS_PART	C_034
C_031	HAS_PART	C_036
C_031	HAS_PART	C_037
C_031	HAS_PART	C_038
C_031	HAS_PART	C_039
C_031	HAS_PART	C_040
C_031	HAS_PART	C_041
C_031	HAS_PART	C_042
C_031	HAS_PART	C_043
C_031	HAS_PART	C_044
C_031	HAS_PART	C_045
C_033	HAS_FAILURE	F_003
C_034	HAS_FAILURE	F_003
C_035	HAS_FAILURE	F_003
C_036	HAS_FAILURE	F_003
C_037	HAS_FAILURE	F_003
C_038	HAS_FAILURE	F_003
C_042	HAS_FAILURE	F_007
C_043	HAS_FAILURE	F_005
C_045	HAS_FAILURE	F_004
C_046	HAS_FAILURE	F_009
C_046	HAS_FAILURE	F_015
C_046	HAS_FAILURE	F_016
C_046	HAS_FAILURE	F_017
C_046	HAS_FAILURE	F_2506
C_046	HAS_FAILURE	F_2508
C_046	HAS_FAILURE	F_2509
C_046	HAS_FAILURE	F_2510
C_046	HAS_FAILURE	F_2511
C_046	HAS_FAILURE	F_2520
C_046	HAS_FAILURE	F_2521
C_046	HAS_FAILURE	F_2522
C_046	HAS_FAILURE	F_2523
C_046	HAS_PART	C_047
C_046	HAS_PART	C_048
C_046	HAS_PART	C_054
C_047	DETECTED_BY	PP_482
C_047	HAS_FAILURE	F_008
C_047	HAS_FAILURE	F_009
C_047	HAS_FAILURE	F_2507
C_048	DETECTED_BY	PP_481
C_048	DETECTED_BY	PP_531
C_048	HAS_FAILURE	F_011
C_048	HAS_FAILURE	F_012
C_048	HAS_FAILURE	F_013
C_048	HAS_FAILURE	F_014
C_048	HAS_FAILURE	F_054
C_048	HAS_FAILURE	F_2512
C_048	HAS_FAILURE	F_2513
C_048	HAS_FAILURE	F_2514
C_048	HAS_FAILURE	F_2515
C_048	HAS_FAILURE	F_2516
C_048	HAS_FAILURE	F_2517
C_048	HAS_FAILURE	F_2518
C_048	HAS_FAILURE	F_2519
C_048	HAS_PART	C_050
C_048	HAS_PART	C_051
C_048	HAS_PART	C_052
C_048	HAS_PART	C_053
C_049	HAS_FAILURE	F_012
C_051	HAS_FAILURE	F_013
C_052	HAS_FAILURE	F_014
C_054	HAS_FAILURE	F_2526
C_054	HAS_FAILURE	F_2527
C_054	HAS_FAILURE	F_2528
C_054	HAS_FAILURE	F_2529
C_054	HAS_FAILURE	F_2530
C_055	HAS_FAILURE	F_019
C_055	HAS_FAILURE	F_021
C_055	HAS_FAILURE	F_023
C_055	HAS_FAILURE	F_024
C_055	HAS_PART	C_056
C_055	HAS_PART	C_057
C_055	HAS_PART	C_058
C_055	HAS_PART	C_060
C_055	HAS_PART	C_061
C_055	HAS_PART	C_062
C_055	HAS_PART	C_063
C_056	HAS_FAILURE	F_020
C_058	HAS_FAILURE	F_019
C_059	HAS_FAILURE	F_020
C_062	HAS_FAILURE	F_019
C_063	HAS_FAILURE	F_019
C_064	DETECTED_BY	PP_533
C_064	HAS_PART	C_030
C_064	HAS_PART	C_065
C_064	HAS_PART	C_068
C_064	HAS_PART	C_069
C_064	HAS_PART	C_070
C_064	HAS_PART	C_2389
C_065	HAS_FAILURE	F_026
C_065	HAS_FAILURE	F_027
C_065	HAS_FAILURE	F_028
C_065	HAS_FAILURE	F_131
C_065	HAS_FAILURE	F_2545
C_066	HAS_FAILURE	F_029
C_066	HAS_PART	C_2390
C_066	HAS_PART	C_2391
C_066	HAS_PART	C_2392
C_066	HAS_PART	C_2393
C_068	DETECTED_BY	PP_484
C_068	DETECTED_BY	PP_534
C_068	HAS_FAILURE	F_031
C_069	HAS_FAILURE	F_028
C_070	HAS_FAILURE	F_030
C_074	DETECTED_BY	PP_535
C_075	HAS_FAILURE	F_037
C_076	HAS_FAILURE	F_037
C_079	DETECTED_BY	PP_538
C_079	HAS_FAILURE	F_039
C_080	DETECTED_BY	PP_544
C_080	HAS_FAILURE	F_046
C_081	HAS_FAILURE	F_040
C_084	HAS_FAILURE	F_040
C_087	DETECTED_BY	PP_543
C_087	HAS_FAILURE	F_044
C_087	HAS_PART	C_088
C_087	HAS_PART	C_089
C_087	HAS_PART	C_090
C_087	HAS_PART	C_091
C_090	DETECTED_BY	PP_449
C_090	HAS_FAILURE	F_2292
C_090	HAS_FAILURE	F_2293
C_090	HAS_FAILURE	F_2294
C_090	HAS_PART	C_2294
C_090	HAS_PART	C_2295
C_090	HAS_PART	C_2296
C_098	HAS_PART	C_102
C_098	HAS_PART	C_103
C_099	HAS_FAILURE	F_047
C_099	HAS_PART	C_100
C_099	HAS_PART	C_101
C_1000	HAS_FAILURE	F_965
C_1000	HAS_PART	C_1001
C_1000	HAS_PART	C_1002
C_1000	HAS_PART	C_1003
C_1003	HAS_FAILURE	F_966
C_1004	HAS_PART	C_1005
C_1004	HAS_PART	C_1006
C_1005	HAS_FAILURE	F_967
C_1006	HAS_FAILURE	F_968
C_1007	HAS_FAILURE	F_969
C_1008	HAS_FAILURE	F_970
C_1009	HAS_FAILURE	F_971
C_1009	HAS_PART	C_1010
C_1009	HAS_PART	C_1011
C_1009	HAS_PART	C_1012
C_1009	HAS_PART	C_1013
C_1010	HAS_FAILURE	F_972
C_1013	HAS_FAILURE	F_974
C_1013	HAS_FAILURE	F_975
C_1014	HAS_FAILURE	F_977
C_102	HAS_FAILURE	F_047
C_104	DETECTED_BY	PP_546
C_104	HAS_FAILURE	F_048
C_104	HAS_FAILURE	F_058
C_104	HAS_FAILURE	F_132
C_104	HAS_PART	C_105
C_104	HAS_PART	C_113
C_104	HAS_PART	C_118
C_104	HAS_PART	C_125
C_105	HAS_PART	C_106
C_105	HAS_PART	C_107
C_105	HAS_PART	C_111
C_110	HAS_FAILURE	F_053
C_111	HAS_FAILURE	F_053
C_112	HAS_FAILURE	F_051
C_113	HAS_PART	C_108
C_113	HAS_PART	C_109
C_113	HAS_PART	C_114
C_113	HAS_PART	C_115
C_113	HAS_PART	C_116
C_113	HAS_PART	C_117
C_114	HAS_FAILURE	F_052
C_115	HAS_FAILURE	F_049
C_115	HAS_FAILURE	F_055
C_118	HAS_PART	C_119
C_118	HAS_PART	C_120
C_118	HAS_PART	C_121
C_118	HAS_PART	C_122
C_118	HAS_PART	C_123
C_118	HAS_PART	C_124
C_125	DETECTED_BY	PP_486
C_125	HAS_FAILURE	F_056
C_125	HAS_FAILURE	F_124
C_125	HAS_PART	C_126
C_125	HAS_PART	C_127
C_125	HAS_PART	C_128
C_125	HAS_PART	C_196
C_1278	HAS_PART	C_1279
C_1278	HAS_PART	C_1921
C_1278	HAS_PART	C_2162
C_1278	HAS_PART	C_2240
C_1279	DETECTED_BY	PP_653
C_1279	HAS_PART	C_1843
C_1279	HAS_PART	C_1880
C_1279	HAS_PART	C_1886
C_1279	HAS_PART	C_1894
C_1279	HAS_PART	C_1902
C_1279	HAS_PART	C_1907
C_1279	HAS_PART	C_1910
C_1279	HAS_PART	C_1917
C_1279	HAS_PART	C_1918
C_128	HAS_FAILURE	F_057
C_1282	HAS_FAILURE	F_1139
C_1283	HAS_FAILURE	F_1143
C_1285	HAS_FAILURE	F_1141
C_1286	HAS_FAILURE	F_1144
C_1286	HAS_FAILURE	F_1145
C_1288	HAS_PART	C_1345
C_1288	HAS_PART	C_1348
C_1288	HAS_PART	C_1359
C_1288	HAS_PART	C_1371
C_1288	HAS_PART	C_1383
C_1288	HAS_PART	C_1401
C_1288	HAS_PART	C_1420
C_1288	HAS_PART	C_1421
C_1288	HAS_PART	C_1422
C_1288	HAS_PART	C_1423
C_1288	HAS_PART	C_1424
C_1288	HAS_PART	C_1425
C_1288	HAS_PART	C_1426
C_1288	HAS_PART	C_1427
C_1288	HAS_PART	C_1428
C_1288	HAS_PART	C_1429
C_1289	HAS_PART	C_1290
C_1289	HAS_PART	C_1292
C_1289	HAS_PART	C_1293
C_1289	HAS_PART	C_1294
C_1289	HAS_PART	C_1339
C_129	DETECTED_BY	PP_549
C_129	HAS_FAILURE	F_059
C_129	HAS_FAILURE	F_060
C_129	HAS_FAILURE	F_061
C_129	HAS_FAILURE	F_062
C_129	HAS_FAILURE	F_132
C_129	HAS_PART	C_132
C_129	HAS_PART	C_133
C_129	HAS_PART	C_134
C_129	HAS_PART	C_135
C_1290	DETECTED_BY	PP_615
C_1290	HAS_FAILURE	F_1463
C_1290	HAS_FAILURE	F_1464
C_1291	HAS_FAILURE	F_1465
C_1291	HAS_FAILURE	F_1469
C_1291	HAS_FAILURE	F_1478
C_1291	HAS_FAILURE	F_1486
C_1291	HAS_FAILURE	F_1487
C_1291	HAS_FAILURE	F_1491
C_1291	HAS_PART	C_1295
C_1291	HAS_PART	C_1297
C_1291	HAS_PART	C_1298
C_1291	HAS_PART	C_1299
C_1292	HAS_FAILURE	F_1466
C_1292	HAS_FAILURE	F_1470
C_1292	HAS_FAILURE	F_1474
C_1292	HAS_FAILURE	F_1479
C_1292	HAS_FAILURE	F_1483
C_1292	HAS_FAILURE	F_1488
C_1292	HAS_FAILURE	F_1492
C_1292	HAS_PART	C_1306
C_1292	HAS_PART	C_1308
C_1292	HAS_PART	C_1309
C_1292	HAS_PART	C_1310
C_1293	HAS_FAILURE	F_1467
C_1293	HAS_FAILURE	F_1471
C_1293	HAS_FAILURE	F_1475
C_1293	HAS_FAILURE	F_1480
C_1293	HAS_FAILURE	F_1484
C_1293	HAS_FAILURE	F_1489
C_1293	HAS_FAILURE	F_1493
C_1293	HAS_PART	C_1317
C_1293	HAS_PART	C_1319
C_1293	HAS_PART	C_1320
C_1293	HAS_PART	C_1321
C_1294	HAS_FAILURE	F_1468
C_1294	HAS_FAILURE	F_1472
C_1294	HAS_FAILURE	F_1476
C_1294	HAS_FAILURE	F_1485
C_1294	HAS_FAILURE	F_1490
C_1294	HAS_FAILURE	F_1494
C_1294	HAS_PART	C_1328
C_1294	HAS_PART	C_1330
C_1294	HAS_PART	C_1331
C_1294	HAS_PART	C_1332
C_1295	HAS_PART	C_1296
C_1295	HAS_PART	C_1302
C_1298	HAS_PART	C_1301
C_1298	HAS_PART	C_1303
C_1298	HAS_PART	C_1304
C_1298	HAS_PART	C_1305
C_1299	HAS_PART	C_1300
C_130	DETECTED_BY	PP_550
C_130	DETECTED_BY	PP_691
C_130	DETECTED_BY	PP_692
C_130	DETECTED_BY	PP_693
C_130	DETECTED_BY	PP_694
C_130	HAS_FAILURE	F_063
C_130	HAS_FAILURE	F_2533
C_130	HAS_FAILURE	F_2535
C_130	HAS_PART	C_198
C_130	HAS_PART	C_2396
C_130	HAS_PART	C_2398
C_130	HAS_PART	C_2402
C_130	LIMITED_BY	S_1564
C_130	LIMITED_BY	S_1565
C_130	LIMITED_BY	S_1579
C_130	LIMITED_BY	S_1580
C_130	LIMITED_BY	S_1581
C_130	LIMITED_BY	S_1582
C_130	LIMITED_BY	S_1583
C_130	LIMITED_BY	S_1584
C_130	LIMITED_BY	S_1585
C_130	LIMITED_BY	S_1587
C_130	LIMITED_BY	S_270
C_1306	HAS_PART	C_1307
C_1306	HAS_PART	C_1313
C_1309	HAS_PART	C_1312
C_1309	HAS_PART	C_1314
C_1309	HAS_PART	C_1315
C_1309	HAS_PART	C_1316
C_131	DETECTED_BY	PP_548
C_131	DETECTED_BY	PP_691
C_131	DETECTED_BY	PP_692
C_131	DETECTED_BY	PP_694
C_131	DETECTED_BY	PP_695
C_131	HAS_FAILURE	F_064
C_131	HAS_FAILURE	F_065
C_131	HAS_FAILURE	F_125
C_131	HAS_FAILURE	F_128
C_131	HAS_PART	C_136
C_131	HAS_PART	C_137
C_131	HAS_PART	C_138
C_131	HAS_PART	C_139
C_131	HAS_PART	C_197
C_131	HAS_PART	C_2397
C_131	HAS_PART	C_2398
C_131	HAS_PART	C_2402
C_131	LIMITED_BY	S_1576
C_131	LIMITED_BY	S_1577
C_131	LIMITED_BY	S_1578
C_131	LIMITED_BY	S_1588
C_1310	HAS_PART	C_1311
C_1317	HAS_PART	C_1318
C_1317	HAS_PART	C_1324
C_1320	HAS_PART	C_1323
C_1320	HAS_PART	C_1325
C_1320	HAS_PART	C_1326
C_1320	HAS_PART	C_1327
C_1321	HAS_PART	C_1322
C_1328	HAS_PART	C_1329
C_1328	HAS_PART	C_1335
C_1331	HAS_PART	C_1334
C_1331	HAS_PART	C_1336
C_1331	HAS_PART	C_1337
C_1331	HAS_PART	C_1338
C_1332	HAS_PART	C_1333
C_1339	HAS_FAILURE	F_1477
C_1339	HAS_PART	C_1340
C_1341	DETECTED_BY	PP_617
C_1341	HAS_FAILURE	F_1495
C_1341	HAS_FAILURE	F_1496
C_1341	HAS_FAILURE	F_1498
C_1341	HAS_FAILURE	F_1499
C_1341	HAS_PART	C_1342
C_1341	HAS_PART	C_1343
C_1343	HAS_PART	C_1344
C_1345	DETECTED_BY	PP_618
C_1345	HAS_FAILURE	F_1500
C_1345	HAS_FAILURE	F_1501
C_1345	HAS_PART	C_1346
C_1345	HAS_PART	C_1347
C_1348	DETECTED_BY	PP_619
C_1348	HAS_FAILURE	F_1507
C_1348	HAS_PART	C_1349
C_1348	HAS_PART	C_1350
C_1348	HAS_PART	C_1351
C_1348	HAS_PART	C_1355
C_1348	HAS_PART	C_1356
C_1348	HAS_PART	C_1357
C_1348	HAS_PART	C_1358
C_1349	HAS_FAILURE	F_1503
C_1350	HAS_FAILURE	F_1504
C_1350	HAS_PART	C_1352
C_1350	HAS_PART	C_1353
C_1351	HAS_FAILURE	F_1505
C_1351	HAS_FAILURE	F_1506
C_1351	HAS_PART	C_1354
C_1356	DETECTED_BY	PP_679
C_1356	HAS_FAILURE	F_1551
C_1356	HAS_FAILURE	F_1552
C_1357	HAS_FAILURE	F_1553
C_1357	HAS_FAILURE	F_1554
C_1358	HAS_FAILURE	F_1555
C_1358	HAS_FAILURE	F_1556
C_1359	DETECTED_BY	PP_620
C_1359	HAS_FAILURE	F_1508
C_1359	HAS_FAILURE	F_1509
C_1359	HAS_FAILURE	F_1510
C_1359	HAS_PART	C_1360
C_1359	HAS_PART	C_1361
C_1359	HAS_PART	C_1362
C_1360	HAS_FAILURE	F_1557
C_1360	HAS_FAILURE	F_1563
C_1360	HAS_PART	C_1363
C_1361	HAS_FAILURE	F_1558
C_1361	HAS_PART	C_1365
C_1361	HAS_PART	C_1366
C_1362	HAS_FAILURE	F_1559
C_1362	HAS_FAILURE	F_1565
C_1362	HAS_PART	C_1367
C_1364	HAS_FAILURE	F_1560
C_1366	HAS_FAILURE	F_1561
C_1368	HAS_FAILURE	F_1562
C_1369	HAS_PART	C_1370
C_1370	HAS_FAILURE	F_1566
C_1371	DETECTED_BY	PP_621
C_1371	HAS_FAILURE	F_1512
C_1371	HAS_FAILURE	F_1513
C_1371	HAS_FAILURE	F_1514
C_1371	HAS_FAILURE	F_1567
C_1371	HAS_FAILURE	F_1574
C_1371	HAS_PART	C_1372
C_1371	HAS_PART	C_1375
C_1371	HAS_PART	C_1377
C_1371	HAS_PART	C_1379
C_1371	HAS_PART	C_1380
C_1371	HAS_PART	C_1381
C_1371	HAS_PART	C_1382
C_1372	HAS_PART	C_1373
C_1373	HAS_FAILURE	F_1568
C_1373	HAS_FAILURE	F_1569
C_1373	HAS_PART	C_1374
C_1375	HAS_FAILURE	F_1511
C_1375	HAS_FAILURE	F_1575
C_1375	HAS_PART	C_1376
C_1377	HAS_PART	C_1378
C_1380	HAS_FAILURE	F_1573
C_1381	HAS_FAILURE	F_1570
C_1382	HAS_FAILURE	F_1571
C_1383	DETECTED_BY	PP_622
C_1383	HAS_PART	C_1384
C_1383	HAS_PART	C_1390
C_1383	HAS_PART	C_1392
C_1383	HAS_PART	C_1397
C_1383	HAS_PART	C_1398
C_1383	HAS_PART	C_1399
C_1383	HAS_PART	C_1400
C_1384	HAS_PART	C_1385
C_1384	HAS_PART	C_1386
C_1387	HAS_FAILURE	F_1516
C_1387	HAS_PART	C_1388
C_1387	HAS_PART	C_1389
C_1390	HAS_PART	C_1391
C_1392	HAS_FAILURE	F_1517
C_1392	HAS_FAILURE	F_1518
C_1392	HAS_PART	C_1393
C_1392	HAS_PART	C_1394
C_1392	HAS_PART	C_1395
C_1395	HAS_PART	C_1396
C_140	DETECTED_BY	PP_487
C_140	HAS_FAILURE	F_066
C_1401	DETECTED_BY	PP_624
C_1401	HAS_PART	C_1402
C_1401	HAS_PART	C_1408
C_1402	HAS_FAILURE	F_1519
C_1402	HAS_FAILURE	F_1520
C_1402	HAS_FAILURE	F_1530
C_1402	HAS_FAILURE	F_1542
C_1402	HAS_FAILURE	F_1544
C_1402	HAS_PART	C_1403
C_1402	HAS_PART	C_1404
C_1402	HAS_PART	C_1405
C_1402	HAS_PART	C_1407
C_1402	HAS_PART	C_1443
C_1405	HAS_PART	C_1406
C_1408	DETECTED_BY	PP_458
C_1408	HAS_FAILURE	F_1521
C_1408	HAS_FAILURE	F_1522
C_1408	HAS_FAILURE	F_1524
C_1408	HAS_FAILURE	F_1525
C_1408	HAS_FAILURE	F_1526
C_1408	HAS_FAILURE	F_1527
C_1408	HAS_FAILURE	F_1528
C_1408	HAS_FAILURE	F_1529
C_1408	HAS_FAILURE	F_1531
C_1408	HAS_FAILURE	F_2366
C_1408	HAS_PART	C_1409
C_1408	HAS_PART	C_1412
C_1409	HAS_PART	C_1410
C_1409	HAS_PART	C_1411
C_141	DETECTED_BY	PP_488
C_141	DETECTED_BY	PP_552
C_141	HAS_FAILURE	F_067
C_1412	HAS_PART	C_1413
C_1414	DETECTED_BY	PP_625
C_1414	HAS_FAILURE	F_1532
C_1414	HAS_FAILURE	F_1533
C_1414	HAS_FAILURE	F_1534
C_1414	HAS_FAILURE	F_1535
C_1414	HAS_PART	C_1416
C_1415	HAS_PART	C_1417
C_1416	HAS_PART	C_1418
C_1419	DETECTED_BY	PP_458
C_1419	HAS_FAILURE	F_2360
C_1419	HAS_FAILURE	F_2361
C_142	HAS_PART	C_143
C_142	HAS_PART	C_144
C_142	HAS_PART	C_145
C_1420	DETECTED_BY	PP_458
C_1420	HAS_FAILURE	F_2355
C_1420	HAS_FAILURE	F_2356
C_1420	HAS_FAILURE	F_2357
C_1420	HAS_FAILURE	F_2358
C_1421	DETECTED_BY	PP_458
C_1421	HAS_FAILURE	F_2362
C_1421	HAS_FAILURE	F_2363
C_1421	HAS_FAILURE	F_2364
C_1428	DETECTED_BY	PP_628
C_1428	HAS_FAILURE	F_1546
C_1428	HAS_FAILURE	F_1547
C_1428	HAS_FAILURE	F_1548
C_1428	HAS_FAILURE	F_1549
C_1428	HAS_FAILURE	F_1550
C_1428	HAS_PART	C_1440
C_1428	HAS_PART	C_1441
C_1429	DETECTED_BY	PP_629
C_1429	HAS_FAILURE	F_1536
C_1429	HAS_FAILURE	F_1537
C_1429	HAS_FAILURE	F_1538
C_1429	HAS_PART	C_1430
C_1429	HAS_PART	C_1431
C_1429	HAS_PART	C_1432
C_1429	HAS_PART	C_1433
C_1429	HAS_PART	C_1434
C_143	HAS_FAILURE	F_068
C_143	HAS_FAILURE	F_069
C_143	HAS_FAILURE	F_070
C_143	HAS_FAILURE	F_071
C_143	HAS_PART	C_147
C_1434	HAS_PART	C_1435
C_1436	DETECTED_BY	PP_627
C_1436	HAS_FAILURE	F_1539
C_1436	HAS_FAILURE	F_1540
C_1436	HAS_FAILURE	F_1541
C_1436	HAS_PART	C_1437
C_1436	HAS_PART	C_1438
C_1438	HAS_PART	C_1439
C_144	HAS_FAILURE	F_072
C_144	HAS_FAILURE	F_073
C_144	HAS_FAILURE	F_074
C_144	HAS_FAILURE	F_075
C_144	HAS_FAILURE	F_078
C_144	HAS_PART	C_148
C_144	HAS_PART	C_149
C_144	HAS_PART	C_150
C_1441	HAS_PART	C_1442
C_1443	HAS_PART	C_1444
C_1444	HAS_FAILURE	F_1576
C_1445	HAS_PART	C_1446
C_1445	HAS_PART	C_1530
C_1445	HAS_PART	C_1536
C_1445	HAS_PART	C_1588
C_1446	HAS_PART	C_1447
C_1446	HAS_PART	C_1500
C_1446	HAS_PART	C_892
C_1447	DETECTED_BY	PP_630
C_1447	HAS_FAILURE	F_1612
C_1447	HAS_FAILURE	F_1613
C_1447	HAS_FAILURE	F_1614
C_1447	HAS_PART	C_1448
C_1447	HAS_PART	C_1453
C_1447	HAS_PART	C_1455
C_1447	HAS_PART	C_1456
C_1447	HAS_PART	C_1457
C_1447	HAS_PART	C_1459
C_1447	HAS_PART	C_1460
C_1447	HAS_PART	C_1463
C_1447	HAS_PART	C_1465
C_1447	HAS_PART	C_1466
C_1447	HAS_PART	C_1467
C_1447	HAS_PART	C_1468
C_1447	HAS_PART	C_1473
C_1447	HAS_PART	C_1474
C_1447	HAS_PART	C_1475
C_1447	HAS_PART	C_1476
C_1447	HAS_PART	C_1477
C_1447	HAS_PART	C_1478
C_1447	HAS_PART	C_1479
C_1447	HAS_PART	C_1480
C_1447	HAS_PART	C_1490
C_1447	HAS_PART	C_1494
C_1447	HAS_PART	C_1495
C_1447	HAS_PART	C_1498
C_1447	HAS_PART	C_1499
C_1448	HAS_FAILURE	F_1586
C_1448	HAS_PART	C_1449
C_1449	HAS_FAILURE	F_1587
C_145	HAS_FAILURE	F_079
C_145	HAS_FAILURE	F_080
C_145	HAS_FAILURE	F_081
C_145	HAS_FAILURE	F_082
C_145	HAS_FAILURE	F_083
C_145	HAS_FAILURE	F_084
C_145	HAS_FAILURE	F_138
C_145	HAS_FAILURE	F_139
C_145	HAS_FAILURE	F_140
C_145	HAS_FAILURE	F_142
C_145	HAS_PART	C_151
C_145	HAS_PART	C_152
C_145	HAS_PART	C_153
C_145	HAS_PART	C_154
C_145	HAS_PART	C_155
C_145	HAS_PART	C_156
C_145	HAS_PART	C_157
C_145	HAS_PART	C_158
C_145	HAS_PART	C_159
C_145	HAS_PART	C_160
C_145	HAS_PART	C_161
C_145	HAS_PART	C_162
C_145	HAS_PART	C_163
C_1450	HAS_PART	C_1496
C_1451	HAS_FAILURE	F_1588
C_1451	HAS_FAILURE	F_1601
C_1452	HAS_FAILURE	F_1589
C_1452	HAS_PART	C_1454
C_1452	HAS_PART	C_1497
C_1455	HAS_FAILURE	F_1590
C_1457	HAS_PART	C_1458
C_1458	HAS_FAILURE	F_1591
C_1459	HAS_FAILURE	F_1592
C_1459	HAS_PART	C_1461
C_1459	HAS_PART	C_1462
C_146	HAS_FAILURE	F_085
C_1463	HAS_FAILURE	F_1593
C_1463	HAS_PART	C_1464
C_1465	HAS_FAILURE	F_1594
C_1466	HAS_FAILURE	F_1595
C_1467	HAS_FAILURE	F_1596
C_1467	HAS_PART	C_1469
C_1470	HAS_FAILURE	F_1597
C_1470	HAS_PART	C_1471
C_1472	HAS_FAILURE	F_1598
C_1473	HAS_FAILURE	F_1599
C_1480	HAS_FAILURE	F_1600
C_1480	HAS_FAILURE	F_1610
C_1480	HAS_PART	C_1481
C_1480	HAS_PART	C_1482
C_1480	HAS_PART	C_1483
C_1480	HAS_PART	C_1484
C_1480	HAS_PART	C_1485
C_1480	HAS_PART	C_1486
C_1480	HAS_PART	C_1487
C_1480	HAS_PART	C_1488
C_1480	HAS_PART	C_1489
C_1481	HAS_FAILURE	F_1605
C_1488	HAS_FAILURE	F_1606
C_1488	HAS_FAILURE	F_1608
C_1489	HAS_FAILURE	F_1607
C_1489	HAS_FAILURE	F_1609
C_1490	HAS_PART	C_1492
C_1490	HAS_PART	C_1493
C_1491	HAS_FAILURE	F_1602
C_1492	HAS_FAILURE	F_1603
C_1494	HAS_FAILURE	F_1604
C_1499	HAS_FAILURE	F_1615
C_1500	DETECTED_BY	PP_631
C_1500	HAS_FAILURE	F_1616
C_1500	HAS_PART	C_1501
C_1500	HAS_PART	C_1502
C_1500	HAS_PART	C_1503
C_1500	HAS_PART	C_1504
C_1500	HAS_PART	C_1505
C_1500	HAS_PART	C_1506
C_1500	HAS_PART	C_1507
C_1500	HAS_PART	C_1508
C_1500	HAS_PART	C_1511
C_1500	HAS_PART	C_1512
C_1500	HAS_PART	C_1513
C_1500	HAS_PART	C_1514
C_1500	HAS_PART	C_1515
C_1500	HAS_PART	C_1516
C_1500	HAS_PART	C_1518
C_1500	HAS_PART	C_1519
C_1500	HAS_PART	C_1522
C_1501	HAS_PART	C_1509
C_1501	HAS_PART	C_1510
C_1507	HAS_PART	C_1521
C_1508	HAS_FAILURE	F_1618
C_1509	HAS_FAILURE	F_1617
C_1516	HAS_PART	C_1517
C_1519	HAS_PART	C_1520
C_1520	HAS_FAILURE	F_1619
C_1522	HAS_PART	C_1525
C_1522	HAS_PART	C_1526
C_1522	HAS_PART	C_1527
C_1523	HAS_PART	C_1524
C_1523	HAS_PART	C_1525
C_1523	HAS_PART	C_1526
C_1523	HAS_PART	C_1527
C_1528	HAS_FAILURE	F_1622
C_1529	HAS_FAILURE	F_1623
C_1531	DETECTED_BY	PP_633
C_1531	HAS_PART	C_1532
C_1531	HAS_PART	C_1533
C_1531	HAS_PART	C_1534
C_1531	HAS_PART	C_1535
C_1532	HAS_FAILURE	F_1625
C_1533	HAS_FAILURE	F_1626
C_1534	HAS_FAILURE	F_1627
C_1535	HAS_FAILURE	F_1628
C_1535	HAS_FAILURE	F_1629
C_1536	HAS_PART	C_1565
C_1536	HAS_PART	C_1574
C_1536	HAS_PART	C_1579
C_1537	HAS_PART	C_1538
C_1537	HAS_PART	C_1556
C_1538	DETECTED_BY	PP_634
C_1538	HAS_FAILURE	F_1641
C_1538	HAS_PART	C_1539
C_1538	HAS_PART	C_1540
C_1538	HAS_PART	C_1541
C_1538	HAS_PART	C_1543
C_1538	HAS_PART	C_1544
C_1538	HAS_PART	C_1545
C_1538	HAS_PART	C_1546
C_1538	HAS_PART	C_1547
C_1538	HAS_PART	C_1548
C_1538	HAS_PART	C_1549
C_1538	HAS_PART	C_1550
C_1538	HAS_PART	C_1551
C_1538	HAS_PART	C_1552
C_1538	HAS_PART	C_1553
C_1538	HAS_PART	C_1554
C_1538	HAS_PART	C_1555
C_1539	HAS_FAILURE	F_1630
C_1539	HAS_FAILURE	F_1639
C_1539	HAS_PART	C_1542
C_1542	HAS_FAILURE	F_1631
C_1543	HAS_FAILURE	F_1632
C_1546	HAS_FAILURE	F_1634
C_1548	HAS_FAILURE	F_1635
C_1549	HAS_FAILURE	F_1636
C_1550	HAS_FAILURE	F_1637
C_1553	HAS_FAILURE	F_1638
C_1555	HAS_FAILURE	F_1640
C_1556	DETECTED_BY	PP_635
C_1556	HAS_FAILURE	F_1643
C_1556	HAS_PART	C_1557
C_1556	HAS_PART	C_1558
C_1556	HAS_PART	C_1559
C_1556	HAS_PART	C_1560
C_1556	HAS_PART	C_1561
C_1556	HAS_PART	C_1562
C_1556	HAS_PART	C_1563
C_1556	HAS_PART	C_1564
C_1557	HAS_FAILURE	F_1642
C_1558	HAS_FAILURE	F_1645
C_1561	HAS_FAILURE	F_1646
C_1562	HAS_FAILURE	F_1647
C_1564	HAS_FAILURE	F_1648
C_1565	DETECTED_BY	PP_636
C_1565	HAS_PART	C_1566
C_1565	HAS_PART	C_1569
C_1565	HAS_PART	C_1570
C_1565	HAS_PART	C_1571
C_1566	HAS_PART	C_1567
C_1568	HAS_FAILURE	F_1650
C_1570	HAS_FAILURE	F_1651
C_1571	HAS_FAILURE	F_1652
C_1571	HAS_PART	C_1572
C_1571	HAS_PART	C_1573
C_1572	HAS_FAILURE	F_1653
C_1574	DETECTED_BY	PP_637
C_1574	HAS_FAILURE	F_1655
C_1574	HAS_PART	C_1576
C_1574	HAS_PART	C_1577
C_1574	HAS_PART	C_1578
C_1575	HAS_FAILURE	F_1654
C_1579	DETECTED_BY	PP_638
C_1579	HAS_PART	C_1580
C_1579	HAS_PART	C_1581
C_1579	HAS_PART	C_1582
C_1579	HAS_PART	C_1583
C_1579	HAS_PART	C_1584
C_1579	HAS_PART	C_1585
C_1579	HAS_PART	C_1586
C_1579	HAS_PART	C_1587
C_1580	HAS_FAILURE	F_1657
C_1580	HAS_FAILURE	F_1658
C_1585	HAS_FAILURE	F_1660
C_1587	HAS_FAILURE	F_1659
C_1588	HAS_FAILURE	F_1662
C_1588	HAS_PART	C_1589
C_1588	HAS_PART	C_1590
C_1588	HAS_PART	C_1591
C_1588	HAS_PART	C_1592
C_1588	HAS_PART	C_1593
C_1588	HAS_PART	C_1594
C_1588	HAS_PART	C_1595
C_1588	HAS_PART	C_1596
C_1589	HAS_FAILURE	F_1661
C_1595	HAS_FAILURE	F_1663
C_1597	HAS_PART	C_1598
C_1597	HAS_PART	C_1680
C_1597	HAS_PART	C_1708
C_1598	HAS_PART	C_1599
C_1598	HAS_PART	C_1634
C_1598	HAS_PART	C_1657
C_1598	HAS_PART	C_1675
C_1599	DETECTED_BY	PP_639
C_1599	HAS_FAILURE	F_1675
C_1599	HAS_FAILURE	F_1676
C_1599	HAS_PART	C_1600
C_1599	HAS_PART	C_1609
C_1599	HAS_PART	C_1610
C_1600	HAS_FAILURE	F_1664
C_1600	HAS_PART	C_1602
C_1600	HAS_PART	C_1603
C_1600	HAS_PART	C_1604
C_1600	HAS_PART	C_1605
C_1600	HAS_PART	C_1606
C_1600	HAS_PART	C_1607
C_1600	HAS_PART	C_1608
C_1601	HAS_FAILURE	F_1665
C_1602	HAS_FAILURE	F_1665
C_1603	HAS_FAILURE	F_1665
C_1604	HAS_FAILURE	F_1666
C_1605	HAS_FAILURE	F_1666
C_1606	HAS_FAILURE	F_1666
C_1607	HAS_FAILURE	F_1667
C_1608	HAS_FAILURE	F_1667
C_1610	HAS_PART	C_1611
C_1610	HAS_PART	C_1613
C_1610	HAS_PART	C_1615
C_1610	HAS_PART	C_1616
C_1610	HAS_PART	C_1617
C_1610	HAS_PART	C_1618
C_1610	HAS_PART	C_1619
C_1610	HAS_PART	C_1620
C_1610	HAS_PART	C_1621
C_1610	HAS_PART	C_1622
C_1610	HAS_PART	C_1624
C_1611	HAS_FAILURE	F_1669
C_1612	HAS_FAILURE	F_1670
C_1614	HAS_FAILURE	F_1670
C_1615	HAS_FAILURE	F_1670
C_1618	HAS_FAILURE	F_1671
C_1619	HAS_FAILURE	F_1671
C_1620	HAS_FAILURE	F_1671
C_1621	HAS_FAILURE	F_1672
C_1622	HAS_FAILURE	F_1672
C_1623	HAS_FAILURE	F_1672
C_1624	HAS_FAILURE	F_1673
C_1625	HAS_PART	C_1626
C_1626	HAS_FAILURE	F_1674
C_1627	HAS_FAILURE	F_1677
C_1627	HAS_PART	C_1628
C_1627	HAS_PART	C_1629
C_1627	HAS_PART	C_1630
C_1627	HAS_PART	C_1631
C_1628	HAS_FAILURE	F_1679
C_163	HAS_FAILURE	F_085
C_1631	HAS_FAILURE	F_1678
C_1632	HAS_FAILURE	F_1680
C_1633	HAS_FAILURE	F_1680
C_1634	DETECTED_BY	PP_643
C_1634	HAS_PART	C_1635
C_1634	HAS_PART	C_1646
C_1635	HAS_PART	C_1636
C_1635	HAS_PART	C_1637
C_1635	HAS_PART	C_1638
C_1635	HAS_PART	C_1639
C_1635	HAS_PART	C_1640
C_1635	HAS_PART	C_1641
C_1635	HAS_PART	C_1642
C_1635	HAS_PART	C_1643
C_1635	HAS_PART	C_1644
C_1635	HAS_PART	C_1645
C_1636	HAS_FAILURE	F_1681
C_1637	HAS_FAILURE	F_1682
C_1639	HAS_FAILURE	F_1683
C_1639	HAS_FAILURE	F_1684
C_164	HAS_FAILURE	F_086
C_1640	HAS_FAILURE	F_1685
C_1641	HAS_FAILURE	F_1685
C_1642	HAS_FAILURE	F_1685
C_1643	HAS_FAILURE	F_1685
C_1644	HAS_FAILURE	F_1686
C_1645	HAS_FAILURE	F_1686
C_1646	HAS_FAILURE	F_1687
C_1646	HAS_PART	C_1647
C_1646	HAS_PART	C_1648
C_1646	HAS_PART	C_1649
C_1646	HAS_PART	C_1651
C_1646	HAS_PART	C_1652
C_1646	HAS_PART	C_1653
C_1646	HAS_PART	C_1654
C_1646	HAS_PART	C_1656
C_1647	DETECTED_BY	PP_571
C_1647	HAS_FAILURE	F_1688
C_1649	HAS_FAILURE	F_1688
C_1649	HAS_FAILURE	F_1689
C_165	DETECTED_BY	PP_556
C_165	HAS_FAILURE	F_092
C_165	HAS_FAILURE	F_093
C_1650	HAS_FAILURE	F_1688
C_1651	HAS_FAILURE	F_1689
C_1652	HAS_FAILURE	F_1689
C_1653	HAS_FAILURE	F_1689
C_1654	HAS_FAILURE	F_1690
C_1655	HAS_FAILURE	F_1691
C_1657	DETECTED_BY	PP_644
C_1657	HAS_PART	C_1658
C_1658	HAS_FAILURE	F_1692
C_1658	HAS_FAILURE	F_1703
C_1658	HAS_PART	C_1660
C_1658	HAS_PART	C_1661
C_1658	HAS_PART	C_1662
C_1658	HAS_PART	C_1663
C_1658	HAS_PART	C_1664
C_1658	HAS_PART	C_1665
C_1658	HAS_PART	C_1666
C_1658	HAS_PART	C_1667
C_1658	HAS_PART	C_1669
C_1658	HAS_PART	C_1670
C_1658	HAS_PART	C_1671
C_1658	HAS_PART	C_1672
C_1658	HAS_PART	C_1673
C_1658	HAS_PART	C_1674
C_1659	HAS_FAILURE	F_1692
C_166	DETECTED_BY	PP_557
C_166	HAS_FAILURE	F_095
C_1660	HAS_FAILURE	F_1692
C_1662	HAS_FAILURE	F_1692
C_1663	HAS_FAILURE	F_1692
C_1664	HAS_FAILURE	F_1693
C_1665	HAS_FAILURE	F_1694
C_1666	HAS_FAILURE	F_1695
C_1668	HAS_FAILURE	F_1697
C_1669	HAS_FAILURE	F_1697
C_167	DETECTED_BY	PP_565
C_167	HAS_FAILURE	F_096
C_167	HAS_FAILURE	F_097
C_1671	HAS_FAILURE	F_1699
C_1672	HAS_FAILURE	F_1700
C_1673	HAS_FAILURE	F_1701
C_1674	HAS_FAILURE	F_1702
C_1675	DETECTED_BY	PP_645
C_1675	HAS_PART	C_1677
C_1675	HAS_PART	C_1678
C_1675	HAS_PART	C_1679
C_1676	HAS_FAILURE	F_1704
C_1677	HAS_FAILURE	F_1705
C_168	HAS_FAILURE	F_101
C_1680	DETECTED_BY	PP_646
C_1680	HAS_FAILURE	F_1719
C_1680	HAS_FAILURE	F_1720
C_1680	HAS_FAILURE	F_1721
C_1680	HAS_FAILURE	F_1722
C_1680	HAS_FAILURE	F_1723
C_1680	HAS_FAILURE	F_1724
C_1680	HAS_FAILURE	F_1725
C_1680	HAS_PART	C_1681
C_1681	HAS_PART	C_1682
C_1681	HAS_PART	C_1689
C_1681	HAS_PART	C_1690
C_1681	HAS_PART	C_1691
C_1681	HAS_PART	C_1692
C_1681	HAS_PART	C_1693
C_1681	HAS_PART	C_1694
C_1681	HAS_PART	C_1695
C_1681	HAS_PART	C_1696
C_1681	HAS_PART	C_1697
C_1681	HAS_PART	C_1698
C_1681	HAS_PART	C_1699
C_1681	HAS_PART	C_1700
C_1681	HAS_PART	C_1701
C_1681	HAS_PART	C_1704
C_1681	HAS_PART	C_1705
C_1681	HAS_PART	C_1706
C_1681	HAS_PART	C_1707
C_1682	HAS_PART	C_1684
C_1682	HAS_PART	C_1685
C_1682	HAS_PART	C_1686
C_1682	HAS_PART	C_1687
C_1683	HAS_FAILURE	F_1707
C_1684	HAS_FAILURE	F_1707
C_1685	HAS_FAILURE	F_1707
C_1688	HAS_FAILURE	F_1708
C_169	DETECTED_BY	PP_559
C_169	HAS_FAILURE	F_102
C_169	HAS_FAILURE	F_103
C_169	HAS_FAILURE	F_105
C_169	HAS_PART	C_179
C_169	HAS_PART	C_180
C_169	HAS_PART	C_181
C_169	HAS_PART	C_182
C_1690	HAS_FAILURE	F_1708
C_1692	HAS_FAILURE	F_1709
C_1693	HAS_FAILURE	F_1710
C_1693	HAS_FAILURE	F_1713
C_1695	HAS_FAILURE	F_1711
C_1695	HAS_FAILURE	F_1712
C_1697	HAS_FAILURE	F_1714
C_1698	HAS_FAILURE	F_1714
C_1699	HAS_FAILURE	F_1714
C_170	DETECTED_BY	PP_561
C_170	HAS_FAILURE	F_113
C_170	HAS_FAILURE	F_114
C_170	HAS_FAILURE	F_115
C_170	HAS_PART	C_185
C_170	HAS_PART	C_186
C_170	HAS_PART	C_187
C_170	HAS_PART	C_188
C_170	HAS_PART	C_189
C_1700	HAS_FAILURE	F_1715
C_1701	HAS_FAILURE	F_1716
C_1702	HAS_FAILURE	F_1717
C_1702	HAS_FAILURE	F_1728
C_1702	HAS_PART	C_1703
C_1703	HAS_FAILURE	F_1717
C_1703	HAS_FAILURE	F_1726
C_1703	HAS_PART	C_1704
C_1707	HAS_FAILURE	F_1727
C_1708	HAS_PART	C_1743
C_1709	HAS_PART	C_1710
C_1709	HAS_PART	C_1720
C_1709	HAS_PART	C_1721
C_1709	HAS_PART	C_1722
C_1709	HAS_PART	C_1730
C_171	HAS_FAILURE	F_099
C_1710	DETECTED_BY	PP_647
C_1710	HAS_FAILURE	F_1745
C_1710	HAS_FAILURE	F_1746
C_1710	HAS_PART	C_1711
C_1710	HAS_PART	C_1712
C_1710	HAS_PART	C_1713
C_1710	HAS_PART	C_1714
C_1710	HAS_PART	C_1715
C_1711	HAS_FAILURE	F_1730
C_1712	HAS_FAILURE	F_1729
C_1712	HAS_FAILURE	F_1730
C_1713	HAS_FAILURE	F_1731
C_1713	HAS_FAILURE	F_1732
C_1713	HAS_FAILURE	F_1733
C_1714	HAS_FAILURE	F_1729
C_1714	HAS_FAILURE	F_1730
C_1714	HAS_FAILURE	F_1731
C_1714	HAS_FAILURE	F_1732
C_1714	HAS_FAILURE	F_1735
C_1715	HAS_FAILURE	F_1734
C_1716	HAS_FAILURE	F_1734
C_1717	HAS_FAILURE	F_1737
C_1717	HAS_FAILURE	F_1742
C_1717	HAS_FAILURE	F_1744
C_1717	HAS_PART	C_1718
C_1718	HAS_FAILURE	F_1738
C_1719	HAS_FAILURE	F_1739
C_1719	HAS_FAILURE	F_1758
C_1720	HAS_FAILURE	F_1740
C_1720	HAS_FAILURE	F_1759
C_1723	HAS_FAILURE	F_1741
C_1724	HAS_FAILURE	F_1743
C_1724	HAS_FAILURE	F_1752
C_1725	DETECTED_BY	PP_648
C_1725	HAS_FAILURE	F_1755
C_1725	HAS_FAILURE	F_1756
C_1725	HAS_PART	C_1726
C_1725	HAS_PART	C_1727
C_1725	HAS_PART	C_1728
C_1725	HAS_PART	C_1729
C_1727	HAS_FAILURE	F_1748
C_1728	HAS_FAILURE	F_1749
C_1728	HAS_FAILURE	F_1757
C_1729	HAS_FAILURE	F_1750
C_1729	HAS_FAILURE	F_1751
C_1729	HAS_FAILURE	F_1753
C_1730	DETECTED_BY	PP_649
C_1730	HAS_PART	C_1731
C_1730	HAS_PART	C_1737
C_1730	HAS_PART	C_1739
C_1731	HAS_FAILURE	F_1760
C_1731	HAS_FAILURE	F_1761
C_1731	HAS_FAILURE	F_1763
C_1731	HAS_FAILURE	F_1764
C_1731	HAS_PART	C_1733
C_1731	HAS_PART	C_1734
C_1731	HAS_PART	C_1735
C_1732	HAS_FAILURE	F_1765
C_1734	HAS_FAILURE	F_1767
C_1735	HAS_FAILURE	F_1768
C_1735	HAS_FAILURE	F_1811
C_1735	HAS_FAILURE	F_1812
C_1735	HAS_FAILURE	F_1814
C_1735	HAS_FAILURE	F_1821
C_1735	HAS_PART	C_1791
C_1735	HAS_PART	C_1792
C_1735	HAS_PART	C_1793
C_1735	HAS_PART	C_1794
C_1735	HAS_PART	C_1795
C_1735	HAS_PART	C_1796
C_1735	HAS_PART	C_1797
C_1735	HAS_PART	C_1798
C_1735	HAS_PART	C_1799
C_1735	HAS_PART	C_1804
C_1735	HAS_PART	C_1805
C_1736	HAS_FAILURE	F_1769
C_1737	HAS_FAILURE	F_1771
C_1737	HAS_FAILURE	F_1772
C_1737	HAS_PART	C_1738
C_1739	HAS_FAILURE	F_1773
C_1739	HAS_PART	C_1741
C_1739	HAS_PART	C_1742
C_1740	HAS_FAILURE	F_1775
C_1741	HAS_FAILURE	F_1776
C_1742	HAS_FAILURE	F_1777
C_1743	DETECTED_BY	PP_650
C_1743	HAS_PART	C_1749
C_1744	HAS_PART	C_1746
C_1744	HAS_PART	C_1747
C_1744	HAS_PART	C_1748
C_1745	HAS_FAILURE	F_1778
C_1746	HAS_FAILURE	F_1779
C_1747	HAS_FAILURE	F_1780
C_1749	HAS_FAILURE	F_1782
C_1749	HAS_FAILURE	F_1783
C_175	HAS_FAILURE	F_110
C_1750	HAS_FAILURE	F_1781
C_1751	HAS_FAILURE	F_1784
C_1751	HAS_FAILURE	F_1785
C_1751	HAS_PART	C_1752
C_1751	HAS_PART	C_1753
C_1754	HAS_PART	C_1755
C_1754	HAS_PART	C_1833
C_1755	HAS_FAILURE	F_1819
C_1755	HAS_FAILURE	F_1822
C_1755	HAS_FAILURE	F_1823
C_1755	HAS_FAILURE	F_1828
C_1755	HAS_FAILURE	F_1829
C_1755	HAS_PART	C_1756
C_1755	HAS_PART	C_1769
C_1755	HAS_PART	C_1782
C_1755	HAS_PART	C_1788
C_1755	HAS_PART	C_1789
C_1755	HAS_PART	C_1811
C_1755	HAS_PART	C_1818
C_1755	HAS_PART	C_1819
C_1755	HAS_PART	C_1820
C_1755	HAS_PART	C_1821
C_1755	HAS_PART	C_1822
C_1755	HAS_PART	C_1823
C_1755	HAS_PART	C_1824
C_1756	HAS_FAILURE	F_1786
C_1756	HAS_FAILURE	F_1787
C_1756	HAS_FAILURE	F_1795
C_1756	HAS_PART	C_1757
C_1756	HAS_PART	C_1758
C_1756	HAS_PART	C_1759
C_1756	HAS_PART	C_1760
C_1756	HAS_PART	C_1761
C_1756	HAS_PART	C_1762
C_1756	HAS_PART	C_1763
C_1756	HAS_PART	C_1764
C_1756	HAS_PART	C_1765
C_1756	HAS_PART	C_1766
C_1756	HAS_PART	C_1767
C_1756	HAS_PART	C_1768
C_1759	HAS_FAILURE	F_1788
C_1759	HAS_FAILURE	F_1789
C_1759	HAS_FAILURE	F_1790
C_176	HAS_FAILURE	F_107
C_1760	HAS_FAILURE	F_1791
C_1761	HAS_FAILURE	F_1792
C_1762	HAS_FAILURE	F_1793
C_1762	HAS_FAILURE	F_1794
C_1769	HAS_FAILURE	F_1796
C_1769	HAS_FAILURE	F_1798
C_1769	HAS_PART	C_1770
C_1769	HAS_PART	C_1771
C_1769	HAS_PART	C_1772
C_1769	HAS_PART	C_1773
C_1769	HAS_PART	C_1774
C_1769	HAS_PART	C_1775
C_1769	HAS_PART	C_1776
C_177	HAS_FAILURE	F_106
C_1776	HAS_FAILURE	F_1799
C_1777	HAS_FAILURE	F_1801
C_1777	HAS_PART	C_1778
C_1777	HAS_PART	C_1779
C_1777	HAS_PART	C_1780
C_1777	HAS_PART	C_1781
C_1778	HAS_FAILURE	F_1800
C_178	HAS_FAILURE	F_109
C_1780	HAS_FAILURE	F_1802
C_1781	HAS_FAILURE	F_1803
C_1782	HAS_FAILURE	F_1804
C_1782	HAS_PART	C_1783
C_1782	HAS_PART	C_1785
C_1782	HAS_PART	C_1786
C_1782	HAS_PART	C_1787
C_1783	HAS_FAILURE	F_1805
C_1784	HAS_FAILURE	F_1806
C_1785	HAS_FAILURE	F_1807
C_1788	HAS_FAILURE	F_1809
C_1789	HAS_PART	C_1790
C_1790	HAS_FAILURE	F_1810
C_1799	HAS_PART	C_1800
C_1799	HAS_PART	C_1801
C_1799	HAS_PART	C_1802
C_1799	HAS_PART	C_1803
C_1804	HAS_FAILURE	F_1827
C_1805	HAS_FAILURE	F_1826
C_1806	HAS_PART	C_1807
C_1806	HAS_PART	C_1810
C_1808	HAS_PART	C_1809
C_1811	HAS_PART	C_1812
C_1811	HAS_PART	C_1813
C_1811	HAS_PART	C_1814
C_1811	HAS_PART	C_1815
C_1815	HAS_FAILURE	F_1817
C_1816	HAS_FAILURE	F_1818
C_1816	HAS_PART	C_1817
C_182	HAS_FAILURE	F_1911
C_182	HAS_PART	C_183
C_1822	HAS_FAILURE	F_1824
C_1824	HAS_FAILURE	F_1825
C_1825	DETECTED_BY	PP_652
C_1825	HAS_FAILURE	F_1830
C_1825	HAS_FAILURE	F_1834
C_1825	HAS_PART	C_1826
C_1825	HAS_PART	C_1827
C_1825	HAS_PART	C_1831
C_1825	HAS_PART	C_1832
C_1827	HAS_FAILURE	F_1831
C_1827	HAS_PART	C_1828
C_1827	HAS_PART	C_1829
C_1827	HAS_PART	C_1830
C_1830	HAS_FAILURE	F_1832
C_1831	HAS_FAILURE	F_1833
C_1832	HAS_FAILURE	F_1835
C_1833	HAS_FAILURE	F_1836
C_1833	HAS_FAILURE	F_1837
C_1833	HAS_PART	C_1834
C_1833	HAS_PART	C_1835
C_1833	HAS_PART	C_1836
C_1833	HAS_PART	C_1837
C_1833	HAS_PART	C_1838
C_1833	HAS_PART	C_1839
C_1833	HAS_PART	C_1840
C_1833	HAS_PART	C_1841
C_184	HAS_FAILURE	F_112
C_1842	HAS_FAILURE	F_1838
C_1843	HAS_FAILURE	F_1839
C_1843	HAS_FAILURE	F_1840
C_1843	HAS_FAILURE	F_1846
C_1843	HAS_PART	C_1844
C_1843	HAS_PART	C_1846
C_1843	HAS_PART	C_1847
C_1843	HAS_PART	C_1849
C_1843	HAS_PART	C_1850
C_1843	HAS_PART	C_1851
C_1843	HAS_PART	C_1852
C_1844	HAS_PART	C_1845
C_1845	HAS_FAILURE	F_1841
C_1846	HAS_FAILURE	F_1842
C_1847	HAS_FAILURE	F_1843
C_1847	HAS_FAILURE	F_2152
C_1848	HAS_FAILURE	F_1844
C_1849	HAS_FAILURE	F_1845
C_1852	HAS_FAILURE	F_1847
C_1853	HAS_FAILURE	F_1848
C_1854	HAS_FAILURE	F_1852
C_1854	HAS_PART	C_1855
C_1854	HAS_PART	C_1857
C_1854	HAS_PART	C_1858
C_1854	HAS_PART	C_1859
C_1854	HAS_PART	C_1860
C_1854	HAS_PART	C_1862
C_1854	HAS_PART	C_1863
C_1854	HAS_PART	C_1867
C_1854	HAS_PART	C_1869
C_1854	HAS_PART	C_1870
C_1855	HAS_FAILURE	F_1849
C_1855	HAS_FAILURE	F_1850
C_1855	HAS_PART	C_1856
C_1861	HAS_PART	C_1864
C_1862	HAS_FAILURE	F_1855
C_1864	HAS_FAILURE	F_1856
C_1865	HAS_FAILURE	F_1857
C_1865	HAS_PART	C_1866
C_1867	HAS_FAILURE	F_1858
C_1867	HAS_FAILURE	F_2219
C_1867	HAS_FAILURE	F_2220
C_1867	HAS_PART	C_1868
C_1868	HAS_FAILURE	F_1859
C_1868	HAS_FAILURE	F_2221
C_1869	HAS_FAILURE	F_1860
C_1871	HAS_PART	C_1872
C_1871	HAS_PART	C_1873
C_1871	HAS_PART	C_1875
C_1872	HAS_FAILURE	F_1862
C_1872	HAS_FAILURE	F_1863
C_1872	HAS_FAILURE	F_1864
C_1873	HAS_FAILURE	F_1865
C_1873	HAS_FAILURE	F_1866
C_1873	HAS_FAILURE	F_1867
C_1873	HAS_FAILURE	F_1870
C_1873	HAS_PART	C_1874
C_1875	HAS_FAILURE	F_1868
C_1875	HAS_FAILURE	F_1871
C_1876	HAS_PART	C_1879
C_1877	HAS_FAILURE	F_1872
C_1877	HAS_FAILURE	F_1873
C_1878	HAS_FAILURE	F_1874
C_1879	HAS_FAILURE	F_1875
C_1880	HAS_FAILURE	F_1876
C_1880	HAS_PART	C_1881
C_1880	HAS_PART	C_1882
C_1880	HAS_PART	C_1883
C_1880	HAS_PART	C_1884
C_1882	HAS_FAILURE	F_1877
C_1884	HAS_FAILURE	F_1878
C_1885	HAS_FAILURE	F_1879
C_1886	DETECTED_BY	PP_654
C_1886	HAS_FAILURE	F_1882
C_1886	HAS_FAILURE	F_1884
C_1886	HAS_PART	C_1887
C_1886	HAS_PART	C_1888
C_1886	HAS_PART	C_1889
C_1886	HAS_PART	C_1890
C_1886	HAS_PART	C_1891
C_1887	HAS_FAILURE	F_1880
C_1887	HAS_FAILURE	F_1881
C_1891	HAS_FAILURE	F_1883
C_1892	HAS_FAILURE	F_1885
C_1892	HAS_FAILURE	F_1886
C_1892	HAS_PART	C_1893
C_1893	HAS_FAILURE	F_1887
C_1895	HAS_FAILURE	F_1889
C_1895	HAS_FAILURE	F_1890
C_1895	HAS_PART	C_1896
C_1895	HAS_PART	C_1897
C_1895	HAS_PART	C_1900
C_1895	HAS_PART	C_1901
C_1898	HAS_FAILURE	F_1891
C_1898	HAS_FAILURE	F_1892
C_1898	HAS_PART	C_1899
C_1900	HAS_FAILURE	F_1893
C_1901	HAS_FAILURE	F_1894
C_1902	HAS_FAILURE	F_1895
C_1902	HAS_PART	C_1903
C_1902	HAS_PART	C_1904
C_1902	HAS_PART	C_1905
C_1904	HAS_FAILURE	F_1896
C_1905	HAS_FAILURE	F_1897
C_1905	HAS_PART	C_1906
C_1907	HAS_FAILURE	F_1898
C_1908	HAS_FAILURE	F_1900
C_1909	HAS_FAILURE	F_1901
C_1910	HAS_FAILURE	F_1903
C_1910	HAS_PART	C_1911
C_1910	HAS_PART	C_1912
C_1910	HAS_PART	C_1913
C_1910	HAS_PART	C_1914
C_1910	HAS_PART	C_1915
C_1910	HAS_PART	C_1916
C_1911	HAS_FAILURE	F_1902
C_1914	HAS_FAILURE	F_1904
C_1915	HAS_FAILURE	F_1905
C_1916	HAS_FAILURE	F_1906
C_1916	HAS_FAILURE	F_1907
C_1917	HAS_FAILURE	F_1908
C_1918	HAS_FAILURE	F_1909
C_1918	HAS_PART	C_1919
C_1918	HAS_PART	C_1920
C_1921	DETECTED_BY	PP_655
C_1921	HAS_PART	C_1931
C_1921	HAS_PART	C_1949
C_1921	HAS_PART	C_1984
C_1922	HAS_PART	C_182
C_1922	HAS_PART	C_1923
C_1922	HAS_PART	C_1925
C_1922	HAS_PART	C_1926
C_1922	HAS_PART	C_1927
C_1922	HAS_PART	C_1928
C_1922	HAS_PART	C_1929
C_1923	HAS_FAILURE	F_1910
C_1923	HAS_PART	C_1924
C_1926	HAS_FAILURE	F_1912
C_1929	HAS_FAILURE	F_1914
C_1929	HAS_PART	C_063
C_1929	HAS_PART	C_1930
C_1931	HAS_FAILURE	F_1918
C_1931	HAS_PART	C_1932
C_1931	HAS_PART	C_1933
C_1931	HAS_PART	C_1935
C_1931	HAS_PART	C_1936
C_1931	HAS_PART	C_1937
C_1931	HAS_PART	C_1938
C_1931	HAS_PART	C_1939
C_1931	HAS_PART	C_1940
C_1931	HAS_PART	C_1941
C_1931	HAS_PART	C_1942
C_1931	HAS_PART	C_1943
C_1931	HAS_PART	C_1944
C_1931	HAS_PART	C_1945
C_1931	HAS_PART	C_1946
C_1931	HAS_PART	C_1947
C_1931	HAS_PART	C_1948
C_1932	HAS_FAILURE	F_1915
C_1932	HAS_FAILURE	F_1919
C_1933	HAS_FAILURE	F_1916
C_1934	HAS_FAILURE	F_1917
C_1936	HAS_FAILURE	F_1920
C_1937	HAS_FAILURE	F_1921
C_1947	HAS_FAILURE	F_1922
C_1948	HAS_FAILURE	F_1923
C_1949	HAS_FAILURE	F_1924
C_1949	HAS_PART	C_100
C_1949	HAS_PART	C_1951
C_1949	HAS_PART	C_1952
C_1949	HAS_PART	C_1953
C_1949	HAS_PART	C_1954
C_1949	HAS_PART	C_1955
C_1949	HAS_PART	C_1956
C_1949	HAS_PART	C_1957
C_1949	HAS_PART	C_1958
C_1949	HAS_PART	C_1959
C_1949	HAS_PART	C_1960
C_1949	HAS_PART	C_1961
C_1949	HAS_PART	C_1962
C_1949	HAS_PART	C_1964
C_1949	HAS_PART	C_1965
C_1949	HAS_PART	C_1966
C_1949	HAS_PART	C_1967
C_1949	HAS_PART	C_1968
C_1949	HAS_PART	C_1970
C_1949	HAS_PART	C_1971
C_1949	HAS_PART	C_1972
C_1949	HAS_PART	C_1973
C_1949	HAS_PART	C_1974
C_1949	HAS_PART	C_1975
C_1949	HAS_PART	C_1976
C_1949	HAS_PART	C_1977
C_1949	HAS_PART	C_1978
C_1949	HAS_PART	C_1979
C_1949	HAS_PART	C_1980
C_1949	HAS_PART	C_1981
C_1949	HAS_PART	C_1982
C_1949	HAS_PART	C_1983
C_1950	HAS_FAILURE	F_1925
C_1952	HAS_FAILURE	F_1940
C_1956	HAS_FAILURE	F_1926
C_1957	HAS_FAILURE	F_1928
C_1957	HAS_FAILURE	F_1943
C_1958	HAS_FAILURE	F_1929
C_1959	HAS_FAILURE	F_1930
C_1959	HAS_FAILURE	F_1944
C_1961	HAS_FAILURE	F_1931
C_1963	HAS_FAILURE	F_1942
C_1964	HAS_FAILURE	F_1933
C_1965	HAS_FAILURE	F_1934
C_1968	HAS_FAILURE	F_1935
C_1969	HAS_FAILURE	F_1936
C_1970	HAS_FAILURE	F_1949
C_1971	HAS_FAILURE	F_1938
C_1972	HAS_FAILURE	F_1941
C_1978	HAS_FAILURE	F_1927
C_1978	HAS_FAILURE	F_1947
C_1982	HAS_FAILURE	F_1945
C_1984	HAS_PART	C_1986
C_1984	HAS_PART	C_1987
C_1984	HAS_PART	C_1988
C_1985	HAS_FAILURE	F_1951
C_1985	HAS_PART	C_1986
C_1985	HAS_PART	C_1987
C_1985	HAS_PART	C_1988
C_1986	HAS_FAILURE	F_1950
C_1988	HAS_FAILURE	F_1953
C_1989	HAS_PART	C_1990
C_1989	HAS_PART	C_2002
C_1989	HAS_PART	C_2012
C_1989	HAS_PART	C_2025
C_1989	HAS_PART	C_2028
C_1989	HAS_PART	C_2029
C_1989	HAS_PART	C_2030
C_1989	HAS_PART	C_2031
C_1989	HAS_PART	C_2032
C_1989	HAS_PART	C_2033
C_1989	HAS_PART	C_2034
C_1990	DETECTED_BY	PP_656
C_1990	HAS_PART	C_1991
C_1990	HAS_PART	C_1992
C_1990	HAS_PART	C_1993
C_1990	HAS_PART	C_1994
C_1990	HAS_PART	C_1996
C_1990	HAS_PART	C_1997
C_1990	HAS_PART	C_1998
C_1990	HAS_PART	C_1999
C_1990	HAS_PART	C_2000
C_1990	HAS_PART	C_2001
C_1992	HAS_FAILURE	F_1955
C_1993	HAS_FAILURE	F_1956
C_1993	HAS_FAILURE	F_2149
C_1995	HAS_FAILURE	F_1957
C_1997	HAS_FAILURE	F_1959
C_1999	HAS_FAILURE	F_1960
C_200	HAS_PART	C_201
C_200	HAS_PART	C_202
C_200	HAS_PART	C_210
C_200	HAS_PART	C_213
C_200	HAS_PART	C_234
C_200	HAS_PART	C_249
C_2002	HAS_PART	C_2003
C_2002	HAS_PART	C_2004
C_2002	HAS_PART	C_2005
C_2002	HAS_PART	C_2006
C_2002	HAS_PART	C_2007
C_2002	HAS_PART	C_2011
C_2003	HAS_FAILURE	F_1961
C_2004	HAS_FAILURE	F_1962
C_2005	HAS_FAILURE	F_1963
C_2007	DETECTED_BY	PP_583
C_2007	HAS_PART	C_2008
C_2007	HAS_PART	C_2009
C_2007	HAS_PART	C_2010
C_201	DETECTED_BY	PP_507
C_201	HAS_FAILURE	F_144
C_2011	HAS_FAILURE	F_1966
C_2012	DETECTED_BY	PP_657
C_2012	HAS_PART	C_2013
C_2012	HAS_PART	C_2014
C_2012	HAS_PART	C_2015
C_2012	HAS_PART	C_2016
C_2013	DETECTED_BY	PP_412
C_2013	HAS_FAILURE	F_1968
C_2013	HAS_PART	C_2035
C_2013	HAS_PART	C_2036
C_2013	HAS_PART	C_2037
C_2013	HAS_PART	C_2038
C_2014	DETECTED_BY	PP_413
C_2014	DETECTED_BY	PP_658
C_2014	HAS_FAILURE	F_1970
C_2014	HAS_FAILURE	F_1971
C_2015	DETECTED_BY	PP_414
C_2015	HAS_FAILURE	F_1972
C_2015	HAS_FAILURE	F_1973
C_2015	HAS_FAILURE	F_1974
C_2015	HAS_FAILURE	F_1975
C_2015	HAS_PART	C_2039
C_2015	HAS_PART	C_2040
C_2015	HAS_PART	C_2041
C_2015	HAS_PART	C_2042
C_2016	HAS_PART	C_2017
C_2016	HAS_PART	C_2018
C_2017	DETECTED_BY	PP_659
C_2017	HAS_FAILURE	F_1976
C_2017	HAS_FAILURE	F_1977
C_2017	HAS_FAILURE	F_1978
C_2017	HAS_FAILURE	F_1979
C_2017	HAS_PART	C_2043
C_2017	HAS_PART	C_2044
C_2017	HAS_PART	C_2045
C_2017	HAS_PART	C_2046
C_2018	DETECTED_BY	PP_416
C_2018	HAS_FAILURE	F_1980
C_2018	HAS_FAILURE	F_1981
C_2018	HAS_FAILURE	F_1982
C_2018	HAS_FAILURE	F_1983
C_2018	HAS_FAILURE	F_1984
C_2018	HAS_FAILURE	F_1985
C_2018	HAS_FAILURE	F_1986
C_2018	HAS_FAILURE	F_1987
C_2018	HAS_FAILURE	F_1988
C_2018	HAS_FAILURE	F_1989
C_2018	HAS_FAILURE	F_1990
C_2018	HAS_FAILURE	F_1991
C_2018	HAS_FAILURE	F_1993
C_2018	HAS_FAILURE	F_1994
C_2018	HAS_FAILURE	F_1995
C_2018	HAS_FAILURE	F_1996
C_2018	HAS_FAILURE	F_1997
C_2018	HAS_PART	C_2047
C_2018	HAS_PART	C_2048
C_2018	HAS_PART	C_2049
C_2018	HAS_PART	C_2050
C_2018	HAS_PART	C_2051
C_2018	HAS_PART	C_2052
C_2018	HAS_PART	C_2053
C_2018	HAS_PART	C_2054
C_2018	HAS_PART	C_2055
C_2018	HAS_PART	C_2056
C_2018	HAS_PART	C_2057
C_2019	HAS_PART	C_2020
C_2019	HAS_PART	C_2021
C_202	HAS_PART	C_203
C_2020	DETECTED_BY	PP_417
C_2020	DETECTED_BY	PP_661
C_2020	HAS_FAILURE	F_1998
C_2020	HAS_FAILURE	F_1999
C_2020	HAS_FAILURE	F_2000
C_2020	HAS_FAILURE	F_2001
C_2020	HAS_FAILURE	F_2002
C_2020	HAS_FAILURE	F_2003
C_2020	HAS_FAILURE	F_2004
C_2020	HAS_FAILURE	F_2005
C_2020	HAS_FAILURE	F_2006
C_2020	HAS_FAILURE	F_2007
C_2020	HAS_PART	C_2058
C_2020	HAS_PART	C_2059
C_2020	HAS_PART	C_2060
C_2020	HAS_PART	C_2061
C_2020	HAS_PART	C_2062
C_2021	DETECTED_BY	PP_418
C_2021	DETECTED_BY	PP_662
C_2021	HAS_FAILURE	F_2008
C_2021	HAS_FAILURE	F_2009
C_2021	HAS_FAILURE	F_2010
C_2021	HAS_FAILURE	F_2011
C_2021	HAS_FAILURE	F_2012
C_2021	HAS_FAILURE	F_2013
C_2021	HAS_FAILURE	F_2014
C_2021	HAS_FAILURE	F_2015
C_2021	HAS_FAILURE	F_2016
C_2021	HAS_FAILURE	F_2017
C_2021	HAS_FAILURE	F_2018
C_2021	HAS_FAILURE	F_2019
C_2021	HAS_FAILURE	F_2020
C_2021	HAS_FAILURE	F_2021
C_2021	HAS_FAILURE	F_2022
C_2021	HAS_FAILURE	F_2023
C_2021	HAS_FAILURE	F_2024
C_2021	HAS_FAILURE	F_2025
C_2021	HAS_FAILURE	F_2026
C_2021	HAS_FAILURE	F_2028
C_2021	HAS_FAILURE	F_2029
C_2021	HAS_FAILURE	F_2030
C_2021	HAS_FAILURE	F_2031
C_2021	HAS_FAILURE	F_2032
C_2021	HAS_FAILURE	F_2033
C_2021	HAS_FAILURE	F_2034
C_2021	HAS_PART	C_2063
C_2021	HAS_PART	C_2064
C_2021	HAS_PART	C_2065
C_2021	HAS_PART	C_2066
C_2021	HAS_PART	C_2067
C_2021	HAS_PART	C_2068
C_2021	HAS_PART	C_2069
C_2021	HAS_PART	C_2070
C_2021	HAS_PART	C_2071
C_2021	HAS_PART	C_2072
C_2021	HAS_PART	C_2073
C_2021	HAS_PART	C_2074
C_2022	DETECTED_BY	PP_419
C_2022	HAS_PART	C_2023
C_2023	DETECTED_BY	PP_666
C_2023	HAS_FAILURE	F_2035
C_2023	HAS_FAILURE	F_2036
C_2023	HAS_FAILURE	F_2037
C_2023	HAS_FAILURE	F_2038
C_2023	HAS_PART	C_2075
C_2023	HAS_PART	C_2076
C_2024	DETECTED_BY	PP_667
C_2024	HAS_FAILURE	F_2039
C_2024	HAS_FAILURE	F_2040
C_2024	HAS_FAILURE	F_2041
C_2024	HAS_FAILURE	F_2042
C_2024	HAS_PART	C_2077
C_2024	HAS_PART	C_2078
C_2024	HAS_PART	C_2079
C_2025	DETECTED_BY	PP_420
C_2025	DETECTED_BY	PP_664
C_2025	HAS_FAILURE	F_2043
C_2025	HAS_FAILURE	F_2044
C_2025	HAS_FAILURE	F_2045
C_2025	HAS_FAILURE	F_2046
C_2025	HAS_FAILURE	F_2047
C_2025	HAS_FAILURE	F_2048
C_2025	HAS_FAILURE	F_2049
C_2025	HAS_FAILURE	F_2050
C_2025	HAS_FAILURE	F_2051
C_2025	HAS_FAILURE	F_2052
C_2025	HAS_FAILURE	F_2053
C_2025	HAS_FAILURE	F_2054
C_2025	HAS_FAILURE	F_2055
C_2025	HAS_FAILURE	F_2057
C_2025	HAS_FAILURE	F_2058
C_2025	HAS_FAILURE	F_2059
C_2025	HAS_FAILURE	F_2060
C_2025	HAS_FAILURE	F_2061
C_2025	HAS_FAILURE	F_2063
C_2025	HAS_FAILURE	F_2064
C_2025	HAS_FAILURE	F_2065
C_2025	HAS_FAILURE	F_2066
C_2025	HAS_PART	C_2008
C_2025	HAS_PART	C_2080
C_2025	HAS_PART	C_2081
C_2025	HAS_PART	C_2082
C_2025	HAS_PART	C_2083
C_2025	HAS_PART	C_2084
C_2025	HAS_PART	C_2085
C_2025	HAS_PART	C_2086
C_2025	HAS_PART	C_2087
C_2025	HAS_PART	C_2088
C_2025	HAS_PART	C_2089
C_2025	HAS_PART	C_2090
C_2025	HAS_PART	C_2091
C_2026	DETECTED_BY	PP_663
C_2026	HAS_FAILURE	F_2067
C_2026	HAS_FAILURE	F_2068
C_2026	HAS_FAILURE	F_2069
C_2026	HAS_FAILURE	F_2070
C_2026	HAS_FAILURE	F_2071
C_2026	HAS_PART	C_2092
C_2026	HAS_PART	C_2093
C_2026	HAS_PART	C_2094
C_2027	DETECTED_BY	PP_422
C_2027	DETECTED_BY	PP_665
C_2027	HAS_FAILURE	F_2073
C_2027	HAS_FAILURE	F_2074
C_2027	HAS_FAILURE	F_2075
C_2027	HAS_FAILURE	F_2076
C_2027	HAS_FAILURE	F_2077
C_2028	DETECTED_BY	PP_669
C_2028	HAS_FAILURE	F_2078
C_2028	HAS_FAILURE	F_2079
C_2028	HAS_FAILURE	F_2080
C_2029	DETECTED_BY	PP_424
C_2029	DETECTED_BY	PP_670
C_2029	HAS_FAILURE	F_2081
C_2029	HAS_FAILURE	F_2082
C_203	DETECTED_BY	PP_508
C_203	HAS_PART	C_204
C_203	HAS_PART	C_205
C_203	HAS_PART	C_206
C_203	HAS_PART	C_207
C_2030	DETECTED_BY	PP_425
C_2030	DETECTED_BY	PP_671
C_2030	HAS_FAILURE	F_2083
C_2030	HAS_FAILURE	F_2084
C_2030	HAS_FAILURE	F_2085
C_2030	HAS_FAILURE	F_2086
C_2030	HAS_FAILURE	F_2087
C_2030	HAS_FAILURE	F_2088
C_2030	HAS_FAILURE	F_2089
C_2030	HAS_FAILURE	F_2090
C_2030	HAS_FAILURE	F_2091
C_2030	HAS_FAILURE	F_2092
C_2030	HAS_FAILURE	F_2093
C_2030	HAS_FAILURE	F_2094
C_2030	HAS_FAILURE	F_2095
C_2030	HAS_FAILURE	F_2096
C_2030	HAS_PART	C_2095
C_2030	HAS_PART	C_2096
C_2030	HAS_PART	C_2097
C_2030	HAS_PART	C_2098
C_2030	HAS_PART	C_2099
C_2030	HAS_PART	C_2100
C_2030	HAS_PART	C_2101
C_2030	HAS_PART	C_2102
C_2030	HAS_PART	C_2103
C_2030	HAS_PART	C_2104
C_2030	HAS_PART	C_2105
C_2030	HAS_PART	C_2106
C_2030	HAS_PART	C_2107
C_2030	HAS_PART	C_2108
C_2031	DETECTED_BY	PP_426
C_2031	HAS_FAILURE	F_2097
C_2031	HAS_FAILURE	F_2098
C_2031	HAS_FAILURE	F_2099
C_2031	HAS_FAILURE	F_2100
C_2031	HAS_FAILURE	F_2101
C_2031	HAS_FAILURE	F_2102
C_2031	HAS_FAILURE	F_2103
C_2031	HAS_FAILURE	F_2104
C_2031	HAS_FAILURE	F_2105
C_2031	HAS_FAILURE	F_2106
C_2031	HAS_FAILURE	F_2107
C_2031	HAS_FAILURE	F_2108
C_2031	HAS_FAILURE	F_2109
C_2031	HAS_FAILURE	F_2110
C_2031	HAS_FAILURE	F_2111
C_2031	HAS_FAILURE	F_2112
C_2031	HAS_FAILURE	F_2113
C_2031	HAS_FAILURE	F_2114
C_2031	HAS_FAILURE	F_2115
C_2031	HAS_FAILURE	F_2116
C_2031	HAS_FAILURE	F_2117
C_2031	HAS_FAILURE	F_2118
C_2031	HAS_FAILURE	F_2119
C_2031	HAS_FAILURE	F_2120
C_2031	HAS_FAILURE	F_2121
C_2031	HAS_FAILURE	F_2122
C_2031	HAS_PART	C_2109
C_2031	HAS_PART	C_2110
C_2031	HAS_PART	C_2111
C_2031	HAS_PART	C_2112
C_2031	HAS_PART	C_2113
C_2031	HAS_PART	C_2114
C_2031	HAS_PART	C_2115
C_2031	HAS_PART	C_2116
C_2031	HAS_PART	C_2117
C_2031	HAS_PART	C_2118
C_2031	HAS_PART	C_2119
C_2031	HAS_PART	C_2120
C_2031	HAS_PART	C_2121
C_2031	HAS_PART	C_2122
C_2031	HAS_PART	C_2123
C_2031	HAS_PART	C_2124
C_2031	HAS_PART	C_2125
C_2031	HAS_PART	C_2126
C_2031	HAS_PART	C_2127
C_2031	HAS_PART	C_2128
C_2031	HAS_PART	C_2129
C_2031	HAS_PART	C_2130
C_2031	HAS_PART	C_2131
C_2031	HAS_PART	C_2132
C_2031	HAS_PART	C_2133
C_2031	HAS_PART	C_2134
C_2031	HAS_PART	C_2135
C_2031	HAS_PART	C_2137
C_2031	HAS_PART	C_2138
C_2031	HAS_PART	C_2139
C_2031	HAS_PART	C_2140
C_2032	DETECTED_BY	PP_427
C_2032	HAS_FAILURE	F_2123
C_2032	HAS_FAILURE	F_2124
C_2032	HAS_FAILURE	F_2125
C_2032	HAS_FAILURE	F_2126
C_2032	HAS_FAILURE	F_2127
C_2032	HAS_FAILURE	F_2128
C_2032	HAS_FAILURE	F_2129
C_2032	HAS_PART	C_2141
C_2032	HAS_PART	C_2142
C_2032	HAS_PART	C_2143
C_2032	HAS_PART	C_2144
C_2032	HAS_PART	C_2145
C_2032	HAS_PART	C_2146
C_2032	HAS_PART	C_2147
C_2032	HAS_PART	C_2148
C_2033	DETECTED_BY	PP_428
C_2033	HAS_FAILURE	F_2130
C_2033	HAS_FAILURE	F_2131
C_2033	HAS_FAILURE	F_2132
C_2033	HAS_FAILURE	F_2133
C_2033	HAS_FAILURE	F_2134
C_2033	HAS_FAILURE	F_2135
C_2033	HAS_FAILURE	F_2136
C_2033	HAS_FAILURE	F_2137
C_2033	HAS_FAILURE	F_2138
C_2033	HAS_FAILURE	F_2139
C_2033	HAS_FAILURE	F_2140
C_2033	HAS_FAILURE	F_2141
C_2033	HAS_PART	C_2149
C_2033	HAS_PART	C_2150
C_2033	HAS_PART	C_2151
C_2033	HAS_PART	C_2152
C_2033	HAS_PART	C_2153
C_2033	HAS_PART	C_2154
C_2033	HAS_PART	C_2155
C_2033	HAS_PART	C_2156
C_2033	HAS_PART	C_2157
C_2034	DETECTED_BY	PP_429
C_2034	HAS_FAILURE	F_2142
C_2034	HAS_FAILURE	F_2143
C_2034	HAS_FAILURE	F_2144
C_2034	HAS_FAILURE	F_2145
C_2034	HAS_PART	C_2158
C_2034	HAS_PART	C_2159
C_2034	HAS_PART	C_2160
C_2034	HAS_PART	C_2161
C_2035	HAS_FAILURE	F_1969
C_204	HAS_FAILURE	F_145
C_204	HAS_FAILURE	F_146
C_204	HAS_PART	C_221
C_204	HAS_PART	C_223
C_205	HAS_FAILURE	F_151
C_205	HAS_FAILURE	F_152
C_205	HAS_FAILURE	F_153
C_206	HAS_FAILURE	F_154
C_206	HAS_FAILURE	F_155
C_207	HAS_FAILURE	F_156
C_207	HAS_FAILURE	F_158
C_208	HAS_FAILURE	F_168
C_208	HAS_FAILURE	F_169
C_208	HAS_PART	C_209
C_208	HAS_PART	C_224
C_208	HAS_PART	C_225
C_208	HAS_PART	C_226
C_209	HAS_FAILURE	F_159
C_209	HAS_FAILURE	F_160
C_209	HAS_FAILURE	F_161
C_209	HAS_FAILURE	F_163
C_209	HAS_FAILURE	F_166
C_209	HAS_FAILURE	F_167
C_210	DETECTED_BY	PP_510
C_210	HAS_PART	C_211
C_210	HAS_PART	C_212
C_210	HAS_PART	C_228
C_212	HAS_FAILURE	F_174
C_212	HAS_FAILURE	F_175
C_212	HAS_PART	C_229
C_213	DETECTED_BY	PP_511
C_213	HAS_FAILURE	F_178
C_213	HAS_FAILURE	F_182
C_213	HAS_FAILURE	F_183
C_213	HAS_PART	C_214
C_213	HAS_PART	C_215
C_213	HAS_PART	C_216
C_2136	HAS_FAILURE	F_2176
C_214	HAS_PART	C_230
C_2162	HAS_PART	C_2214
C_2162	HAS_PART	C_2221
C_2162	HAS_PART	C_2228
C_2162	HAS_PART	C_2231
C_2162	HAS_PART	C_2235
C_2163	DETECTED_BY	PP_430
C_2163	HAS_PART	C_1847
C_2163	HAS_PART	C_1993
C_2163	HAS_PART	C_1995
C_2163	HAS_PART	C_2136
C_2163	HAS_PART	C_2164
C_2163	HAS_PART	C_2166
C_2163	HAS_PART	C_2167
C_2163	HAS_PART	C_2168
C_2163	HAS_PART	C_2169
C_2163	HAS_PART	C_2170
C_2163	HAS_PART	C_2171
C_2163	HAS_PART	C_2173
C_2163	HAS_PART	C_2174
C_2163	HAS_PART	C_2175
C_2163	HAS_PART	C_2176
C_2163	HAS_PART	C_2177
C_2163	HAS_PART	C_2178
C_2163	HAS_PART	C_2179
C_2163	HAS_PART	C_2180
C_2163	HAS_PART	C_2181
C_2163	HAS_PART	C_2182
C_2163	HAS_PART	C_2184
C_2163	HAS_PART	C_2185
C_2163	HAS_PART	C_2186
C_2163	HAS_PART	C_2187
C_2163	HAS_PART	C_2188
C_2163	HAS_PART	C_2189
C_2163	HAS_PART	C_2190
C_2163	HAS_PART	C_2192
C_2163	HAS_PART	C_2193
C_2163	HAS_PART	C_2194
C_2163	HAS_PART	C_2195
C_2163	HAS_PART	C_2196
C_2163	HAS_PART	C_2197
C_2163	HAS_PART	C_2198
C_2163	HAS_PART	C_2199
C_2163	HAS_PART	C_2200
C_2164	HAS_PART	C_1995
C_2164	HAS_PART	C_2172
C_2164	HAS_PART	C_2173
C_2164	HAS_PART	C_2179
C_2165	HAS_PART	C_1995
C_2165	HAS_PART	C_2172
C_2165	HAS_PART	C_2173
C_2165	HAS_PART	C_2179
C_2166	DETECTED_BY	PP_431
C_2166	HAS_FAILURE	F_2174
C_2166	HAS_FAILURE	F_2175
C_2166	HAS_PART	C_1995
C_2166	HAS_PART	C_2179
C_2166	HAS_PART	C_2195
C_2166	HAS_PART	C_2196
C_2167	HAS_FAILURE	F_2184
C_2168	HAS_FAILURE	F_2180
C_217	DETECTED_BY	PP_512
C_217	HAS_PART	C_219
C_2170	HAS_FAILURE	F_2183
C_2172	HAS_FAILURE	F_2146
C_2172	HAS_FAILURE	F_2147
C_2173	HAS_FAILURE	F_2148
C_2174	HAS_FAILURE	F_2150
C_2175	HAS_FAILURE	F_2151
C_2176	HAS_FAILURE	F_2153
C_218	HAS_FAILURE	F_184
C_218	HAS_FAILURE	F_187
C_218	HAS_FAILURE	F_281
C_218	HAS_FAILURE	F_282
C_218	HAS_PART	C_286
C_218	HAS_PART	C_287
C_218	HAS_PART	C_288
C_218	HAS_PART	C_289
C_218	HAS_PART	C_290
C_2180	HAS_FAILURE	F_2155
C_2181	HAS_FAILURE	F_2157
C_2182	HAS_FAILURE	F_2158
C_2183	HAS_FAILURE	F_2159
C_2184	HAS_FAILURE	F_2160
C_2186	HAS_FAILURE	F_2162
C_2186	HAS_FAILURE	F_2163
C_2188	HAS_FAILURE	F_2165
C_2189	HAS_FAILURE	F_2166
C_219	HAS_FAILURE	F_188
C_219	HAS_FAILURE	F_285
C_219	HAS_PART	C_232
C_219	HAS_PART	C_291
C_2190	HAS_FAILURE	F_2167
C_2191	HAS_FAILURE	F_2168
C_2192	HAS_FAILURE	F_2169
C_2193	HAS_FAILURE	F_2170
C_2194	HAS_FAILURE	F_2171
C_2195	HAS_FAILURE	F_2172
C_2196	HAS_FAILURE	F_2173
C_2197	HAS_FAILURE	F_2177
C_2198	HAS_FAILURE	F_2178
C_2198	HAS_FAILURE	F_2209
C_2199	HAS_FAILURE	F_2179
C_220	HAS_FAILURE	F_191
C_220	HAS_FAILURE	F_287
C_220	HAS_FAILURE	F_288
C_220	HAS_PART	C_233
C_220	HAS_PART	C_292
C_2200	HAS_FAILURE	F_2182
C_2201	DETECTED_BY	PP_432
C_2201	HAS_PART	C_2202
C_2201	HAS_PART	C_2203
C_2201	HAS_PART	C_2204
C_2201	HAS_PART	C_2205
C_2201	HAS_PART	C_2206
C_2201	HAS_PART	C_2210
C_2201	HAS_PART	C_2211
C_2201	HAS_PART	C_2212
C_2201	HAS_PART	C_2213
C_2202	HAS_FAILURE	F_2185
C_2202	HAS_FAILURE	F_2188
C_2203	HAS_FAILURE	F_2186
C_2203	HAS_FAILURE	F_2187
C_2204	HAS_FAILURE	F_2190
C_2205	HAS_FAILURE	F_2191
C_2207	HAS_FAILURE	F_2193
C_2208	HAS_FAILURE	F_2194
C_2209	HAS_FAILURE	F_2195
C_2209	HAS_FAILURE	F_2196
C_221	HAS_FAILURE	F_148
C_2210	HAS_FAILURE	F_2197
C_2211	HAS_FAILURE	F_2198
C_2212	HAS_FAILURE	F_2199
C_2213	HAS_FAILURE	F_2200
C_2214	DETECTED_BY	PP_433
C_2214	HAS_PART	C_2198
C_2214	HAS_PART	C_2215
C_2214	HAS_PART	C_2216
C_2214	HAS_PART	C_2217
C_2214	HAS_PART	C_2218
C_2214	HAS_PART	C_2219
C_2214	HAS_PART	C_2220
C_2215	HAS_FAILURE	F_2201
C_2215	HAS_FAILURE	F_2202
C_2215	HAS_FAILURE	F_2203
C_2216	HAS_FAILURE	F_2204
C_2217	HAS_FAILURE	F_2205
C_2218	HAS_FAILURE	F_2206
C_2219	HAS_FAILURE	F_2207
C_222	HAS_FAILURE	F_149
C_2220	HAS_FAILURE	F_2208
C_2221	DETECTED_BY	PP_434
C_2221	HAS_FAILURE	F_2210
C_2221	HAS_FAILURE	F_2214
C_2221	HAS_PART	C_1867
C_2221	HAS_PART	C_1868
C_2221	HAS_PART	C_2222
C_2221	HAS_PART	C_2223
C_2221	HAS_PART	C_2224
C_2221	HAS_PART	C_2225
C_2221	HAS_PART	C_2226
C_2221	HAS_PART	C_2227
C_2222	HAS_FAILURE	F_2212
C_2224	HAS_FAILURE	F_2215
C_2225	HAS_FAILURE	F_2216
C_2226	HAS_FAILURE	F_2217
C_2227	HAS_FAILURE	F_2218
C_2228	DETECTED_BY	PP_435
C_2228	HAS_FAILURE	F_2222
C_2228	HAS_FAILURE	F_2223
C_2228	HAS_PART	C_2230
C_2229	HAS_FAILURE	F_2224
C_223	HAS_FAILURE	F_150
C_2230	HAS_FAILURE	F_2225
C_2231	DETECTED_BY	PP_436
C_2231	DETECTED_BY	PP_676
C_2231	HAS_PART	C_2232
C_2231	HAS_PART	C_2233
C_2232	HAS_FAILURE	F_2226
C_2233	HAS_FAILURE	F_2227
C_2234	HAS_FAILURE	F_2228
C_2235	DETECTED_BY	PP_437
C_2235	DETECTED_BY	PP_677
C_2235	HAS_FAILURE	F_2229
C_2235	HAS_PART	C_2236
C_2235	HAS_PART	C_2237
C_2235	HAS_PART	C_2239
C_2236	HAS_FAILURE	F_2230
C_2238	HAS_FAILURE	F_2231
C_2239	HAS_FAILURE	F_2232
C_224	HAS_FAILURE	F_164
C_2240	HAS_PART	C_2241
C_2240	HAS_PART	C_2242
C_2241	DETECTED_BY	PP_680
C_2241	HAS_FAILURE	F_2233
C_2241	HAS_FAILURE	F_2234
C_2242	DETECTED_BY	PP_439
C_2242	DETECTED_BY	PP_681
C_2242	HAS_FAILURE	F_2236
C_2242	HAS_FAILURE	F_2237
C_2242	HAS_FAILURE	F_2238
C_2242	HAS_PART	C_2243
C_2243	HAS_FAILURE	F_2235
C_2244	DETECTED_BY	PP_682
C_2244	HAS_PART	C_090
C_2244	HAS_PART	C_2245
C_2244	HAS_PART	C_2261
C_2244	HAS_PART	C_2266
C_2244	HAS_PART	C_2268
C_2244	HAS_PART	C_2270
C_2244	HAS_PART	C_2271
C_2244	HAS_PART	C_2272
C_2244	HAS_PART	C_2273
C_2244	HAS_PART	C_2274
C_2245	HAS_PART	C_2247
C_2245	HAS_PART	C_2248
C_2246	HAS_FAILURE	F_2239
C_2246	HAS_PART	C_2249
C_2246	HAS_PART	C_2250
C_2246	HAS_PART	C_2251
C_2247	DETECTED_BY	PP_441
C_2247	HAS_FAILURE	F_2246
C_2247	HAS_PART	C_2252
C_2247	HAS_PART	C_2253
C_2247	HAS_PART	C_2254
C_2247	HAS_PART	C_2255
C_2248	DETECTED_BY	PP_442
C_2248	HAS_FAILURE	F_2253
C_2248	HAS_FAILURE	F_2254
C_2248	HAS_PART	C_2256
C_2248	HAS_PART	C_2257
C_2248	HAS_PART	C_2258
C_2248	HAS_PART	C_2259
C_2248	HAS_PART	C_2260
C_225	HAS_FAILURE	F_162
C_2250	HAS_FAILURE	F_2241
C_2250	HAS_FAILURE	F_2242
C_2250	HAS_FAILURE	F_2243
C_2251	HAS_FAILURE	F_2244
C_2251	HAS_FAILURE	F_2245
C_2254	HAS_FAILURE	F_2247
C_2254	HAS_FAILURE	F_2248
C_2255	HAS_FAILURE	F_2249
C_2255	HAS_FAILURE	F_2250
C_2255	HAS_FAILURE	F_2251
C_2255	HAS_FAILURE	F_2252
C_2256	HAS_FAILURE	F_2259
C_2256	HAS_FAILURE	F_2260
C_2257	HAS_FAILURE	F_2255
C_2258	HAS_FAILURE	F_2256
C_226	HAS_FAILURE	F_165
C_2260	HAS_FAILURE	F_2258
C_2261	DETECTED_BY	PP_443
C_2261	HAS_PART	C_2170
C_2261	HAS_PART	C_2262
C_2261	HAS_PART	C_2263
C_2261	HAS_PART	C_2265
C_2263	HAS_FAILURE	F_2261
C_2264	HAS_FAILURE	F_2262
C_2264	HAS_FAILURE	F_2265
C_2264	HAS_FAILURE	F_2267
C_2265	HAS_FAILURE	F_2263
C_2265	HAS_FAILURE	F_2264
C_2266	DETECTED_BY	PP_444
C_2266	HAS_FAILURE	F_2268
C_2266	HAS_FAILURE	F_2269
C_2266	HAS_FAILURE	F_2270
C_2266	HAS_FAILURE	F_2271
C_2266	HAS_FAILURE	F_2272
C_2266	HAS_FAILURE	F_2273
C_2266	HAS_PART	C_2275
C_2266	HAS_PART	C_2276
C_2266	HAS_PART	C_2277
C_2266	HAS_PART	C_2278
C_2266	HAS_PART	C_2279
C_2267	DETECTED_BY	PP_445
C_2267	HAS_FAILURE	F_2274
C_2267	HAS_FAILURE	F_2275
C_2267	HAS_FAILURE	F_2276
C_2267	HAS_FAILURE	F_2277
C_2267	HAS_PART	C_2280
C_2267	HAS_PART	C_2281
C_2267	HAS_PART	C_2282
C_2267	HAS_PART	C_2283
C_2267	HAS_PART	C_2284
C_2268	DETECTED_BY	PP_446
C_2268	HAS_FAILURE	F_2280
C_2268	HAS_FAILURE	F_2281
C_2268	HAS_FAILURE	F_2282
C_2268	HAS_FAILURE	F_2283
C_2268	HAS_FAILURE	F_2284
C_2268	HAS_FAILURE	F_2285
C_2268	HAS_PART	C_2285
C_2268	HAS_PART	C_2286
C_2268	HAS_PART	C_2287
C_2268	HAS_PART	C_2288
C_2268	HAS_PART	C_2289
C_2268	HAS_PART	C_2290
C_2269	DETECTED_BY	PP_447
C_2269	HAS_FAILURE	F_2287
C_2269	HAS_FAILURE	F_2289
C_2269	HAS_PART	C_2291
C_2269	HAS_PART	C_2292
C_227	HAS_FAILURE	F_170
C_2270	DETECTED_BY	PP_448
C_2270	HAS_FAILURE	F_2290
C_2270	HAS_FAILURE	F_2291
C_2270	HAS_PART	C_2293
C_2271	DETECTED_BY	PP_450
C_2271	HAS_FAILURE	F_2295
C_2271	HAS_FAILURE	F_2296
C_2271	HAS_PART	C_2297
C_2271	HAS_PART	C_2298
C_2272	DETECTED_BY	PP_451
C_2272	HAS_FAILURE	F_2297
C_2272	HAS_FAILURE	F_2298
C_2272	HAS_FAILURE	F_2299
C_2272	HAS_PART	C_2299
C_2272	HAS_PART	C_2300
C_2272	HAS_PART	C_2301
C_2273	DETECTED_BY	PP_452
C_2273	HAS_FAILURE	F_2300
C_2273	HAS_FAILURE	F_2301
C_2273	HAS_FAILURE	F_2302
C_2273	HAS_FAILURE	F_2303
C_2273	HAS_FAILURE	F_2304
C_2273	HAS_FAILURE	F_2305
C_2273	HAS_FAILURE	F_2306
C_2273	HAS_FAILURE	F_2307
C_2273	HAS_FAILURE	F_2308
C_2273	HAS_PART	C_2302
C_2273	HAS_PART	C_2303
C_2273	HAS_PART	C_2304
C_2273	HAS_PART	C_2305
C_2273	HAS_PART	C_2306
C_2273	HAS_PART	C_2307
C_2273	HAS_PART	C_2308
C_2273	HAS_PART	C_2309
C_2274	HAS_PART	C_2310
C_228	HAS_FAILURE	F_172
C_228	HAS_FAILURE	F_173
C_228	HAS_FAILURE	F_176
C_229	HAS_FAILURE	F_177
C_230	HAS_FAILURE	F_179
C_230	HAS_FAILURE	F_181
C_231	HAS_FAILURE	F_186
C_2310	DETECTED_BY	PP_453
C_2310	HAS_FAILURE	F_2309
C_2310	HAS_FAILURE	F_2311
C_2310	HAS_FAILURE	F_2312
C_2310	HAS_FAILURE	F_2314
C_2310	HAS_FAILURE	F_2315
C_2310	HAS_FAILURE	F_2316
C_2310	HAS_FAILURE	F_2317
C_2310	HAS_FAILURE	F_2318
C_2310	HAS_FAILURE	F_2319
C_2310	HAS_FAILURE	F_2320
C_2310	HAS_FAILURE	F_2321
C_2310	HAS_PART	C_2312
C_2310	HAS_PART	C_2313
C_2310	HAS_PART	C_2314
C_2310	HAS_PART	C_2315
C_2310	HAS_PART	C_2316
C_2310	HAS_PART	C_2317
C_2310	HAS_PART	C_2318
C_2310	HAS_PART	C_2319
C_2310	HAS_PART	C_2320
C_2310	HAS_PART	C_2321
C_2310	HAS_PART	C_2322
C_2310	HAS_PART	C_2323
C_2310	HAS_PART	C_2324
C_2310	HAS_PART	C_873
C_2311	DETECTED_BY	PP_454
C_2311	HAS_FAILURE	F_2323
C_2311	HAS_FAILURE	F_2324
C_2311	HAS_FAILURE	F_2325
C_2311	HAS_FAILURE	F_2326
C_2311	HAS_FAILURE	F_2327
C_2311	HAS_FAILURE	F_2328
C_2311	HAS_FAILURE	F_2329
C_2311	HAS_PART	C_2325
C_2311	HAS_PART	C_2326
C_2311	HAS_PART	C_2327
C_2311	HAS_PART	C_2328
C_2311	HAS_PART	C_2329
C_2311	HAS_PART	C_2330
C_2311	HAS_PART	C_2331
C_2311	HAS_PART	C_2332
C_2311	HAS_PART	C_2333
C_2311	HAS_PART	C_2334
C_232	HAS_FAILURE	F_189
C_232	HAS_FAILURE	F_190
C_233	HAS_FAILURE	F_193
C_2335	HAS_PART	C_2336
C_2335	HAS_PART	C_2343
C_2335	HAS_PART	C_2357
C_2336	HAS_PART	C_2337
C_2336	HAS_PART	C_2342
C_2337	HAS_PART	C_2338
C_2337	HAS_PART	C_2340
C_2337	HAS_PART	C_2341
C_2338	DETECTED_BY	PP_455
C_2338	HAS_FAILURE	F_2330
C_2338	HAS_FAILURE	F_2331
C_2339	DETECTED_BY	PP_456
C_2339	HAS_FAILURE	F_2332
C_2339	HAS_FAILURE	F_2333
C_2339	HAS_FAILURE	F_2334
C_2339	HAS_FAILURE	F_2335
C_2339	HAS_FAILURE	F_2336
C_2339	HAS_FAILURE	F_2337
C_2339	HAS_FAILURE	F_2338
C_2339	HAS_FAILURE	F_2339
C_2339	HAS_FAILURE	F_2346
C_2339	HAS_FAILURE	F_2347
C_2339	HAS_FAILURE	F_2348
C_2339	HAS_FAILURE	F_2349
C_2339	HAS_FAILURE	F_2350
C_2339	HAS_FAILURE	F_2351
C_2339	HAS_FAILURE	F_2352
C_2339	HAS_PART	C_005
C_2339	HAS_PART	C_008
C_2339	HAS_PART	C_1408
C_2339	HAS_PART	C_1419
C_2339	HAS_PART	C_1420
C_2339	HAS_PART	C_1421
C_2339	HAS_PART	C_2349
C_2339	HAS_PART	C_2350
C_2339	HAS_PART	C_2351
C_2339	HAS_PART	C_2352
C_2339	HAS_PART	C_2353
C_2339	HAS_PART	C_2354
C_2339	HAS_PART	C_2355
C_2339	HAS_PART	C_2356
C_2339	HAS_PART	C_260
C_234	DETECTED_BY	PP_457
C_234	DETECTED_BY	PP_475
C_234	HAS_FAILURE	F_2340
C_234	HAS_FAILURE	F_2341
C_234	HAS_FAILURE	F_2344
C_234	HAS_FAILURE	F_2345
C_234	HAS_PART	C_236
C_234	HAS_PART	C_238
C_234	HAS_PART	C_239
C_234	HAS_PART	C_240
C_234	HAS_PART	C_241
C_2340	DETECTED_BY	PP_459
C_2340	HAS_FAILURE	F_2371
C_2340	HAS_FAILURE	F_2374
C_2340	HAS_FAILURE	F_2375
C_2340	HAS_FAILURE	F_2376
C_2340	HAS_FAILURE	F_2377
C_2341	DETECTED_BY	PP_460
C_2341	HAS_FAILURE	F_2378
C_2342	DETECTED_BY	PP_461
C_2342	HAS_FAILURE	F_2379
C_2342	HAS_FAILURE	F_2380
C_2342	HAS_FAILURE	F_2381
C_2343	HAS_PART	C_2344
C_2343	HAS_PART	C_2345
C_2344	DETECTED_BY	PP_462
C_2344	HAS_FAILURE	F_2382
C_2344	HAS_FAILURE	F_2383
C_2345	DETECTED_BY	PP_463
C_2345	HAS_PART	C_2346
C_2345	HAS_PART	C_2347
C_2346	HAS_FAILURE	F_2372
C_2346	HAS_FAILURE	F_2373
C_2347	HAS_FAILURE	F_2385
C_2348	HAS_FAILURE	F_2386
C_235	DETECTED_BY	PP_472
C_235	DETECTED_BY	PP_513
C_235	HAS_FAILURE	F_195
C_235	HAS_FAILURE	F_196
C_235	HAS_FAILURE	F_197
C_235	HAS_FAILURE	F_198
C_235	HAS_FAILURE	F_199
C_235	HAS_FAILURE	F_200
C_235	HAS_FAILURE	F_201
C_235	HAS_FAILURE	F_202
C_235	HAS_FAILURE	F_203
C_235	HAS_FAILURE	F_204
C_235	HAS_FAILURE	F_223
C_235	HAS_FAILURE	F_224
C_235	HAS_FAILURE	F_225
C_235	HAS_FAILURE	F_226
C_235	HAS_FAILURE	F_227
C_235	HAS_FAILURE	F_2482
C_235	HAS_FAILURE	F_2483
C_235	HAS_FAILURE	F_2484
C_2350	HAS_FAILURE	F_2368
C_2351	HAS_FAILURE	F_2369
C_2357	HAS_PART	C_2359
C_2357	HAS_PART	C_2363
C_2358	HAS_PART	C_2365
C_2358	HAS_PART	C_2366
C_2359	HAS_PART	C_2361
C_2359	HAS_PART	C_2362
C_236	DETECTED_BY	PP_473
C_236	DETECTED_BY	PP_476
C_236	DETECTED_BY	PP_514
C_236	HAS_FAILURE	F_205
C_236	HAS_FAILURE	F_206
C_236	HAS_FAILURE	F_207
C_236	HAS_FAILURE	F_208
C_236	HAS_FAILURE	F_209
C_236	HAS_FAILURE	F_2486
C_236	HAS_FAILURE	F_2487
C_236	HAS_FAILURE	F_2488
C_236	HAS_FAILURE	F_2489
C_236	HAS_FAILURE	F_2491
C_236	HAS_FAILURE	F_2492
C_236	HAS_FAILURE	F_2493
C_236	HAS_FAILURE	F_2494
C_236	HAS_FAILURE	F_2495
C_236	HAS_FAILURE	F_2496
C_236	HAS_FAILURE	F_2497
C_236	HAS_FAILURE	F_2498
C_236	HAS_FAILURE	F_2499
C_2360	HAS_FAILURE	F_2426
C_2360	HAS_PART	C_2367
C_2360	HAS_PART	C_2368
C_2360	HAS_PART	C_2369
C_2360	HAS_PART	C_2370
C_2361	HAS_FAILURE	F_2388
C_2361	HAS_FAILURE	F_2392
C_2361	HAS_FAILURE	F_2393
C_2361	HAS_PART	C_2372
C_2361	HAS_PART	C_2373
C_2361	HAS_PART	C_2374
C_2361	HAS_PART	C_2375
C_2361	HAS_PART	C_2376
C_2362	HAS_FAILURE	F_2395
C_2362	HAS_FAILURE	F_2452
C_2362	HAS_FAILURE	F_2462
C_2362	HAS_FAILURE	F_2463
C_2362	HAS_FAILURE	F_2464
C_2362	HAS_FAILURE	F_2465
C_2362	HAS_FAILURE	F_2466
C_2362	HAS_FAILURE	F_2467
C_2362	HAS_FAILURE	F_2468
C_2362	HAS_FAILURE	F_2469
C_2362	HAS_FAILURE	F_2471
C_2362	HAS_FAILURE	F_2472
C_2362	HAS_PART	C_2377
C_2362	HAS_PART	C_2378
C_2362	HAS_PART	C_2379
C_2362	HAS_PART	C_2380
C_2362	HAS_PART	C_2381
C_2362	HAS_PART	C_2382
C_2362	HAS_PART	C_2384
C_2362	HAS_PART	C_2385
C_2363	HAS_FAILURE	F_2401
C_2364	HAS_FAILURE	F_2402
C_2364	HAS_FAILURE	F_2403
C_2364	HAS_FAILURE	F_2404
C_2364	HAS_FAILURE	F_2405
C_2364	HAS_FAILURE	F_2406
C_2364	HAS_FAILURE	F_2408
C_2364	HAS_FAILURE	F_2409
C_2364	HAS_FAILURE	F_2410
C_2364	HAS_FAILURE	F_2411
C_2364	HAS_FAILURE	F_2412
C_2364	HAS_FAILURE	F_2414
C_2365	HAS_FAILURE	F_2415
C_2365	HAS_FAILURE	F_2416
C_2365	HAS_FAILURE	F_2417
C_2365	HAS_FAILURE	F_2418
C_2365	HAS_FAILURE	F_2419
C_2366	HAS_FAILURE	F_2420
C_2366	HAS_FAILURE	F_2421
C_2366	HAS_FAILURE	F_2422
C_2366	HAS_FAILURE	F_2423
C_2366	HAS_FAILURE	F_2424
C_2366	HAS_FAILURE	F_2425
C_2367	HAS_FAILURE	F_2427
C_2367	HAS_FAILURE	F_2428
C_2367	HAS_FAILURE	F_2429
C_2367	HAS_FAILURE	F_2430
C_2367	HAS_FAILURE	F_2431
C_2367	HAS_FAILURE	F_2433
C_2367	HAS_FAILURE	F_2434
C_2368	HAS_FAILURE	F_2435
C_2368	HAS_FAILURE	F_2436
C_2368	HAS_FAILURE	F_2437
C_2369	HAS_FAILURE	F_2438
C_237	DETECTED_BY	PP_474
C_237	DETECTED_BY	PP_515
C_237	HAS_FAILURE	F_210
C_237	HAS_FAILURE	F_212
C_237	HAS_FAILURE	F_213
C_237	HAS_FAILURE	F_214
C_237	HAS_FAILURE	F_215
C_237	HAS_FAILURE	F_216
C_237	HAS_FAILURE	F_217
C_237	HAS_FAILURE	F_2501
C_237	HAS_FAILURE	F_2502
C_237	HAS_FAILURE	F_2503
C_237	HAS_FAILURE	F_2504
C_237	HAS_FAILURE	F_2505
C_2370	HAS_FAILURE	F_2439
C_2371	HAS_FAILURE	F_2387
C_2372	HAS_FAILURE	F_2440
C_2372	HAS_FAILURE	F_2441
C_2373	HAS_FAILURE	F_2443
C_2375	HAS_FAILURE	F_2390
C_2376	HAS_FAILURE	F_2391
C_2377	HAS_FAILURE	F_2445
C_2377	HAS_FAILURE	F_2446
C_2377	HAS_FAILURE	F_2448
C_2377	HAS_FAILURE	F_2449
C_2378	HAS_FAILURE	F_2444
C_2379	HAS_FAILURE	F_2394
C_238	DETECTED_BY	PP_516
C_238	HAS_FAILURE	F_218
C_238	HAS_FAILURE	F_219
C_238	HAS_FAILURE	F_220
C_238	HAS_FAILURE	F_221
C_238	HAS_FAILURE	F_222
C_2380	HAS_FAILURE	F_2396
C_2381	HAS_FAILURE	F_2397
C_2383	HAS_FAILURE	F_2399
C_2384	HAS_FAILURE	F_2400
C_2385	HAS_FAILURE	F_2453
C_2385	HAS_FAILURE	F_2454
C_2385	HAS_FAILURE	F_2455
C_2385	HAS_FAILURE	F_2456
C_2385	HAS_FAILURE	F_2457
C_2385	HAS_FAILURE	F_2458
C_2385	HAS_FAILURE	F_2459
C_2385	HAS_FAILURE	F_2460
C_2385	HAS_FAILURE	F_2474
C_2385	HAS_FAILURE	F_2475
C_2386	DETECTED_BY	PP_491
C_2387	DETECTED_BY	PP_493
C_2388	DETECTED_BY	PP_495
C_239	DETECTED_BY	PP_517
C_239	HAS_FAILURE	F_228
C_239	HAS_FAILURE	F_232
C_239	HAS_FAILURE	F_233
C_239	HAS_FAILURE	F_2476
C_239	HAS_FAILURE	F_2477
C_239	HAS_FAILURE	F_2478
C_239	HAS_FAILURE	F_2479
C_239	HAS_FAILURE	F_2480
C_239	HAS_FAILURE	F_2481
C_239	HAS_PART	C_242
C_239	HAS_PART	C_243
C_239	HAS_PART	C_244
C_239	HAS_PART	C_245
C_2395	DETECTED_BY	PP_692
C_2395	DETECTED_BY	PP_693
C_2395	DETECTED_BY	PP_694
C_2395	LIMITED_BY	S_1569
C_2395	LIMITED_BY	S_1572
C_2395	LIMITED_BY	S_1573
C_2396	DETECTED_BY	PP_691
C_2396	DETECTED_BY	PP_692
C_2396	LIMITED_BY	S_1568
C_2396	LIMITED_BY	S_1570
C_2396	LIMITED_BY	S_1574
C_2396	LIMITED_BY	S_1575
C_2397	DETECTED_BY	PP_691
C_2397	DETECTED_BY	PP_692
C_2397	DETECTED_BY	PP_693
C_2397	DETECTED_BY	PP_694
C_2398	HAS_FAILURE	F_2536
C_2399	HAS_PART	C_2401
C_240	DETECTED_BY	PP_699
C_240	DETECTED_BY	PP_700
C_240	DETECTED_BY	PP_701
C_240	DETECTED_BY	PP_702
C_240	DETECTED_BY	PP_703
C_240	HAS_FAILURE	F_234
C_240	HAS_FAILURE	F_2546
C_240	HAS_PART	C_2496
C_240	HAS_PART	C_2497
C_240	HAS_PART	C_2498
C_240	HAS_PART	C_2502
C_240	HAS_PART	C_2503
C_240	HAS_PART	C_2504
C_240	HAS_PART	C_2505
C_240	HAS_PART	C_2507
C_240	HAS_PART	C_2508
C_240	HAS_PART	C_2509
C_240	HAS_PART	C_2510
C_240	HAS_PART	C_2512
C_2400	DETECTED_BY	PP_695
C_2400	HAS_PART	C_2401
C_2400	LIMITED_BY	S_1567
C_2401	HAS_FAILURE	F_2534
C_2402	LIMITED_BY	S_1566
C_2403	LIMITED_BY	S_385
C_2404	LIMITED_BY	S_280
C_2405	LIMITED_BY	S_1589
C_2406	LIMITED_BY	S_1591
C_2407	LIMITED_BY	S_1592
C_2408	LIMITED_BY	S_1593
C_2408	LIMITED_BY	S_1594
C_2409	LIMITED_BY	S_1595
C_241	HAS_FAILURE	F_235
C_241	HAS_FAILURE	F_236
C_241	HAS_FAILURE	F_238
C_241	HAS_PART	C_246
C_241	HAS_PART	C_248
C_2410	LIMITED_BY	S_1596
C_2411	LIMITED_BY	S_1597
C_2412	LIMITED_BY	S_1598
C_2413	LIMITED_BY	S_1599
C_2414	LIMITED_BY	S_1600
C_2415	LIMITED_BY	S_1601
C_2416	LIMITED_BY	S_1602
C_2417	LIMITED_BY	S_1603
C_2418	LIMITED_BY	S_1604
C_2419	LIMITED_BY	S_126
C_2420	LIMITED_BY	S_1605
C_2421	LIMITED_BY	S_374
C_2421	LIMITED_BY	S_376
C_2421	LIMITED_BY	S_391
C_2422	LIMITED_BY	S_1606
C_2423	LIMITED_BY	S_118
C_2424	LIMITED_BY	S_1607
C_2425	LIMITED_BY	S_1608
C_2426	LIMITED_BY	S_1609
C_2427	LIMITED_BY	S_1610
C_2428	LIMITED_BY	S_1611
C_2429	LIMITED_BY	S_1612
C_2430	LIMITED_BY	S_1613
C_2431	LIMITED_BY	S_1614
C_2432	LIMITED_BY	S_1615
C_2433	LIMITED_BY	S_1616
C_2434	LIMITED_BY	S_1617
C_2434	LIMITED_BY	S_1618
C_2435	LIMITED_BY	S_1620
C_2436	LIMITED_BY	S_1621
C_2437	LIMITED_BY	S_1622
C_2438	LIMITED_BY	S_1623
C_2439	LIMITED_BY	S_1624
C_2440	LIMITED_BY	S_1625
C_2441	LIMITED_BY	S_1627
C_2442	LIMITED_BY	S_1628
C_2443	LIMITED_BY	S_1629
C_2444	LIMITED_BY	S_1630
C_2445	LIMITED_BY	S_1631
C_2446	LIMITED_BY	S_243
C_2447	LIMITED_BY	S_244
C_2448	LIMITED_BY	S_247
C_2449	LIMITED_BY	S_1632
C_2450	LIMITED_BY	S_245
C_2451	LIMITED_BY	S_242
C_2452	LIMITED_BY	S_241
C_2453	LIMITED_BY	S_1633
C_2454	LIMITED_BY	S_1634
C_2455	LIMITED_BY	S_1635
C_2456	LIMITED_BY	S_1636
C_2457	LIMITED_BY	S_1637
C_2458	LIMITED_BY	S_1638
C_2459	LIMITED_BY	S_1639
C_2460	LIMITED_BY	S_1640
C_2461	LIMITED_BY	S_1641
C_2462	LIMITED_BY	S_1563
C_2463	LIMITED_BY	S_1642
C_2464	LIMITED_BY	S_1643
C_2465	LIMITED_BY	S_1644
C_2466	LIMITED_BY	S_1646
C_2466	LIMITED_BY	S_1647
C_2467	LIMITED_BY	S_1648
C_2468	LIMITED_BY	S_1651
C_2469	LIMITED_BY	S_1653
C_2469	LIMITED_BY	S_1660
C_247	HAS_FAILURE	F_237
C_2470	LIMITED_BY	S_1654
C_2470	LIMITED_BY	S_1655
C_2471	LIMITED_BY	S_1656
C_2471	LIMITED_BY	S_1657
C_2472	LIMITED_BY	S_1658
C_2473	LIMITED_BY	S_1661
C_2473	LIMITED_BY	S_1662
C_2474	LIMITED_BY	S_1663
C_2474	LIMITED_BY	S_1664
C_2474	LIMITED_BY	S_1665
C_2474	LIMITED_BY	S_1666
C_2475	LIMITED_BY	S_1668
C_2476	LIMITED_BY	S_1669
C_2476	LIMITED_BY	S_1670
C_2476	LIMITED_BY	S_1671
C_2477	LIMITED_BY	S_1672
C_2477	LIMITED_BY	S_1673
C_2478	LIMITED_BY	S_1674
C_2478	LIMITED_BY	S_1675
C_2479	LIMITED_BY	S_1676
C_2479	LIMITED_BY	S_1677
C_2479	LIMITED_BY	S_1678
C_2480	LIMITED_BY	S_1679
C_2481	LIMITED_BY	S_1681
C_2482	LIMITED_BY	S_1682
C_2483	LIMITED_BY	S_1683
C_2483	LIMITED_BY	S_1684
C_2484	LIMITED_BY	S_1685
C_2484	LIMITED_BY	S_1686
C_2485	LIMITED_BY	S_1687
C_2485	LIMITED_BY	S_1688
C_2486	LIMITED_BY	S_1689
C_2487	LIMITED_BY	S_1690
C_2488	LIMITED_BY	S_1691
C_2488	LIMITED_BY	S_1693
C_2489	LIMITED_BY	S_1694
C_249	HAS_PART	C_253
C_249	HAS_PART	C_254
C_249	HAS_PART	C_258
C_249	HAS_PART	C_261
C_249	HAS_PART	C_265
C_249	HAS_PART	C_304
C_2490	LIMITED_BY	S_1695
C_2490	LIMITED_BY	S_1696
C_2491	LIMITED_BY	S_1697
C_2492	LIMITED_BY	S_1698
C_2492	LIMITED_BY	S_1699
C_2493	LIMITED_BY	S_1700
C_2493	LIMITED_BY	S_1701
C_2494	LIMITED_BY	S_1702
C_2495	LIMITED_BY	S_1703
C_2496	DETECTED_BY	PP_698
C_2496	HAS_PART	C_2513
C_2496	HAS_PART	C_2517
C_2496	HAS_PART	C_2518
C_2496	HAS_PART	C_2519
C_2496	HAS_PART	C_2524
C_2497	DETECTED_BY	PP_698
C_2497	HAS_FAILURE	F_2547
C_2497	HAS_PART	C_2520
C_2498	DETECTED_BY	PP_702
C_2498	HAS_PART	C_2521
C_2499	HAS_PART	C_2514
C_250	DETECTED_BY	PP_518
C_250	HAS_FAILURE	F_242
C_250	HAS_PART	C_251
C_250	HAS_PART	C_252
C_2500	HAS_FAILURE	F_2553
C_2501	DETECTED_BY	PP_698
C_2501	HAS_FAILURE	F_2552
C_2503	HAS_FAILURE	F_2548
C_2504	HAS_FAILURE	F_2549
C_2504	HAS_PART	C_2523
C_2506	HAS_PART	C_2522
C_251	HAS_FAILURE	F_239
C_2510	DETECTED_BY	PP_702
C_2511	DETECTED_BY	PP_703
C_2512	HAS_FAILURE	F_2551
C_2517	DETECTED_BY	PP_701
C_2518	DETECTED_BY	PP_701
C_252	HAS_FAILURE	F_240
C_252	HAS_FAILURE	F_241
C_2521	HAS_FAILURE	F_2556
C_2522	DETECTED_BY	PP_704
C_2522	HAS_FAILURE	F_2557
C_253	DETECTED_BY	PP_519
C_253	HAS_FAILURE	F_243
C_253	HAS_FAILURE	F_244
C_253	HAS_FAILURE	F_245
C_253	HAS_FAILURE	F_246
C_254	DETECTED_BY	PP_520
C_255	DETECTED_BY	PP_521
C_255	HAS_PART	C_256
C_255	HAS_PART	C_257
C_256	HAS_FAILURE	F_248
C_257	HAS_FAILURE	F_249
C_258	DETECTED_BY	PP_522
C_258	HAS_FAILURE	F_250
C_258	HAS_FAILURE	F_251
C_258	HAS_PART	C_259
C_258	HAS_PART	C_260
C_259	HAS_FAILURE	F_252
C_260	HAS_FAILURE	F_2353
C_260	HAS_FAILURE	F_253
C_261	DETECTED_BY	PP_523
C_261	HAS_FAILURE	F_254
C_261	HAS_PART	C_262
C_261	HAS_PART	C_263
C_261	HAS_PART	C_264
C_263	HAS_FAILURE	F_257
C_264	HAS_FAILURE	F_258
C_265	HAS_FAILURE	F_264
C_265	HAS_PART	C_2388
C_265	HAS_PART	C_266
C_265	HAS_PART	C_268
C_265	HAS_PART	C_269
C_265	HAS_PART	C_270
C_266	DETECTED_BY	PP_479
C_266	HAS_FAILURE	F_259
C_267	DETECTED_BY	PP_524
C_268	DETECTED_BY	PP_525
C_268	HAS_FAILURE	F_261
C_269	DETECTED_BY	PP_526
C_269	HAS_FAILURE	F_262
C_270	HAS_FAILURE	F_263
C_271	HAS_PART	C_272
C_271	HAS_PART	C_273
C_271	HAS_PART	C_285
C_272	HAS_FAILURE	F_265
C_272	HAS_PART	C_275
C_272	HAS_PART	C_277
C_272	HAS_PART	C_278
C_272	HAS_PART	C_280
C_272	HAS_PART	C_281
C_272	HAS_PART	C_282
C_272	HAS_PART	C_283
C_272	HAS_PART	C_284
C_272	HAS_PART	C_331
C_273	HAS_FAILURE	F_279
C_273	HAS_PART	C_294
C_273	HAS_PART	C_295
C_273	HAS_PART	C_296
C_273	HAS_PART	C_298
C_273	HAS_PART	C_299
C_273	HAS_PART	C_300
C_273	HAS_PART	C_301
C_273	HAS_PART	C_302
C_273	HAS_PART	C_303
C_274	HAS_FAILURE	F_266
C_274	HAS_FAILURE	F_267
C_276	HAS_FAILURE	F_268
C_276	HAS_FAILURE	F_271
C_277	HAS_FAILURE	F_273
C_279	HAS_FAILURE	F_269
C_281	HAS_FAILURE	F_270
C_284	HAS_FAILURE	F_272
C_284	HAS_FAILURE	F_274
C_284	HAS_FAILURE	F_275
C_284	HAS_FAILURE	F_276
C_285	HAS_FAILURE	F_280
C_288	HAS_FAILURE	F_1140
C_288	HAS_FAILURE	F_1142
C_288	HAS_PART	C_1280
C_288	HAS_PART	C_1281
C_288	HAS_PART	C_1282
C_288	HAS_PART	C_1283
C_288	HAS_PART	C_1284
C_288	HAS_PART	C_1285
C_288	HAS_PART	C_1286
C_288	HAS_PART	C_1287
C_289	HAS_FAILURE	F_284
C_293	HAS_FAILURE	F_289
C_294	HAS_FAILURE	F_290
C_294	HAS_FAILURE	F_291
C_297	HAS_FAILURE	F_292
C_298	HAS_FAILURE	F_293
C_298	HAS_FAILURE	F_294
C_298	HAS_FAILURE	F_295
C_298	HAS_FAILURE	F_297
C_298	HAS_FAILURE	F_298
C_304	DETECTED_BY	PP_527
C_304	HAS_FAILURE	F_328
C_304	HAS_PART	C_305
C_304	HAS_PART	C_306
C_304	HAS_PART	C_308
C_304	HAS_PART	C_309
C_304	HAS_PART	C_311
C_304	HAS_PART	C_312
C_304	HAS_PART	C_313
C_304	HAS_PART	C_317
C_304	HAS_PART	C_321
C_304	HAS_PART	C_322
C_304	HAS_PART	C_323
C_304	HAS_PART	C_324
C_304	HAS_PART	C_325
C_304	HAS_PART	C_326
C_304	HAS_PART	C_329
C_304	HAS_PART	C_330
C_305	HAS_FAILURE	F_299
C_306	HAS_FAILURE	F_300
C_306	HAS_FAILURE	F_301
C_306	HAS_FAILURE	F_302
C_306	HAS_FAILURE	F_303
C_306	HAS_PART	C_307
C_306	HAS_PART	C_310
C_308	HAS_FAILURE	F_307
C_312	HAS_FAILURE	F_305
C_313	HAS_FAILURE	F_308
C_313	HAS_FAILURE	F_310
C_313	HAS_PART	C_314
C_315	HAS_FAILURE	F_311
C_315	HAS_FAILURE	F_330
C_316	HAS_FAILURE	F_309
C_317	HAS_FAILURE	F_312
C_317	HAS_FAILURE	F_314
C_317	HAS_PART	C_318
C_317	HAS_PART	C_319
C_318	HAS_FAILURE	F_313
C_319	HAS_FAILURE	F_315
C_320	HAS_FAILURE	F_316
C_321	HAS_FAILURE	F_317
C_321	HAS_FAILURE	F_318
C_323	HAS_FAILURE	F_320
C_326	DETECTED_BY	PP_528
C_326	HAS_PART	C_328
C_327	HAS_FAILURE	F_322
C_328	HAS_FAILURE	F_323
C_328	HAS_FAILURE	F_324
C_328	HAS_FAILURE	F_325
C_329	HAS_FAILURE	F_326
C_329	HAS_FAILURE	F_327
C_330	HAS_FAILURE	F_331
C_331	HAS_FAILURE	F_277
C_332	HAS_PART	C_333
C_332	HAS_PART	C_391
C_332	HAS_PART	C_407
C_332	HAS_PART	C_428
C_332	HAS_PART	C_433
C_332	HAS_PART	C_437
C_332	HAS_PART	C_438
C_332	HAS_PART	C_440
C_332	HAS_PART	C_441
C_332	HAS_PART	C_442
C_332	HAS_PART	C_453
C_333	HAS_PART	C_334
C_333	HAS_PART	C_340
C_333	HAS_PART	C_356
C_334	HAS_FAILURE	F_523
C_334	HAS_FAILURE	F_525
C_334	HAS_PART	C_335
C_334	HAS_PART	C_338
C_334	HAS_PART	C_339
C_335	HAS_FAILURE	F_333
C_335	HAS_PART	C_336
C_336	HAS_FAILURE	F_332
C_337	HAS_FAILURE	F_334
C_338	HAS_FAILURE	F_336
C_339	HAS_FAILURE	F_524
C_340	HAS_FAILURE	F_347
C_340	HAS_FAILURE	F_350
C_340	HAS_PART	C_341
C_340	HAS_PART	C_343
C_340	HAS_PART	C_344
C_340	HAS_PART	C_345
C_340	HAS_PART	C_346
C_340	HAS_PART	C_347
C_340	HAS_PART	C_348
C_340	HAS_PART	C_349
C_340	HAS_PART	C_350
C_340	HAS_PART	C_351
C_340	HAS_PART	C_352
C_340	HAS_PART	C_353
C_340	HAS_PART	C_354
C_340	HAS_PART	C_355
C_342	HAS_FAILURE	F_343
C_342	HAS_FAILURE	F_348
C_342	HAS_FAILURE	F_351
C_344	HAS_FAILURE	F_338
C_345	HAS_FAILURE	F_339
C_346	HAS_FAILURE	F_340
C_348	HAS_FAILURE	F_341
C_349	HAS_FAILURE	F_346
C_350	HAS_FAILURE	F_342
C_351	HAS_FAILURE	F_344
C_352	HAS_FAILURE	F_345
C_355	HAS_FAILURE	F_349
C_355	HAS_FAILURE	F_353
C_356	DETECTED_BY	PP_567
C_356	HAS_FAILURE	F_354
C_356	HAS_FAILURE	F_363
C_356	HAS_PART	C_359
C_356	HAS_PART	C_360
C_357	HAS_FAILURE	F_355
C_358	HAS_PART	C_363
C_358	HAS_PART	C_364
C_358	HAS_PART	C_365
C_359	HAS_FAILURE	F_361
C_359	HAS_PART	C_361
C_359	HAS_PART	C_362
C_359	HAS_PART	C_366
C_360	HAS_FAILURE	F_362
C_361	HAS_FAILURE	F_360
C_363	HAS_FAILURE	F_356
C_364	HAS_FAILURE	F_357
C_365	HAS_FAILURE	F_358
C_366	HAS_FAILURE	F_359
C_367	DETECTED_BY	PP_568
C_367	HAS_FAILURE	F_365
C_367	HAS_FAILURE	F_367
C_367	HAS_FAILURE	F_414
C_367	HAS_PART	C_368
C_367	HAS_PART	C_369
C_367	HAS_PART	C_370
C_367	HAS_PART	C_374
C_367	HAS_PART	C_375
C_367	HAS_PART	C_377
C_367	HAS_PART	C_378
C_367	HAS_PART	C_379
C_367	HAS_PART	C_380
C_367	HAS_PART	C_381
C_367	HAS_PART	C_383
C_367	HAS_PART	C_384
C_367	HAS_PART	C_385
C_367	HAS_PART	C_387
C_367	HAS_PART	C_388
C_367	HAS_PART	C_389
C_367	HAS_PART	C_390
C_368	HAS_FAILURE	F_364
C_369	HAS_FAILURE	F_366
C_370	HAS_FAILURE	F_368
C_370	HAS_PART	C_371
C_370	HAS_PART	C_372
C_370	HAS_PART	C_373
C_371	HAS_FAILURE	F_369
C_371	HAS_FAILURE	F_370
C_372	HAS_FAILURE	F_371
C_372	HAS_FAILURE	F_372
C_372	HAS_FAILURE	F_373
C_373	HAS_FAILURE	F_374
C_374	HAS_FAILURE	F_378
C_374	HAS_FAILURE	F_380
C_374	HAS_FAILURE	F_381
C_374	HAS_FAILURE	F_382
C_374	HAS_FAILURE	F_383
C_374	HAS_FAILURE	F_384
C_376	HAS_FAILURE	F_386
C_376	HAS_FAILURE	F_387
C_376	HAS_FAILURE	F_388
C_376	HAS_FAILURE	F_389
C_377	HAS_FAILURE	F_390
C_377	HAS_FAILURE	F_391
C_377	HAS_FAILURE	F_392
C_377	HAS_FAILURE	F_393
C_378	HAS_FAILURE	F_394
C_379	HAS_FAILURE	F_395
C_379	HAS_FAILURE	F_396
C_379	HAS_FAILURE	F_397
C_379	HAS_FAILURE	F_399
C_379	HAS_FAILURE	F_400
C_380	HAS_FAILURE	F_401
C_380	HAS_FAILURE	F_402
C_381	HAS_FAILURE	F_403
C_381	HAS_FAILURE	F_404
C_381	HAS_FAILURE	F_405
C_381	HAS_FAILURE	F_406
C_381	HAS_FAILURE	F_407
C_382	HAS_FAILURE	F_409
C_382	HAS_FAILURE	F_410
C_382	HAS_FAILURE	F_411
C_382	HAS_FAILURE	F_412
C_386	HAS_FAILURE	F_1462
C_390	HAS_FAILURE	F_413
C_391	DETECTED_BY	PP_569
C_391	HAS_FAILURE	F_415
C_391	HAS_FAILURE	F_444
C_391	HAS_PART	C_392
C_391	HAS_PART	C_393
C_391	HAS_PART	C_394
C_391	HAS_PART	C_395
C_391	HAS_PART	C_396
C_391	HAS_PART	C_398
C_391	HAS_PART	C_399
C_391	HAS_PART	C_400
C_391	HAS_PART	C_401
C_391	HAS_PART	C_402
C_391	HAS_PART	C_403
C_391	HAS_PART	C_404
C_391	HAS_PART	C_405
C_391	HAS_PART	C_406
C_392	HAS_FAILURE	F_416
C_392	HAS_FAILURE	F_417
C_393	HAS_FAILURE	F_418
C_393	HAS_FAILURE	F_419
C_393	HAS_FAILURE	F_420
C_393	HAS_FAILURE	F_435
C_394	HAS_FAILURE	F_421
C_395	HAS_FAILURE	F_422
C_395	HAS_FAILURE	F_438
C_396	HAS_FAILURE	F_439
C_396	HAS_PART	C_397
C_397	HAS_FAILURE	F_424
C_397	HAS_FAILURE	F_425
C_398	HAS_FAILURE	F_427
C_398	HAS_FAILURE	F_440
C_399	HAS_FAILURE	F_441
C_400	HAS_FAILURE	F_429
C_401	HAS_FAILURE	F_430
C_402	HAS_FAILURE	F_431
C_402	HAS_FAILURE	F_443
C_403	HAS_FAILURE	F_432
C_404	HAS_FAILURE	F_433
C_405	HAS_FAILURE	F_434
C_407	HAS_PART	C_408
C_407	HAS_PART	C_412
C_407	HAS_PART	C_416
C_407	HAS_PART	C_420
C_407	HAS_PART	C_427
C_408	HAS_PART	C_409
C_408	HAS_PART	C_411
C_409	DETECTED_BY	PP_572
C_409	HAS_FAILURE	F_445
C_409	HAS_FAILURE	F_447
C_409	HAS_FAILURE	F_448
C_410	HAS_FAILURE	F_449
C_411	HAS_FAILURE	F_450
C_411	HAS_FAILURE	F_451
C_411	HAS_FAILURE	F_452
C_411	HAS_FAILURE	F_453
C_412	HAS_PART	C_413
C_412	HAS_PART	C_415
C_413	HAS_FAILURE	F_454
C_414	HAS_FAILURE	F_455
C_414	HAS_FAILURE	F_456
C_414	HAS_FAILURE	F_457
C_414	HAS_FAILURE	F_458
C_415	DETECTED_BY	PP_573
C_416	DETECTED_BY	PP_578
C_416	HAS_FAILURE	F_462
C_416	HAS_PART	C_417
C_416	HAS_PART	C_418
C_416	HAS_PART	C_419
C_417	HAS_FAILURE	F_461
C_420	HAS_FAILURE	F_463
C_420	HAS_PART	C_421
C_420	HAS_PART	C_422
C_420	HAS_PART	C_423
C_420	HAS_PART	C_424
C_420	HAS_PART	C_425
C_420	HAS_PART	C_426
C_426	DETECTED_BY	PP_574
C_426	HAS_FAILURE	F_464
C_427	HAS_FAILURE	F_465
C_427	HAS_FAILURE	F_466
C_428	HAS_FAILURE	F_467
C_428	HAS_FAILURE	F_468
C_428	HAS_FAILURE	F_469
C_428	HAS_FAILURE	F_475
C_428	HAS_FAILURE	F_476
C_428	HAS_FAILURE	F_478
C_428	HAS_FAILURE	F_479
C_428	HAS_PART	C_429
C_428	HAS_PART	C_430
C_428	HAS_PART	C_431
C_428	HAS_PART	C_432
C_429	HAS_FAILURE	F_471
C_429	HAS_FAILURE	F_472
C_429	HAS_FAILURE	F_473
C_433	DETECTED_BY	PP_584
C_433	HAS_FAILURE	F_482
C_433	HAS_FAILURE	F_483
C_433	HAS_FAILURE	F_484
C_433	HAS_FAILURE	F_485
C_433	HAS_FAILURE	F_486
C_433	HAS_FAILURE	F_488
C_433	HAS_FAILURE	F_490
C_433	HAS_PART	C_434
C_433	HAS_PART	C_435
C_433	HAS_PART	C_436
C_437	DETECTED_BY	PP_576
C_437	HAS_FAILURE	F_491
C_437	HAS_FAILURE	F_492
C_437	HAS_FAILURE	F_493
C_438	DETECTED_BY	PP_577
C_438	HAS_FAILURE	F_494
C_438	HAS_PART	C_439
C_439	HAS_FAILURE	F_495
C_440	DETECTED_BY	PP_585
C_440	HAS_FAILURE	F_496
C_440	HAS_FAILURE	F_497
C_440	HAS_FAILURE	F_498
C_441	DETECTED_BY	PP_579
C_441	HAS_FAILURE	F_501
C_442	DETECTED_BY	PP_580
C_442	HAS_FAILURE	F_502
C_442	HAS_FAILURE	F_516
C_442	HAS_PART	C_443
C_442	HAS_PART	C_444
C_442	HAS_PART	C_445
C_442	HAS_PART	C_447
C_442	HAS_PART	C_448
C_442	HAS_PART	C_449
C_442	HAS_PART	C_450
C_443	HAS_FAILURE	F_503
C_443	HAS_FAILURE	F_504
C_444	HAS_FAILURE	F_506
C_445	HAS_FAILURE	F_507
C_446	HAS_FAILURE	F_508
C_447	HAS_FAILURE	F_509
C_448	HAS_FAILURE	F_510
C_448	HAS_FAILURE	F_511
C_448	HAS_FAILURE	F_512
C_449	HAS_FAILURE	F_513
C_449	HAS_FAILURE	F_514
C_451	DETECTED_BY	PP_581
C_451	HAS_FAILURE	F_517
C_451	HAS_FAILURE	F_519
C_451	HAS_PART	C_452
C_453	DETECTED_BY	PP_582
C_453	HAS_FAILURE	F_520
C_453	HAS_FAILURE	F_521
C_453	HAS_FAILURE	F_522
C_454	HAS_PART	C_455
C_454	HAS_PART	C_609
C_454	HAS_PART	C_647
C_454	HAS_PART	C_715
C_455	HAS_PART	C_456
C_455	HAS_PART	C_482
C_455	HAS_PART	C_496
C_455	HAS_PART	C_510
C_455	HAS_PART	C_541
C_455	HAS_PART	C_548
C_455	HAS_PART	C_560
C_455	HAS_PART	C_574
C_455	HAS_PART	C_587
C_455	HAS_PART	C_601
C_456	DETECTED_BY	PP_586
C_456	HAS_FAILURE	F_552
C_456	HAS_FAILURE	F_553
C_456	HAS_FAILURE	F_554
C_456	HAS_PART	C_457
C_457	HAS_PART	C_458
C_457	HAS_PART	C_460
C_457	HAS_PART	C_461
C_457	HAS_PART	C_462
C_457	HAS_PART	C_463
C_457	HAS_PART	C_464
C_457	HAS_PART	C_465
C_457	HAS_PART	C_466
C_457	HAS_PART	C_467
C_457	HAS_PART	C_468
C_457	HAS_PART	C_469
C_457	HAS_PART	C_471
C_457	HAS_PART	C_472
C_457	HAS_PART	C_473
C_457	HAS_PART	C_474
C_458	HAS_FAILURE	F_526
C_459	HAS_FAILURE	F_527
C_460	HAS_FAILURE	F_528
C_461	HAS_FAILURE	F_529
C_463	HAS_FAILURE	F_530
C_464	HAS_FAILURE	F_531
C_466	HAS_FAILURE	F_532
C_468	HAS_FAILURE	F_533
C_469	HAS_FAILURE	F_534
C_470	HAS_FAILURE	F_536
C_471	HAS_FAILURE	F_537
C_472	HAS_FAILURE	F_538
C_474	HAS_FAILURE	F_539
C_475	HAS_FAILURE	F_540
C_475	HAS_FAILURE	F_541
C_475	HAS_FAILURE	F_542
C_475	HAS_FAILURE	F_543
C_475	HAS_FAILURE	F_544
C_475	HAS_FAILURE	F_545
C_475	HAS_FAILURE	F_547
C_475	HAS_PART	C_476
C_475	HAS_PART	C_477
C_477	HAS_FAILURE	F_546
C_478	HAS_FAILURE	F_548
C_478	HAS_PART	C_479
C_479	HAS_FAILURE	F_549
C_480	HAS_FAILURE	F_550
C_481	HAS_FAILURE	F_551
C_482	HAS_FAILURE	F_556
C_482	HAS_FAILURE	F_557
C_482	HAS_FAILURE	F_558
C_482	HAS_FAILURE	F_559
C_482	HAS_FAILURE	F_569
C_482	HAS_PART	C_483
C_482	HAS_PART	C_484
C_482	HAS_PART	C_485
C_482	HAS_PART	C_486
C_482	HAS_PART	C_489
C_482	HAS_PART	C_490
C_482	HAS_PART	C_491
C_482	HAS_PART	C_492
C_482	HAS_PART	C_493
C_483	HAS_FAILURE	F_555
C_484	HAS_FAILURE	F_560
C_485	HAS_FAILURE	F_561
C_486	HAS_PART	C_487
C_487	HAS_FAILURE	F_562
C_488	HAS_FAILURE	F_563
C_489	HAS_FAILURE	F_564
C_491	HAS_FAILURE	F_565
C_492	HAS_FAILURE	F_566
C_493	HAS_FAILURE	F_567
C_494	HAS_FAILURE	F_568
C_494	HAS_PART	C_495
C_496	DETECTED_BY	PP_588
C_496	HAS_FAILURE	F_570
C_496	HAS_FAILURE	F_571
C_496	HAS_PART	C_497
C_496	HAS_PART	C_499
C_496	HAS_PART	C_500
C_496	HAS_PART	C_501
C_496	HAS_PART	C_502
C_496	HAS_PART	C_503
C_496	HAS_PART	C_505
C_498	HAS_FAILURE	F_573
C_500	HAS_FAILURE	F_574
C_501	HAS_FAILURE	F_575
C_502	HAS_FAILURE	F_576
C_503	HAS_FAILURE	F_577
C_504	HAS_FAILURE	F_578
C_505	HAS_FAILURE	F_580
C_505	HAS_PART	C_506
C_505	HAS_PART	C_507
C_505	HAS_PART	C_508
C_505	HAS_PART	C_509
C_510	DETECTED_BY	PP_589
C_510	HAS_FAILURE	F_602
C_510	HAS_FAILURE	F_603
C_510	HAS_FAILURE	F_604
C_510	HAS_PART	C_511
C_510	HAS_PART	C_515
C_510	HAS_PART	C_524
C_510	HAS_PART	C_526
C_510	HAS_PART	C_528
C_510	HAS_PART	C_529
C_510	HAS_PART	C_530
C_510	HAS_PART	C_531
C_510	HAS_PART	C_533
C_510	HAS_PART	C_534
C_510	HAS_PART	C_535
C_511	HAS_FAILURE	F_582
C_511	HAS_PART	C_512
C_511	HAS_PART	C_513
C_511	HAS_PART	C_514
C_512	HAS_FAILURE	F_584
C_512	HAS_FAILURE	F_586
C_514	HAS_FAILURE	F_585
C_514	HAS_FAILURE	F_588
C_515	HAS_FAILURE	F_591
C_515	HAS_PART	C_517
C_515	HAS_PART	C_518
C_515	HAS_PART	C_519
C_515	HAS_PART	C_520
C_516	HAS_FAILURE	F_589
C_516	HAS_FAILURE	F_590
C_516	HAS_FAILURE	F_594
C_517	HAS_FAILURE	F_592
C_518	HAS_FAILURE	F_593
C_521	HAS_FAILURE	F_595
C_522	HAS_FAILURE	F_596
C_522	HAS_PART	C_523
C_525	HAS_FAILURE	F_597
C_527	HAS_FAILURE	F_598
C_531	HAS_FAILURE	F_599
C_532	HAS_FAILURE	F_600
C_533	HAS_FAILURE	F_601
C_534	HAS_FAILURE	F_605
C_535	HAS_FAILURE	F_606
C_536	DETECTED_BY	PP_590
C_536	HAS_FAILURE	F_610
C_536	HAS_PART	C_537
C_537	HAS_FAILURE	F_608
C_538	HAS_FAILURE	F_609
C_539	DETECTED_BY	PP_591
C_539	HAS_FAILURE	F_611
C_539	HAS_PART	C_540
C_541	DETECTED_BY	PP_592
C_541	HAS_FAILURE	F_612
C_541	HAS_PART	C_542
C_541	HAS_PART	C_546
C_542	HAS_PART	C_543
C_542	HAS_PART	C_544
C_542	HAS_PART	C_545
C_543	HAS_FAILURE	F_613
C_544	HAS_FAILURE	F_614
C_544	HAS_FAILURE	F_615
C_544	HAS_FAILURE	F_616
C_544	HAS_FAILURE	F_617
C_544	HAS_FAILURE	F_618
C_544	HAS_FAILURE	F_620
C_544	HAS_FAILURE	F_621
C_544	HAS_FAILURE	F_622
C_545	HAS_FAILURE	F_619
C_545	HAS_FAILURE	F_623
C_546	HAS_FAILURE	F_624
C_546	HAS_PART	C_547
C_547	HAS_FAILURE	F_626
C_548	HAS_PART	C_549
C_549	HAS_FAILURE	F_628
C_549	HAS_FAILURE	F_629
C_549	HAS_FAILURE	F_630
C_549	HAS_PART	C_550
C_549	HAS_PART	C_551
C_549	HAS_PART	C_552
C_549	HAS_PART	C_553
C_549	HAS_PART	C_554
C_551	HAS_FAILURE	F_631
C_553	HAS_FAILURE	F_632
C_555	HAS_PART	C_557
C_555	HAS_PART	C_559
C_556	HAS_FAILURE	F_633
C_557	HAS_FAILURE	F_634
C_558	HAS_FAILURE	F_635
C_560	HAS_FAILURE	F_636
C_560	HAS_PART	C_561
C_560	HAS_PART	C_562
C_560	HAS_PART	C_563
C_560	HAS_PART	C_564
C_560	HAS_PART	C_565
C_560	HAS_PART	C_567
C_560	HAS_PART	C_568
C_560	HAS_PART	C_570
C_560	HAS_PART	C_571
C_560	HAS_PART	C_573
C_566	HAS_FAILURE	F_637
C_567	HAS_FAILURE	F_638
C_568	HAS_FAILURE	F_639
C_568	HAS_PART	C_569
C_570	HAS_FAILURE	F_640
C_572	HAS_FAILURE	F_641
C_574	HAS_FAILURE	F_643
C_574	HAS_PART	C_575
C_574	HAS_PART	C_576
C_574	HAS_PART	C_577
C_574	HAS_PART	C_578
C_574	HAS_PART	C_579
C_574	HAS_PART	C_580
C_574	HAS_PART	C_581
C_574	HAS_PART	C_582
C_574	HAS_PART	C_584
C_574	HAS_PART	C_586
C_577	HAS_FAILURE	F_644
C_579	HAS_FAILURE	F_645
C_583	HAS_FAILURE	F_647
C_585	HAS_FAILURE	F_648
C_586	HAS_FAILURE	F_649
C_587	DETECTED_BY	PP_595
C_587	HAS_FAILURE	F_650
C_587	HAS_FAILURE	F_651
C_587	HAS_FAILURE	F_654
C_587	HAS_FAILURE	F_655
C_587	HAS_FAILURE	F_656
C_587	HAS_FAILURE	F_658
C_587	HAS_FAILURE	F_659
C_587	HAS_PART	C_588
C_587	HAS_PART	C_589
C_587	HAS_PART	C_590
C_587	HAS_PART	C_591
C_587	HAS_PART	C_592
C_587	HAS_PART	C_593
C_587	HAS_PART	C_594
C_587	HAS_PART	C_595
C_587	HAS_PART	C_596
C_587	HAS_PART	C_597
C_590	HAS_FAILURE	F_652
C_593	HAS_FAILURE	F_653
C_597	HAS_FAILURE	F_660
C_598	HAS_FAILURE	F_661
C_599	DETECTED_BY	PP_596
C_599	HAS_FAILURE	F_662
C_599	HAS_FAILURE	F_663
C_599	HAS_PART	C_600
C_601	DETECTED_BY	PP_597
C_601	HAS_FAILURE	F_664
C_601	HAS_FAILURE	F_673
C_601	HAS_PART	C_603
C_601	HAS_PART	C_604
C_601	HAS_PART	C_605
C_601	HAS_PART	C_606
C_601	HAS_PART	C_607
C_601	HAS_PART	C_608
C_602	HAS_FAILURE	F_665
C_603	HAS_FAILURE	F_667
C_603	HAS_FAILURE	F_672
C_604	HAS_FAILURE	F_668
C_605	HAS_FAILURE	F_669
C_607	HAS_FAILURE	F_670
C_608	HAS_FAILURE	F_671
C_609	HAS_FAILURE	F_681
C_609	HAS_FAILURE	F_683
C_609	HAS_FAILURE	F_700
C_609	HAS_FAILURE	F_701
C_609	HAS_FAILURE	F_702
C_609	HAS_FAILURE	F_703
C_609	HAS_FAILURE	F_705
C_609	HAS_PART	C_610
C_609	HAS_PART	C_627
C_609	HAS_PART	C_637
C_609	HAS_PART	C_641
C_609	HAS_PART	C_642
C_609	HAS_PART	C_643
C_609	HAS_PART	C_644
C_609	HAS_PART	C_645
C_609	HAS_PART	C_646
C_609	LIMITED_BY	S_1645
C_610	HAS_FAILURE	F_674
C_610	HAS_FAILURE	F_677
C_610	HAS_PART	C_612
C_610	HAS_PART	C_613
C_610	HAS_PART	C_614
C_610	HAS_PART	C_615
C_610	HAS_PART	C_616
C_610	HAS_PART	C_617
C_610	HAS_PART	C_618
C_610	HAS_PART	C_619
C_610	HAS_PART	C_621
C_610	HAS_PART	C_622
C_610	HAS_PART	C_623
C_610	HAS_PART	C_624
C_610	HAS_PART	C_625
C_610	HAS_PART	C_626
C_611	HAS_FAILURE	F_684
C_619	HAS_FAILURE	F_676
C_620	HAS_FAILURE	F_682
C_622	HAS_FAILURE	F_679
C_624	HAS_FAILURE	F_680
C_624	HAS_FAILURE	F_704
C_627	HAS_PART	C_628
C_627	HAS_PART	C_629
C_628	HAS_FAILURE	F_685
C_629	DETECTED_BY	PP_599
C_629	HAS_FAILURE	F_689
C_629	HAS_FAILURE	F_690
C_629	HAS_FAILURE	F_694
C_629	HAS_FAILURE	F_695
C_629	HAS_FAILURE	F_696
C_629	HAS_PART	C_630
C_629	HAS_PART	C_631
C_629	HAS_PART	C_632
C_629	HAS_PART	C_634
C_629	HAS_PART	C_635
C_629	HAS_PART	C_636
C_630	HAS_FAILURE	F_686
C_631	HAS_FAILURE	F_687
C_632	HAS_FAILURE	F_688
C_633	HAS_FAILURE	F_691
C_634	HAS_FAILURE	F_692
C_637	HAS_PART	C_638
C_637	HAS_PART	C_639
C_637	HAS_PART	C_640
C_640	HAS_FAILURE	F_699
C_647	DETECTED_BY	PP_600
C_647	HAS_PART	C_661
C_647	HAS_PART	C_671
C_647	HAS_PART	C_685
C_647	HAS_PART	C_687
C_647	HAS_PART	C_692
C_647	HAS_PART	C_699
C_648	HAS_PART	C_649
C_648	HAS_PART	C_650
C_648	HAS_PART	C_651
C_648	HAS_PART	C_652
C_648	HAS_PART	C_653
C_648	HAS_PART	C_654
C_648	HAS_PART	C_655
C_648	HAS_PART	C_656
C_648	HAS_PART	C_657
C_648	HAS_PART	C_658
C_648	HAS_PART	C_659
C_648	HAS_PART	C_660
C_649	HAS_FAILURE	F_706
C_650	HAS_FAILURE	F_707
C_653	HAS_FAILURE	F_708
C_654	HAS_FAILURE	F_709
C_659	HAS_FAILURE	F_711
C_660	HAS_FAILURE	F_712
C_661	HAS_PART	C_662
C_661	HAS_PART	C_664
C_661	HAS_PART	C_665
C_661	HAS_PART	C_666
C_661	HAS_PART	C_667
C_661	HAS_PART	C_668
C_661	HAS_PART	C_670
C_662	HAS_FAILURE	F_713
C_663	HAS_FAILURE	F_714
C_666	HAS_FAILURE	F_715
C_667	HAS_FAILURE	F_716
C_668	HAS_FAILURE	F_717
C_668	HAS_FAILURE	F_719
C_669	HAS_FAILURE	F_718
C_670	HAS_FAILURE	F_720
C_671	HAS_FAILURE	F_723
C_671	HAS_PART	C_672
C_671	HAS_PART	C_673
C_671	HAS_PART	C_674
C_671	HAS_PART	C_675
C_671	HAS_PART	C_676
C_674	HAS_FAILURE	F_722
C_675	HAS_FAILURE	F_724
C_676	HAS_FAILURE	F_725
C_677	HAS_PART	C_678
C_677	HAS_PART	C_681
C_678	HAS_FAILURE	F_726
C_678	HAS_FAILURE	F_728
C_678	HAS_FAILURE	F_729
C_678	HAS_PART	C_679
C_678	HAS_PART	C_680
C_679	HAS_FAILURE	F_727
C_680	HAS_FAILURE	F_730
C_681	HAS_FAILURE	F_731
C_681	HAS_FAILURE	F_735
C_681	HAS_PART	C_682
C_681	HAS_PART	C_683
C_682	HAS_FAILURE	F_732
C_683	HAS_FAILURE	F_733
C_684	HAS_FAILURE	F_736
C_685	HAS_FAILURE	F_737
C_685	HAS_FAILURE	F_738
C_686	HAS_FAILURE	F_739
C_686	HAS_FAILURE	F_740
C_687	HAS_FAILURE	F_741
C_687	HAS_FAILURE	F_744
C_687	HAS_PART	C_690
C_687	HAS_PART	C_691
C_688	HAS_FAILURE	F_742
C_688	HAS_PART	C_689
C_690	HAS_FAILURE	F_743
C_691	HAS_FAILURE	F_745
C_692	HAS_PART	C_693
C_692	HAS_PART	C_694
C_692	HAS_PART	C_696
C_693	HAS_FAILURE	F_746
C_694	HAS_FAILURE	F_747
C_695	HAS_FAILURE	F_748
C_696	HAS_FAILURE	F_750
C_696	HAS_PART	C_697
C_696	HAS_PART	C_698
C_699	HAS_PART	C_701
C_700	HAS_PART	C_703
C_700	HAS_PART	C_704
C_700	HAS_PART	C_705
C_700	HAS_PART	C_706
C_701	HAS_FAILURE	F_755
C_701	HAS_PART	C_707
C_701	HAS_PART	C_708
C_702	HAS_PART	C_709
C_702	HAS_PART	C_710
C_702	HAS_PART	C_711
C_702	HAS_PART	C_713
C_702	HAS_PART	C_714
C_704	HAS_FAILURE	F_751
C_704	HAS_FAILURE	F_754
C_705	HAS_FAILURE	F_752
C_706	HAS_FAILURE	F_753
C_710	HAS_FAILURE	F_756
C_710	HAS_FAILURE	F_757
C_710	HAS_FAILURE	F_758
C_711	HAS_FAILURE	F_759
C_711	HAS_FAILURE	F_761
C_711	HAS_FAILURE	F_762
C_712	HAS_FAILURE	F_763
C_712	HAS_FAILURE	F_764
C_712	HAS_FAILURE	F_765
C_713	HAS_FAILURE	F_766
C_713	HAS_FAILURE	F_767
C_713	HAS_FAILURE	F_768
C_713	HAS_FAILURE	F_769
C_713	HAS_FAILURE	F_771
C_713	HAS_FAILURE	F_773
C_713	HAS_FAILURE	F_774
C_713	HAS_FAILURE	F_775
C_713	HAS_FAILURE	F_776
C_713	HAS_FAILURE	F_777
C_714	HAS_FAILURE	F_778
C_714	HAS_FAILURE	F_779
C_715	DETECTED_BY	PP_601
C_715	HAS_PART	C_728
C_715	HAS_PART	C_734
C_715	HAS_PART	C_743
C_715	HAS_PART	C_746
C_716	HAS_FAILURE	F_784
C_716	HAS_PART	C_718
C_716	HAS_PART	C_719
C_716	HAS_PART	C_723
C_716	HAS_PART	C_724
C_716	HAS_PART	C_725
C_716	HAS_PART	C_726
C_717	HAS_FAILURE	F_780
C_717	HAS_FAILURE	F_785
C_717	HAS_FAILURE	F_786
C_719	HAS_PART	C_720
C_719	HAS_PART	C_721
C_719	HAS_PART	C_722
C_720	HAS_FAILURE	F_782
C_722	HAS_FAILURE	F_783
C_725	HAS_FAILURE	F_788
C_726	HAS_FAILURE	F_790
C_726	HAS_PART	C_727
C_727	HAS_FAILURE	F_789
C_728	HAS_FAILURE	F_792
C_728	HAS_PART	C_729
C_728	HAS_PART	C_730
C_728	HAS_PART	C_731
C_728	HAS_PART	C_732
C_728	HAS_PART	C_733
C_729	HAS_FAILURE	F_791
C_731	HAS_FAILURE	F_793
C_734	HAS_FAILURE	F_798
C_734	HAS_FAILURE	F_799
C_734	HAS_PART	C_735
C_734	HAS_PART	C_736
C_734	HAS_PART	C_737
C_734	HAS_PART	C_738
C_734	HAS_PART	C_739
C_734	HAS_PART	C_740
C_734	HAS_PART	C_741
C_734	HAS_PART	C_742
C_735	HAS_FAILURE	F_794
C_736	HAS_FAILURE	F_795
C_740	HAS_FAILURE	F_796
C_741	HAS_FAILURE	F_797
C_743	HAS_FAILURE	F_800
C_743	HAS_FAILURE	F_802
C_743	HAS_PART	C_744
C_743	HAS_PART	C_745
C_744	HAS_FAILURE	F_801
C_746	HAS_FAILURE	F_816
C_746	HAS_PART	C_747
C_746	HAS_PART	C_748
C_746	HAS_PART	C_749
C_746	HAS_PART	C_750
C_746	HAS_PART	C_751
C_746	HAS_PART	C_752
C_746	HAS_PART	C_753
C_746	HAS_PART	C_755
C_746	HAS_PART	C_756
C_746	HAS_PART	C_758
C_746	HAS_PART	C_759
C_747	HAS_FAILURE	F_804
C_748	HAS_FAILURE	F_805
C_749	HAS_FAILURE	F_806
C_750	HAS_FAILURE	F_807
C_752	HAS_FAILURE	F_809
C_753	HAS_FAILURE	F_810
C_754	HAS_FAILURE	F_811
C_756	HAS_FAILURE	F_813
C_757	HAS_FAILURE	F_814
C_759	HAS_FAILURE	F_817
C_760	HAS_PART	C_761
C_760	HAS_PART	C_771
C_761	DETECTED_BY	PP_602
C_761	HAS_FAILURE	F_818
C_761	HAS_PART	C_762
C_761	HAS_PART	C_763
C_761	HAS_PART	C_766
C_761	HAS_PART	C_767
C_761	HAS_PART	C_768
C_761	HAS_PART	C_769
C_761	HAS_PART	C_770
C_764	HAS_FAILURE	F_819
C_765	HAS_FAILURE	F_820
C_766	HAS_FAILURE	F_821
C_768	HAS_FAILURE	F_822
C_768	HAS_FAILURE	F_823
C_771	HAS_PART	C_772
C_771	HAS_PART	C_773
C_771	HAS_PART	C_774
C_771	HAS_PART	C_775
C_772	HAS_FAILURE	F_825
C_774	HAS_FAILURE	F_827
C_775	HAS_FAILURE	F_828
C_776	HAS_PART	C_777
C_776	HAS_PART	C_828
C_776	HAS_PART	C_868
C_776	HAS_PART	C_919
C_776	HAS_PART	C_931
C_776	HAS_PART	C_944
C_776	HAS_PART	C_971
C_776	HAS_PART	C_977
C_776	HAS_PART	C_990
C_776	HAS_PART	C_998
C_777	DETECTED_BY	PP_604
C_777	HAS_PART	C_778
C_778	HAS_PART	C_780
C_778	HAS_PART	C_781
C_778	HAS_PART	C_782
C_778	HAS_PART	C_783
C_778	HAS_PART	C_784
C_778	HAS_PART	C_785
C_778	HAS_PART	C_786
C_778	HAS_PART	C_787
C_778	HAS_PART	C_789
C_778	HAS_PART	C_799
C_778	HAS_PART	C_801
C_778	HAS_PART	C_802
C_779	HAS_PART	C_803
C_779	HAS_PART	C_804
C_779	HAS_PART	C_805
C_779	HAS_PART	C_806
C_779	HAS_PART	C_808
C_779	HAS_PART	C_813
C_779	HAS_PART	C_815
C_779	HAS_PART	C_818
C_779	HAS_PART	C_819
C_779	HAS_PART	C_820
C_779	HAS_PART	C_824
C_779	HAS_PART	C_825
C_779	HAS_PART	C_826
C_779	HAS_PART	C_827
C_780	HAS_FAILURE	F_829
C_784	HAS_FAILURE	F_830
C_786	HAS_FAILURE	F_831
C_787	HAS_FAILURE	F_832
C_787	HAS_PART	C_788
C_787	HAS_PART	C_791
C_787	HAS_PART	C_792
C_787	HAS_PART	C_793
C_787	HAS_PART	C_794
C_787	HAS_PART	C_795
C_787	HAS_PART	C_796
C_787	HAS_PART	C_797
C_787	HAS_PART	C_798
C_789	HAS_FAILURE	F_834
C_789	HAS_PART	C_790
C_791	HAS_FAILURE	F_835
C_793	HAS_FAILURE	F_836
C_794	HAS_FAILURE	F_837
C_795	HAS_FAILURE	F_838
C_796	HAS_FAILURE	F_839
C_799	HAS_PART	C_800
C_801	HAS_FAILURE	F_841
C_802	HAS_FAILURE	F_842
C_807	HAS_FAILURE	F_844
C_808	HAS_PART	C_810
C_808	HAS_PART	C_811
C_809	HAS_FAILURE	F_845
C_811	HAS_FAILURE	F_846
C_812	HAS_FAILURE	F_847
C_813	HAS_PART	C_814
C_814	HAS_FAILURE	F_848
C_815	HAS_PART	C_816
C_816	HAS_FAILURE	F_849
C_817	HAS_FAILURE	F_850
C_818	HAS_FAILURE	F_851
C_820	HAS_FAILURE	F_853
C_820	HAS_PART	C_821
C_820	HAS_PART	C_822
C_820	HAS_PART	C_823
C_824	HAS_FAILURE	F_854
C_826	HAS_FAILURE	F_856
C_827	HAS_FAILURE	F_857
C_828	DETECTED_BY	PP_605
C_828	HAS_PART	C_829
C_828	HAS_PART	C_855
C_828	HAS_PART	C_863
C_829	HAS_PART	C_839
C_829	HAS_PART	C_842
C_829	HAS_PART	C_843
C_830	HAS_FAILURE	F_858
C_830	HAS_PART	C_831
C_830	HAS_PART	C_832
C_830	HAS_PART	C_833
C_830	HAS_PART	C_834
C_830	HAS_PART	C_835
C_830	HAS_PART	C_836
C_830	HAS_PART	C_837
C_830	HAS_PART	C_838
C_835	HAS_FAILURE	F_860
C_839	HAS_PART	C_840
C_839	HAS_PART	C_841
C_840	HAS_FAILURE	F_861
C_841	HAS_FAILURE	F_862
C_842	HAS_FAILURE	F_863
C_843	HAS_PART	C_844
C_843	HAS_PART	C_846
C_843	HAS_PART	C_847
C_843	HAS_PART	C_849
C_843	HAS_PART	C_850
C_843	HAS_PART	C_851
C_843	HAS_PART	C_852
C_843	HAS_PART	C_853
C_843	HAS_PART	C_854
C_845	HAS_FAILURE	F_864
C_846	HAS_FAILURE	F_866
C_847	HAS_FAILURE	F_867
C_848	HAS_FAILURE	F_868
C_850	HAS_FAILURE	F_869
C_851	HAS_FAILURE	F_870
C_852	HAS_FAILURE	F_871
C_853	HAS_FAILURE	F_872
C_854	HAS_FAILURE	F_873
C_855	HAS_FAILURE	F_881
C_855	HAS_PART	C_856
C_855	HAS_PART	C_857
C_855	HAS_PART	C_858
C_855	HAS_PART	C_859
C_855	HAS_PART	C_860
C_855	HAS_PART	C_861
C_855	HAS_PART	C_862
C_856	HAS_FAILURE	F_877
C_858	HAS_FAILURE	F_875
C_859	HAS_FAILURE	F_876
C_862	HAS_FAILURE	F_882
C_863	HAS_FAILURE	F_883
C_863	HAS_FAILURE	F_885
C_863	HAS_FAILURE	F_886
C_863	HAS_PART	C_864
C_863	HAS_PART	C_865
C_863	HAS_PART	C_867
C_864	HAS_FAILURE	F_884
C_866	HAS_FAILURE	F_887
C_866	HAS_FAILURE	F_888
C_868	DETECTED_BY	PP_606
C_868	HAS_PART	C_869
C_868	HAS_PART	C_902
C_868	HAS_PART	C_909
C_868	HAS_PART	C_910
C_869	HAS_PART	C_870
C_869	HAS_PART	C_871
C_869	HAS_PART	C_872
C_869	HAS_PART	C_874
C_869	HAS_PART	C_875
C_869	HAS_PART	C_876
C_869	HAS_PART	C_877
C_869	HAS_PART	C_878
C_869	HAS_PART	C_879
C_869	HAS_PART	C_880
C_869	HAS_PART	C_881
C_869	HAS_PART	C_882
C_869	HAS_PART	C_883
C_869	HAS_PART	C_884
C_869	HAS_PART	C_885
C_869	HAS_PART	C_886
C_869	HAS_PART	C_887
C_869	HAS_PART	C_889
C_869	HAS_PART	C_890
C_869	HAS_PART	C_891
C_869	HAS_PART	C_892
C_869	HAS_PART	C_893
C_869	HAS_PART	C_895
C_869	HAS_PART	C_896
C_869	HAS_PART	C_897
C_869	HAS_PART	C_898
C_869	HAS_PART	C_900
C_869	HAS_PART	C_901
C_870	HAS_FAILURE	F_889
C_871	HAS_FAILURE	F_890
C_871	HAS_FAILURE	F_895
C_872	HAS_FAILURE	F_891
C_882	HAS_FAILURE	F_893
C_886	HAS_FAILURE	F_894
C_887	HAS_FAILURE	F_896
C_888	HAS_FAILURE	F_897
C_890	HAS_FAILURE	F_898
C_891	HAS_FAILURE	F_899
C_892	DETECTED_BY	PP_632
C_892	HAS_FAILURE	F_1621
C_892	HAS_FAILURE	F_900
C_892	HAS_PART	C_1529
C_893	HAS_FAILURE	F_901
C_894	HAS_FAILURE	F_902
C_895	HAS_FAILURE	F_903
C_896	HAS_FAILURE	F_904
C_897	HAS_FAILURE	F_905
C_899	HAS_FAILURE	F_906
C_901	HAS_FAILURE	F_907
C_902	HAS_PART	C_903
C_902	HAS_PART	C_904
C_902	HAS_PART	C_906
C_902	HAS_PART	C_907
C_902	HAS_PART	C_908
C_903	HAS_FAILURE	F_908
C_905	HAS_FAILURE	F_909
C_906	HAS_FAILURE	F_910
C_907	HAS_FAILURE	F_911
C_908	HAS_FAILURE	F_912
C_909	HAS_FAILURE	F_913
C_910	HAS_PART	C_912
C_910	HAS_PART	C_913
C_910	HAS_PART	C_914
C_910	HAS_PART	C_918
C_911	HAS_FAILURE	F_914
C_915	HAS_FAILURE	F_917
C_916	HAS_FAILURE	F_918
C_917	HAS_FAILURE	F_919
C_919	DETECTED_BY	PP_607
C_919	HAS_PART	C_920
C_920	HAS_PART	C_921
C_920	HAS_PART	C_922
C_920	HAS_PART	C_923
C_920	HAS_PART	C_924
C_920	HAS_PART	C_925
C_920	HAS_PART	C_926
C_920	HAS_PART	C_927
C_920	HAS_PART	C_928
C_920	HAS_PART	C_929
C_924	HAS_FAILURE	F_921
C_925	HAS_FAILURE	F_922
C_928	HAS_FAILURE	F_923
C_929	HAS_FAILURE	F_924
C_930	HAS_FAILURE	F_926
C_930	HAS_FAILURE	F_927
C_930	HAS_PART	C_968
C_930	HAS_PART	C_969
C_930	HAS_PART	C_970
C_931	DETECTED_BY	PP_608
C_931	HAS_PART	C_932
C_932	HAS_PART	C_933
C_932	HAS_PART	C_934
C_932	HAS_PART	C_935
C_932	HAS_PART	C_936
C_932	HAS_PART	C_943
C_933	HAS_FAILURE	F_929
C_937	HAS_FAILURE	F_931
C_937	HAS_PART	C_938
C_937	HAS_PART	C_939
C_937	HAS_PART	C_940
C_937	HAS_PART	C_941
C_937	HAS_PART	C_942
C_938	HAS_FAILURE	F_932
C_944	DETECTED_BY	PP_609
C_944	HAS_PART	C_945
C_944	HAS_PART	C_949
C_944	HAS_PART	C_960
C_944	HAS_PART	C_964
C_945	HAS_FAILURE	F_934
C_945	HAS_PART	C_946
C_945	HAS_PART	C_948
C_947	HAS_FAILURE	F_935
C_948	HAS_FAILURE	F_936
C_949	HAS_PART	C_950
C_949	HAS_PART	C_951
C_949	HAS_PART	C_954
C_949	HAS_PART	C_955
C_952	HAS_FAILURE	F_937
C_953	HAS_FAILURE	F_938
C_953	HAS_FAILURE	F_940
C_953	HAS_FAILURE	F_941
C_953	HAS_FAILURE	F_942
C_954	HAS_FAILURE	F_939
C_956	HAS_PART	C_957
C_956	HAS_PART	C_958
C_956	HAS_PART	C_959
C_957	HAS_FAILURE	F_943
C_958	HAS_FAILURE	F_944
C_959	HAS_FAILURE	F_945
C_960	HAS_PART	C_961
C_961	HAS_FAILURE	F_946
C_962	HAS_PART	C_963
C_963	HAS_FAILURE	F_947
C_964	HAS_PART	C_966
C_964	HAS_PART	C_967
C_965	HAS_FAILURE	F_949
C_966	HAS_FAILURE	F_950
C_968	HAS_FAILURE	F_925
C_971	DETECTED_BY	PP_610
C_971	HAS_FAILURE	F_951
C_971	HAS_PART	C_972
C_971	HAS_PART	C_973
C_971	HAS_PART	C_974
C_974	HAS_FAILURE	F_952
C_975	HAS_FAILURE	F_953
C_975	HAS_PART	C_976
C_977	DETECTED_BY	PP_611
C_977	HAS_PART	C_978
C_977	HAS_PART	C_981
C_977	HAS_PART	C_984
C_978	HAS_FAILURE	F_954
C_978	HAS_FAILURE	F_955
C_978	HAS_PART	C_979
C_978	HAS_PART	C_980
C_981	HAS_FAILURE	F_956
C_981	HAS_PART	C_982
C_981	HAS_PART	C_983
C_984	HAS_FAILURE	F_958
C_984	HAS_PART	C_985
C_985	HAS_FAILURE	F_957
C_986	HAS_PART	C_987
C_986	HAS_PART	C_988
C_986	HAS_PART	C_989
C_987	HAS_FAILURE	F_959
C_988	HAS_FAILURE	F_960
C_990	DETECTED_BY	PP_613
C_990	HAS_PART	C_991
C_990	HAS_PART	C_995
C_990	HAS_PART	C_996
C_990	HAS_PART	C_997
C_991	HAS_FAILURE	F_961
C_991	HAS_PART	C_992
C_991	HAS_PART	C_993
C_991	HAS_PART	C_994
C_995	HAS_FAILURE	F_962
C_996	HAS_FAILURE	F_963
C_998	HAS_PART	C_1000
C_998	HAS_PART	C_1004
C_998	HAS_PART	C_1009
C_998	HAS_PART	C_1014
C_998	HAS_PART	C_999
F_001	FIXED_BY	PP_005
F_001	LIMITED_BY	S_003
F_001	LIMITED_BY	S_004
F_001	LIMITED_BY	S_005
F_001	LIMITED_BY	S_007
F_001	LIMITED_BY	S_008
F_002	DETECTED_BY	PP_006
F_002	FIXED_BY	PP_006
F_002	LIMITED_BY	S_009
F_003	DETECTED_BY	PP_007
F_003	DETECTED_BY	PP_008
F_003	FIXED_BY	PP_007
F_004	FIXED_BY	PP_009
F_005	DETECTED_BY	PP_010
F_005	FIXED_BY	PP_010
F_005	LIMITED_BY	S_010
F_005	LIMITED_BY	S_011
F_006	DETECTED_BY	PP_011
F_006	LIMITED_BY	S_012
F_006	LIMITED_BY	S_013
F_007	DETECTED_BY	PP_012
F_007	FIXED_BY	PP_012
F_007	LIMITED_BY	S_003
F_007	LIMITED_BY	S_004
F_007	LIMITED_BY	S_005
F_008	DETECTED_BY	PP_015
F_008	LIMITED_BY	S_036
F_008	LIMITED_BY	S_037
F_008	LIMITED_BY	S_038
F_008	LIMITED_BY	S_039
F_008	LIMITED_BY	S_040
F_008	LIMITED_BY	S_041
F_009	DETECTED_BY	PP_014
F_009	FIXED_BY	PP_014
F_009	LIMITED_BY	S_015
F_009	LIMITED_BY	S_017
F_009	LIMITED_BY	S_018
F_009	LIMITED_BY	S_019
F_009	LIMITED_BY	S_020
F_009	LIMITED_BY	S_021
F_009	LIMITED_BY	S_022
F_009	LIMITED_BY	S_023
F_009	LIMITED_BY	S_028
F_009	LIMITED_BY	S_030
F_009	LIMITED_BY	S_031
F_009	LIMITED_BY	S_032
F_009	LIMITED_BY	S_033
F_010	DETECTED_BY	PP_015
F_010	LIMITED_BY	S_035
F_011	DETECTED_BY	PP_016
F_011	FIXED_BY	PP_016
F_011	LIMITED_BY	S_042
F_011	LIMITED_BY	S_043
F_011	LIMITED_BY	S_044
F_011	LIMITED_BY	S_045
F_012	DETECTED_BY	PP_016
F_012	FIXED_BY	PP_016
F_012	LIMITED_BY	S_046
F_012	LIMITED_BY	S_047
F_012	LIMITED_BY	S_056
F_013	DETECTED_BY	PP_016
F_013	FIXED_BY	PP_016
F_013	LIMITED_BY	S_048
F_013	LIMITED_BY	S_049
F_013	LIMITED_BY	S_050
F_013	LIMITED_BY	S_052
F_013	LIMITED_BY	S_053
F_013	LIMITED_BY	S_054
F_013	LIMITED_BY	S_055
F_014	DETECTED_BY	PP_013
F_014	DETECTED_BY	PP_016
F_014	FIXED_BY	PP_016
F_014	LIMITED_BY	S_057
F_014	LIMITED_BY	S_058
F_014	LIMITED_BY	S_059
F_015	DETECTED_BY	PP_017
F_015	FIXED_BY	PP_017
F_015	LIMITED_BY	S_060
F_015	LIMITED_BY	S_061
F_015	LIMITED_BY	S_063
F_015	LIMITED_BY	S_064
F_015	LIMITED_BY	S_065
F_015	LIMITED_BY	S_066
F_015	LIMITED_BY	S_067
F_015	LIMITED_BY	S_068
F_016	DETECTED_BY	PP_017
F_016	FIXED_BY	PP_017
F_016	LIMITED_BY	S_069
F_016	LIMITED_BY	S_070
F_016	LIMITED_BY	S_071
F_016	LIMITED_BY	S_072
F_016	LIMITED_BY	S_073
F_016	LIMITED_BY	S_074
F_016	LIMITED_BY	S_075
F_016	LIMITED_BY	S_076
F_016	LIMITED_BY	S_077
F_017	DETECTED_BY	PP_017
F_017	FIXED_BY	PP_017
F_018	DETECTED_BY	PP_018
F_018	FIXED_BY	PP_018
F_018	LIMITED_BY	S_078
F_018	LIMITED_BY	S_079
F_018	LIMITED_BY	S_080
F_018	LIMITED_BY	S_081
F_019	DETECTED_BY	PP_018
F_019	FIXED_BY	PP_018
F_020	DETECTED_BY	PP_018
F_020	FIXED_BY	PP_018
F_021	DETECTED_BY	PP_019
F_021	FIXED_BY	PP_019
F_021	LIMITED_BY	S_083
F_021	LIMITED_BY	S_084
F_021	LIMITED_BY	S_085
F_021	LIMITED_BY	S_086
F_021	LIMITED_BY	S_087
F_021	LIMITED_BY	S_088
F_021	LIMITED_BY	S_089
F_021	LIMITED_BY	S_090
F_021	LIMITED_BY	S_091
F_021	LIMITED_BY	S_092
F_021	LIMITED_BY	S_093
F_021	LIMITED_BY	S_094
F_021	LIMITED_BY	S_095
F_021	LIMITED_BY	S_096
F_021	LIMITED_BY	S_097
F_021	LIMITED_BY	S_098
F_021	LIMITED_BY	S_109
F_022	FIXED_BY	PP_019
F_023	DETECTED_BY	PP_020
F_023	FIXED_BY	PP_020
F_023	LIMITED_BY	S_100
F_023	LIMITED_BY	S_101
F_024	DETECTED_BY	PP_020
F_024	FIXED_BY	PP_020
F_024	LIMITED_BY	S_102
F_024	LIMITED_BY	S_103
F_024	LIMITED_BY	S_104
F_025	DETECTED_BY	PP_020
F_025	FIXED_BY	PP_020
F_026	LIMITED_BY	S_111
F_027	DETECTED_BY	PP_021
F_027	FIXED_BY	PP_021
F_027	LIMITED_BY	S_112
F_027	LIMITED_BY	S_113
F_027	LIMITED_BY	S_114
F_027	LIMITED_BY	S_115
F_027	LIMITED_BY	S_116
F_028	DETECTED_BY	PP_021
F_028	FIXED_BY	PP_021
F_028	LIMITED_BY	S_117
F_028	LIMITED_BY	S_118
F_029	DETECTED_BY	PP_021
F_029	FIXED_BY	PP_021
F_029	LIMITED_BY	S_119
F_030	DETECTED_BY	PP_021
F_030	FIXED_BY	PP_021
F_031	DETECTED_BY	PP_022
F_031	FIXED_BY	PP_022
F_031	LIMITED_BY	S_121
F_031	LIMITED_BY	S_122
F_032	DETECTED_BY	PP_022
F_032	FIXED_BY	PP_022
F_032	LIMITED_BY	S_123
F_032	LIMITED_BY	S_124
F_032	LIMITED_BY	S_125
F_033	DETECTED_BY	PP_023
F_033	FIXED_BY	PP_023
F_033	LIMITED_BY	S_126
F_033	LIMITED_BY	S_127
F_033	LIMITED_BY	S_128
F_034	DETECTED_BY	PP_023
F_034	FIXED_BY	PP_023
F_034	LIMITED_BY	S_129
F_034	LIMITED_BY	S_130
F_034	LIMITED_BY	S_131
F_035	DETECTED_BY	PP_024
F_035	LIMITED_BY	S_132
F_036	DETECTED_BY	PP_024
F_036	FIXED_BY	PP_024
F_036	LIMITED_BY	S_135
F_036	LIMITED_BY	S_136
F_036	LIMITED_BY	S_137
F_037	DETECTED_BY	PP_024
F_037	FIXED_BY	PP_024
F_037	LIMITED_BY	S_138
F_037	LIMITED_BY	S_139
F_038	DETECTED_BY	PP_025
F_039	DETECTED_BY	PP_025
F_039	FIXED_BY	PP_025
F_039	LIMITED_BY	S_140
F_039	LIMITED_BY	S_141
F_039	LIMITED_BY	S_142
F_040	DETECTED_BY	PP_026
F_040	FIXED_BY	PP_026
F_040	LIMITED_BY	S_147
F_040	LIMITED_BY	S_163
F_040	LIMITED_BY	S_165
F_040	LIMITED_BY	S_167
F_041	DETECTED_BY	PP_026
F_041	FIXED_BY	PP_026
F_041	LIMITED_BY	S_148
F_041	LIMITED_BY	S_150
F_041	LIMITED_BY	S_151
F_041	LIMITED_BY	S_152
F_041	LIMITED_BY	S_153
F_041	LIMITED_BY	S_154
F_041	LIMITED_BY	S_155
F_041	LIMITED_BY	S_156
F_041	LIMITED_BY	S_157
F_041	LIMITED_BY	S_158
F_041	LIMITED_BY	S_159
F_041	LIMITED_BY	S_160
F_041	LIMITED_BY	S_161
F_041	LIMITED_BY	S_162
F_042	DETECTED_BY	PP_027
F_042	FIXED_BY	PP_027
F_042	LIMITED_BY	S_168
F_042	LIMITED_BY	S_169
F_042	LIMITED_BY	S_170
F_043	DETECTED_BY	PP_028
F_043	FIXED_BY	PP_028
F_043	LIMITED_BY	S_171
F_043	LIMITED_BY	S_174
F_043	LIMITED_BY	S_175
F_044	DETECTED_BY	PP_028
F_044	FIXED_BY	PP_028
F_045	DETECTED_BY	PP_029
F_045	FIXED_BY	PP_029
F_045	LIMITED_BY	S_178
F_046	DETECTED_BY	PP_030
F_046	FIXED_BY	PP_030
F_046	LIMITED_BY	S_179
F_046	LIMITED_BY	S_180
F_047	DETECTED_BY	PP_031
F_047	FIXED_BY	PP_031
F_047	LIMITED_BY	S_182
F_047	LIMITED_BY	S_184
F_047	LIMITED_BY	S_185
F_047	LIMITED_BY	S_186
F_048	DETECTED_BY	PP_032
F_048	FIXED_BY	PP_032
F_048	LIMITED_BY	S_188
F_048	LIMITED_BY	S_189
F_049	DETECTED_BY	PP_032
F_049	FIXED_BY	PP_032
F_050	DETECTED_BY	PP_033
F_050	FIXED_BY	PP_033
F_050	LIMITED_BY	S_194
F_050	LIMITED_BY	S_196
F_051	DETECTED_BY	PP_033
F_051	FIXED_BY	PP_033
F_051	LIMITED_BY	S_197
F_051	LIMITED_BY	S_199
F_051	LIMITED_BY	S_200
F_051	LIMITED_BY	S_201
F_051	LIMITED_BY	S_202
F_051	LIMITED_BY	S_204
F_051	LIMITED_BY	S_206
F_051	LIMITED_BY	S_207
F_051	LIMITED_BY	S_208
F_051	LIMITED_BY	S_209
F_051	LIMITED_BY	S_210
F_051	LIMITED_BY	S_211
F_052	DETECTED_BY	PP_034
F_052	FIXED_BY	PP_034
F_052	LIMITED_BY	S_199
F_052	LIMITED_BY	S_212
F_052	LIMITED_BY	S_217
F_052	LIMITED_BY	S_218
F_052	LIMITED_BY	S_219
F_052	LIMITED_BY	S_220
F_052	LIMITED_BY	S_221
F_052	LIMITED_BY	S_222
F_052	LIMITED_BY	S_223
F_052	LIMITED_BY	S_224
F_052	LIMITED_BY	S_225
F_052	LIMITED_BY	S_226
F_052	LIMITED_BY	S_227
F_052	LIMITED_BY	S_229
F_052	LIMITED_BY	S_230
F_052	LIMITED_BY	S_231
F_052	LIMITED_BY	S_232
F_052	LIMITED_BY	S_233
F_053	DETECTED_BY	PP_033
F_053	FIXED_BY	PP_033
F_053	LIMITED_BY	S_197
F_053	LIMITED_BY	S_211
F_053	LIMITED_BY	S_233
F_054	DETECTED_BY	PP_034
F_054	FIXED_BY	PP_034
F_054	LIMITED_BY	S_059
F_054	LIMITED_BY	S_214
F_054	LIMITED_BY	S_215
F_055	DETECTED_BY	PP_034
F_055	LIMITED_BY	S_223
F_055	LIMITED_BY	S_224
F_055	LIMITED_BY	S_225
F_055	LIMITED_BY	S_226
F_056	DETECTED_BY	PP_036
F_056	FIXED_BY	PP_036
F_056	LIMITED_BY	S_234
F_056	LIMITED_BY	S_235
F_057	DETECTED_BY	PP_036
F_057	FIXED_BY	PP_036
F_057	LIMITED_BY	S_237
F_057	LIMITED_BY	S_238
F_057	LIMITED_BY	S_239
F_058	DETECTED_BY	PP_037
F_058	FIXED_BY	PP_037
F_058	LIMITED_BY	S_187
F_058	LIMITED_BY	S_191
F_058	LIMITED_BY	S_192
F_058	LIMITED_BY	S_241
F_058	LIMITED_BY	S_242
F_058	LIMITED_BY	S_243
F_058	LIMITED_BY	S_244
F_058	LIMITED_BY	S_245
F_058	LIMITED_BY	S_247
F_058	LIMITED_BY	S_248
F_058	LIMITED_BY	S_249
F_058	LIMITED_BY	S_250
F_058	LIMITED_BY	S_251
F_058	LIMITED_BY	S_252
F_058	LIMITED_BY	S_253
F_058	LIMITED_BY	S_256
F_058	LIMITED_BY	S_257
F_059	DETECTED_BY	PP_038
F_059	FIXED_BY	PP_038
F_059	LIMITED_BY	S_258
F_060	DETECTED_BY	PP_038
F_061	DETECTED_BY	PP_038
F_061	FIXED_BY	PP_038
F_061	LIMITED_BY	S_259
F_061	LIMITED_BY	S_260
F_061	LIMITED_BY	S_261
F_061	LIMITED_BY	S_263
F_062	DETECTED_BY	PP_038
F_062	FIXED_BY	PP_038
F_062	LIMITED_BY	S_264
F_063	CAUSED_BY	FC_003
F_063	CAUSED_BY	FC_004
F_063	DETECTED_BY	PP_039
F_063	HAS_SYMPTOM	SY_004
F_063	HAS_SYMPTOM	SY_008
F_063	LIMITED_BY	S_266
F_063	LIMITED_BY	S_267
F_063	LIMITED_BY	S_268
F_063	LIMITED_BY	S_269
F_063	LIMITED_BY	S_270
F_063	LIMITED_BY	S_271
F_063	LIMITED_BY	S_272
F_064	CAUSED_BY	FC_002
F_064	DETECTED_BY	PP_040
F_064	FIXED_BY	PP_040
F_064	HAS_SYMPTOM	SY_006
F_064	LIMITED_BY	S_273
F_064	LIMITED_BY	S_274
F_064	LIMITED_BY	S_275
F_064	LIMITED_BY	S_276
F_064	LIMITED_BY	S_277
F_064	LIMITED_BY	S_278
F_064	LIMITED_BY	S_279
F_064	LIMITED_BY	S_280
F_065	CAUSED_BY	FC_004
F_065	DETECTED_BY	PP_040
F_065	FIXED_BY	PP_040
F_065	HAS_SYMPTOM	SY_007
F_065	LIMITED_BY	S_277
F_065	LIMITED_BY	S_279
F_066	CAUSED_BY	FC_002
F_066	DETECTED_BY	PP_041
F_066	HAS_SYMPTOM	SY_007
F_066	LIMITED_BY	S_281
F_066	LIMITED_BY	S_282
F_066	LIMITED_BY	S_284
F_066	LIMITED_BY	S_285
F_066	LIMITED_BY	S_286
F_066	LIMITED_BY	S_287
F_066	LIMITED_BY	S_288
F_067	CAUSED_BY	FC_002
F_067	DETECTED_BY	PP_042
F_067	FIXED_BY	PP_042
F_067	HAS_SYMPTOM	SY_007
F_067	LIMITED_BY	S_003
F_067	LIMITED_BY	S_004
F_067	LIMITED_BY	S_005
F_067	LIMITED_BY	S_006
F_067	LIMITED_BY	S_007
F_067	LIMITED_BY	S_008
F_068	CAUSED_BY	FC_001
F_068	DETECTED_BY	PP_043
F_068	HAS_SYMPTOM	SY_001
F_068	HAS_SYMPTOM	SY_002
F_068	LIMITED_BY	S_289
F_068	LIMITED_BY	S_290
F_068	LIMITED_BY	S_291
F_068	LIMITED_BY	S_292
F_069	DETECTED_BY	PP_043
F_070	DETECTED_BY	PP_043
F_070	HAS_SYMPTOM	SY_006
F_071	CAUSED_BY	FC_002
F_071	DETECTED_BY	PP_043
F_071	HAS_SYMPTOM	SY_003
F_071	HAS_SYMPTOM	SY_006
F_071	LIMITED_BY	S_293
F_071	LIMITED_BY	S_294
F_071	LIMITED_BY	S_295
F_071	LIMITED_BY	S_297
F_071	LIMITED_BY	S_298
F_071	LIMITED_BY	S_299
F_071	LIMITED_BY	S_300
F_072	DETECTED_BY	PP_044
F_072	HAS_SYMPTOM	SY_001
F_073	CAUSED_BY	FC_001
F_073	HAS_SYMPTOM	SY_001
F_073	LIMITED_BY	S_302
F_073	LIMITED_BY	S_303
F_074	CAUSED_BY	FC_001
F_074	DETECTED_BY	PP_044
F_074	HAS_SYMPTOM	SY_001
F_074	LIMITED_BY	S_304
F_075	CAUSED_BY	FC_001
F_075	DETECTED_BY	PP_044
F_075	HAS_SYMPTOM	SY_001
F_076	CAUSED_BY	FC_001
F_076	DETECTED_BY	PP_044
F_076	HAS_SYMPTOM	SY_001
F_077	CAUSED_BY	FC_006
F_077	DETECTED_BY	PP_044
F_077	HAS_SYMPTOM	SY_006
F_078	CAUSED_BY	FC_002
F_078	DETECTED_BY	PP_044
F_078	HAS_SYMPTOM	SY_003
F_078	HAS_SYMPTOM	SY_006
F_078	LIMITED_BY	S_306
F_078	LIMITED_BY	S_309
F_078	LIMITED_BY	S_310
F_078	LIMITED_BY	S_311
F_078	LIMITED_BY	S_312
F_078	LIMITED_BY	S_313
F_078	LIMITED_BY	S_314
F_079	CAUSED_BY	FC_006
F_079	DETECTED_BY	PP_045
F_079	HAS_SYMPTOM	SY_005
F_080	CAUSED_BY	FC_002
F_080	DETECTED_BY	PP_045
F_080	HAS_SYMPTOM	SY_003
F_080	LIMITED_BY	S_315
F_081	CAUSED_BY	FC_006
F_081	DETECTED_BY	PP_045
F_081	LIMITED_BY	S_316
F_081	LIMITED_BY	S_317
F_081	LIMITED_BY	S_319
F_082	CAUSED_BY	FC_004
F_082	DETECTED_BY	PP_045
F_082	HAS_SYMPTOM	SY_008
F_083	DETECTED_BY	PP_045
F_083	HAS_SYMPTOM	SY_006
F_083	LIMITED_BY	S_320
F_083	LIMITED_BY	S_322
F_083	LIMITED_BY	S_323
F_083	LIMITED_BY	S_324
F_083	LIMITED_BY	S_325
F_083	LIMITED_BY	S_326
F_083	LIMITED_BY	S_328
F_083	LIMITED_BY	S_329
F_083	LIMITED_BY	S_330
F_083	LIMITED_BY	S_331
F_083	LIMITED_BY	S_332
F_083	LIMITED_BY	S_333
F_083	LIMITED_BY	S_334
F_083	LIMITED_BY	S_335
F_083	LIMITED_BY	S_337
F_084	CAUSED_BY	FC_004
F_084	DETECTED_BY	PP_045
F_084	HAS_SYMPTOM	SY_008
F_085	CAUSED_BY	FC_002
F_085	DETECTED_BY	PP_045
F_085	HAS_SYMPTOM	SY_007
F_086	CAUSED_BY	FC_005
F_086	DETECTED_BY	PP_045
F_086	HAS_SYMPTOM	SY_005
F_086	LIMITED_BY	S_338
F_087	DETECTED_BY	PP_046
F_087	FIXED_BY	PP_046
F_087	LIMITED_BY	S_339
F_087	LIMITED_BY	S_340
F_087	LIMITED_BY	S_341
F_088	DETECTED_BY	PP_046
F_088	FIXED_BY	PP_046
F_088	LIMITED_BY	S_344
F_089	DETECTED_BY	PP_046
F_089	FIXED_BY	PP_046
F_090	DETECTED_BY	PP_046
F_090	LIMITED_BY	S_345
F_091	DETECTED_BY	PP_046
F_091	LIMITED_BY	S_346
F_091	LIMITED_BY	S_347
F_091	LIMITED_BY	S_348
F_091	LIMITED_BY	S_349
F_092	DETECTED_BY	PP_047
F_092	LIMITED_BY	S_352
F_093	DETECTED_BY	PP_047
F_094	DETECTED_BY	PP_047
F_094	LIMITED_BY	S_351
F_095	DETECTED_BY	PP_048
F_095	FIXED_BY	PP_048
F_096	DETECTED_BY	PP_049
F_096	FIXED_BY	PP_049
F_097	DETECTED_BY	PP_049
F_097	LIMITED_BY	S_353
F_098	DETECTED_BY	PP_050
F_098	FIXED_BY	PP_050
F_099	DETECTED_BY	PP_050
F_099	FIXED_BY	PP_050
F_099	LIMITED_BY	S_354
F_099	LIMITED_BY	S_355
F_100	FIXED_BY	PP_050
F_101	DETECTED_BY	PP_051
F_101	FIXED_BY	PP_051
F_102	DETECTED_BY	PP_051
F_102	FIXED_BY	PP_051
F_103	FIXED_BY	PP_051
F_103	LIMITED_BY	S_357
F_104	DETECTED_BY	PP_051
F_104	FIXED_BY	PP_051
F_104	LIMITED_BY	S_356
F_105	DETECTED_BY	PP_051
F_105	FIXED_BY	PP_051
F_105	LIMITED_BY	S_358
F_106	DETECTED_BY	PP_053
F_106	FIXED_BY	PP_053
F_107	DETECTED_BY	PP_053
F_107	FIXED_BY	PP_053
F_108	DETECTED_BY	PP_053
F_108	FIXED_BY	PP_053
F_109	FIXED_BY	PP_053
F_109	LIMITED_BY	S_359
F_110	DETECTED_BY	PP_052
F_110	FIXED_BY	PP_052
F_111	DETECTED_BY	PP_052
F_112	FIXED_BY	PP_052
F_113	DETECTED_BY	PP_054
F_113	FIXED_BY	PP_054
F_1138	DETECTED_BY	PP_276
F_1138	FIXED_BY	PP_270
F_1138	LIMITED_BY	S_1118
F_1139	FIXED_BY	PP_270
F_1139	HAS_SYMPTOM	SY_006
F_1139	HAS_SYMPTOM	SY_010
F_1139	LIMITED_BY	S_1119
F_114	DETECTED_BY	PP_054
F_114	FIXED_BY	PP_054
F_114	LIMITED_BY	S_361
F_1140	DETECTED_BY	PP_276
F_1140	FIXED_BY	PP_270
F_1140	HAS_SYMPTOM	SY_009
F_1141	DETECTED_BY	PP_276
F_1141	HAS_SYMPTOM	SY_012
F_1142	DETECTED_BY	PP_276
F_1142	FIXED_BY	PP_270
F_1143	DETECTED_BY	PP_276
F_1143	FIXED_BY	PP_270
F_1143	HAS_SYMPTOM	SY_010
F_1143	HAS_SYMPTOM	SY_011
F_1144	DETECTED_BY	PP_276
F_1144	FIXED_BY	PP_270
F_1144	LIMITED_BY	S_1121
F_1145	DETECTED_BY	PP_276
F_1145	FIXED_BY	PP_270
F_1145	LIMITED_BY	S_1123
F_1146	DETECTED_BY	PP_276
F_1146	FIXED_BY	PP_270
F_1146	HAS_SYMPTOM	SY_001
F_1146	HAS_SYMPTOM	SY_011
F_115	FIXED_BY	PP_054
F_116	DETECTED_BY	PP_055
F_116	FIXED_BY	PP_055
F_117	DETECTED_BY	PP_055
F_117	FIXED_BY	PP_055
F_117	LIMITED_BY	S_003
F_117	LIMITED_BY	S_005
F_117	LIMITED_BY	S_006
F_117	LIMITED_BY	S_007
F_117	LIMITED_BY	S_008
F_118	DETECTED_BY	PP_055
F_118	FIXED_BY	PP_055
F_119	DETECTED_BY	PP_055
F_119	FIXED_BY	PP_055
F_120	DETECTED_BY	PP_055
F_120	FIXED_BY	PP_055
F_120	LIMITED_BY	S_363
F_120	LIMITED_BY	S_364
F_120	LIMITED_BY	S_365
F_120	LIMITED_BY	S_366
F_121	DETECTED_BY	PP_055
F_121	FIXED_BY	PP_055
F_122	LIMITED_BY	S_367
F_122	LIMITED_BY	S_368
F_123	DETECTED_BY	PP_059
F_123	FIXED_BY	PP_059
F_123	LIMITED_BY	S_369
F_123	LIMITED_BY	S_370
F_123	LIMITED_BY	S_371
F_123	LIMITED_BY	S_372
F_123	LIMITED_BY	S_373
F_123	LIMITED_BY	S_374
F_123	LIMITED_BY	S_376
F_123	LIMITED_BY	S_386
F_123	LIMITED_BY	S_387
F_123	LIMITED_BY	S_388
F_123	LIMITED_BY	S_389
F_124	DETECTED_BY	PP_058
F_124	FIXED_BY	PP_058
F_124	LIMITED_BY	S_377
F_124	LIMITED_BY	S_378
F_124	LIMITED_BY	S_379
F_124	LIMITED_BY	S_381
F_125	DETECTED_BY	PP_057
F_125	LIMITED_BY	S_382
F_126	DETECTED_BY	PP_057
F_126	FIXED_BY	PP_057
F_126	LIMITED_BY	S_383
F_127	FIXED_BY	PP_056
F_127	LIMITED_BY	S_385
F_128	DETECTED_BY	PP_057
F_128	FIXED_BY	PP_057
F_128	LIMITED_BY	S_384
F_129	DETECTED_BY	PP_060
F_129	LIMITED_BY	S_386
F_129	LIMITED_BY	S_387
F_129	LIMITED_BY	S_389
F_129	LIMITED_BY	S_396
F_129	LIMITED_BY	S_407
F_129	LIMITED_BY	S_408
F_129	LIMITED_BY	S_409
F_129	LIMITED_BY	S_410
F_129	LIMITED_BY	S_411
F_129	LIMITED_BY	S_412
F_129	LIMITED_BY	S_413
F_129	LIMITED_BY	S_414
F_129	LIMITED_BY	S_415
F_129	LIMITED_BY	S_416
F_129	LIMITED_BY	S_417
F_129	LIMITED_BY	S_418
F_129	LIMITED_BY	S_419
F_129	LIMITED_BY	S_420
F_129	LIMITED_BY	S_421
F_129	LIMITED_BY	S_422
F_129	LIMITED_BY	S_423
F_129	LIMITED_BY	S_424
F_129	LIMITED_BY	S_425
F_129	LIMITED_BY	S_426
F_129	LIMITED_BY	S_427
F_129	LIMITED_BY	S_428
F_129	LIMITED_BY	S_429
F_129	LIMITED_BY	S_430
F_129	LIMITED_BY	S_431
F_129	LIMITED_BY	S_432
F_129	LIMITED_BY	S_433
F_129	LIMITED_BY	S_434
F_129	LIMITED_BY	S_435
F_129	LIMITED_BY	S_436
F_129	LIMITED_BY	S_437
F_129	LIMITED_BY	S_438
F_129	LIMITED_BY	S_439
F_129	LIMITED_BY	S_440
F_129	LIMITED_BY	S_441
F_129	LIMITED_BY	S_442
F_129	LIMITED_BY	S_443
F_129	LIMITED_BY	S_444
F_129	LIMITED_BY	S_445
F_129	LIMITED_BY	S_446
F_129	LIMITED_BY	S_447
F_129	LIMITED_BY	S_448
F_129	LIMITED_BY	S_449
F_129	LIMITED_BY	S_450
F_129	LIMITED_BY	S_451
F_129	LIMITED_BY	S_452
F_129	LIMITED_BY	S_453
F_129	LIMITED_BY	S_454
F_129	LIMITED_BY	S_455
F_129	LIMITED_BY	S_456
F_129	LIMITED_BY	S_457
F_129	LIMITED_BY	S_458
F_129	LIMITED_BY	S_459
F_129	LIMITED_BY	S_460
F_129	LIMITED_BY	S_461
F_129	LIMITED_BY	S_462
F_129	LIMITED_BY	S_463
F_129	LIMITED_BY	S_464
F_129	LIMITED_BY	S_465
F_129	LIMITED_BY	S_466
F_129	LIMITED_BY	S_467
F_129	LIMITED_BY	S_468
F_129	LIMITED_BY	S_469
F_129	LIMITED_BY	S_470
F_129	LIMITED_BY	S_471
F_129	LIMITED_BY	S_472
F_129	LIMITED_BY	S_473
F_129	LIMITED_BY	S_474
F_129	LIMITED_BY	S_475
F_129	LIMITED_BY	S_476
F_129	LIMITED_BY	S_477
F_129	LIMITED_BY	S_478
F_129	LIMITED_BY	S_479
F_129	LIMITED_BY	S_480
F_129	LIMITED_BY	S_481
F_129	LIMITED_BY	S_482
F_129	LIMITED_BY	S_483
F_129	LIMITED_BY	S_484
F_129	LIMITED_BY	S_485
F_129	LIMITED_BY	S_486
F_129	LIMITED_BY	S_487
F_129	LIMITED_BY	S_488
F_129	LIMITED_BY	S_489
F_129	LIMITED_BY	S_490
F_129	LIMITED_BY	S_491
F_129	LIMITED_BY	S_492
F_129	LIMITED_BY	S_493
F_129	LIMITED_BY	S_494
F_129	LIMITED_BY	S_495
F_129	LIMITED_BY	S_496
F_129	LIMITED_BY	S_497
F_129	LIMITED_BY	S_498
F_129	LIMITED_BY	S_499
F_129	LIMITED_BY	S_500
F_129	LIMITED_BY	S_501
F_129	LIMITED_BY	S_502
F_129	LIMITED_BY	S_503
F_129	LIMITED_BY	S_504
F_129	LIMITED_BY	S_505
F_129	LIMITED_BY	S_506
F_129	LIMITED_BY	S_507
F_129	LIMITED_BY	S_508
F_129	LIMITED_BY	S_509
F_129	LIMITED_BY	S_510
F_129	LIMITED_BY	S_511
F_129	LIMITED_BY	S_512
F_129	LIMITED_BY	S_513
F_129	LIMITED_BY	S_514
F_129	LIMITED_BY	S_515
F_129	LIMITED_BY	S_516
F_129	LIMITED_BY	S_517
F_129	LIMITED_BY	S_518
F_129	LIMITED_BY	S_519
F_129	LIMITED_BY	S_520
F_129	LIMITED_BY	S_521
F_129	LIMITED_BY	S_522
F_129	LIMITED_BY	S_523
F_129	LIMITED_BY	S_524
F_129	LIMITED_BY	S_525
F_129	LIMITED_BY	S_526
F_129	LIMITED_BY	S_527
F_129	LIMITED_BY	S_528
F_129	LIMITED_BY	S_529
F_129	LIMITED_BY	S_530
F_129	LIMITED_BY	S_531
F_129	LIMITED_BY	S_532
F_129	LIMITED_BY	S_533
F_129	LIMITED_BY	S_534
F_130	DETECTED_BY	PP_060
F_130	FIXED_BY	PP_060
F_131	DETECTED_BY	PP_060
F_131	FIXED_BY	PP_060
F_131	LIMITED_BY	S_391
F_132	DETECTED_BY	PP_060
F_132	FIXED_BY	PP_035
F_132	FIXED_BY	PP_060
F_133	DETECTED_BY	PP_060
F_133	FIXED_BY	PP_060
F_133	LIMITED_BY	S_392
F_133	LIMITED_BY	S_393
F_134	DETECTED_BY	PP_060
F_134	FIXED_BY	PP_060
F_135	DETECTED_BY	PP_060
F_135	LIMITED_BY	S_170
F_136	DETECTED_BY	PP_061
F_136	LIMITED_BY	S_397
F_137	FIXED_BY	PP_061
F_137	LIMITED_BY	S_398
F_138	FIXED_BY	PP_061
F_138	LIMITED_BY	S_399
F_139	DETECTED_BY	PP_061
F_139	FIXED_BY	PP_061
F_140	DETECTED_BY	PP_061
F_140	FIXED_BY	PP_061
F_140	LIMITED_BY	S_401
F_140	LIMITED_BY	S_402
F_141	DETECTED_BY	PP_061
F_141	FIXED_BY	PP_061
F_141	LIMITED_BY	S_403
F_141	LIMITED_BY	S_404
F_142	DETECTED_BY	PP_061
F_142	FIXED_BY	PP_061
F_142	LIMITED_BY	S_405
F_143	DETECTED_BY	PP_061
F_143	FIXED_BY	PP_061
F_143	LIMITED_BY	S_406
F_144	DETECTED_BY	PP_062
F_144	FIXED_BY	PP_062
F_145	DETECTED_BY	PP_063
F_145	FIXED_BY	PP_063
F_145	LIMITED_BY	S_535
F_1457	FIXED_BY	PP_003
F_1457	LIMITED_BY	S_001
F_1458	FIXED_BY	PP_004
F_1458	LIMITED_BY	S_002
F_1459	FIXED_BY	PP_001
F_146	DETECTED_BY	PP_063
F_146	FIXED_BY	PP_063
F_146	LIMITED_BY	S_536
F_146	LIMITED_BY	S_537
F_1460	FIXED_BY	PP_002
F_1461	FIXED_BY	PP_328
F_1462	FIXED_BY	PP_329
F_1463	DETECTED_BY	PP_336
F_1463	FIXED_BY	PP_336
F_1463	LIMITED_BY	S_1124
F_1463	LIMITED_BY	S_1125
F_1464	DETECTED_BY	PP_336
F_1464	FIXED_BY	PP_336
F_1465	DETECTED_BY	PP_337
F_1465	FIXED_BY	PP_337
F_1466	DETECTED_BY	PP_337
F_1466	FIXED_BY	PP_337
F_1467	DETECTED_BY	PP_337
F_1467	FIXED_BY	PP_337
F_1468	DETECTED_BY	PP_337
F_1468	FIXED_BY	PP_337
F_1469	DETECTED_BY	PP_337
F_1469	FIXED_BY	PP_337
F_147	DETECTED_BY	PP_063
F_147	FIXED_BY	PP_063
F_147	LIMITED_BY	S_538
F_147	LIMITED_BY	S_539
F_1470	DETECTED_BY	PP_337
F_1470	FIXED_BY	PP_337
F_1471	DETECTED_BY	PP_337
F_1471	FIXED_BY	PP_337
F_1472	DETECTED_BY	PP_337
F_1472	FIXED_BY	PP_337
F_1473	DETECTED_BY	PP_337
F_1473	FIXED_BY	PP_337
F_1474	DETECTED_BY	PP_337
F_1474	FIXED_BY	PP_337
F_1475	DETECTED_BY	PP_337
F_1475	FIXED_BY	PP_337
F_1476	DETECTED_BY	PP_337
F_1476	FIXED_BY	PP_337
F_1477	DETECTED_BY	PP_337
F_1477	FIXED_BY	PP_337
F_1478	DETECTED_BY	PP_337
F_1478	FIXED_BY	PP_337
F_1479	DETECTED_BY	PP_337
F_1479	FIXED_BY	PP_337
F_148	DETECTED_BY	PP_063
F_148	FIXED_BY	PP_063
F_148	LIMITED_BY	S_540
F_148	LIMITED_BY	S_541
F_148	LIMITED_BY	S_542
F_1480	DETECTED_BY	PP_337
F_1480	FIXED_BY	PP_337
F_1481	DETECTED_BY	PP_337
F_1481	FIXED_BY	PP_337
F_1482	DETECTED_BY	PP_337
F_1482	FIXED_BY	PP_337
F_1483	DETECTED_BY	PP_337
F_1483	FIXED_BY	PP_337
F_1484	DETECTED_BY	PP_337
F_1485	DETECTED_BY	PP_337
F_1485	FIXED_BY	PP_337
F_1486	DETECTED_BY	PP_337
F_1486	FIXED_BY	PP_337
F_1487	FIXED_BY	PP_337
F_1488	DETECTED_BY	PP_337
F_1488	FIXED_BY	PP_337
F_1489	DETECTED_BY	PP_337
F_149	FIXED_BY	PP_063
F_149	LIMITED_BY	S_543
F_149	LIMITED_BY	S_544
F_149	LIMITED_BY	S_545
F_1490	DETECTED_BY	PP_337
F_1491	DETECTED_BY	PP_337
F_1492	DETECTED_BY	PP_337
F_1493	DETECTED_BY	PP_337
F_1494	DETECTED_BY	PP_337
F_1495	DETECTED_BY	PP_338
F_1495	FIXED_BY	PP_338
F_1496	FIXED_BY	PP_338
F_1497	DETECTED_BY	PP_338
F_1498	DETECTED_BY	PP_338
F_1498	FIXED_BY	PP_338
F_1499	DETECTED_BY	PP_338
F_1499	FIXED_BY	PP_338
F_150	DETECTED_BY	PP_063
F_150	FIXED_BY	PP_063
F_150	LIMITED_BY	S_546
F_150	LIMITED_BY	S_548
F_1500	DETECTED_BY	PP_339
F_1500	FIXED_BY	PP_339
F_1501	FIXED_BY	PP_339
F_1502	DETECTED_BY	PP_339
F_1502	FIXED_BY	PP_339
F_1503	DETECTED_BY	PP_340
F_1503	FIXED_BY	PP_340
F_1504	DETECTED_BY	PP_340
F_1505	DETECTED_BY	PP_340
F_1505	FIXED_BY	PP_340
F_1506	DETECTED_BY	PP_340
F_1506	FIXED_BY	PP_340
F_1507	FIXED_BY	PP_340
F_1508	DETECTED_BY	PP_341
F_1508	FIXED_BY	PP_341
F_1509	DETECTED_BY	PP_341
F_151	DETECTED_BY	PP_064
F_151	FIXED_BY	PP_064
F_1510	DETECTED_BY	PP_341
F_1510	FIXED_BY	PP_341
F_1511	DETECTED_BY	PP_342
F_1511	FIXED_BY	PP_342
F_1512	DETECTED_BY	PP_342
F_1513	DETECTED_BY	PP_342
F_1513	FIXED_BY	PP_342
F_1514	DETECTED_BY	PP_342
F_1514	FIXED_BY	PP_342
F_1515	DETECTED_BY	PP_343
F_1515	FIXED_BY	PP_343
F_1516	DETECTED_BY	PP_343
F_1516	FIXED_BY	PP_343
F_1517	DETECTED_BY	PP_343
F_1518	DETECTED_BY	PP_343
F_1518	FIXED_BY	PP_343
F_1519	DETECTED_BY	PP_330
F_1519	FIXED_BY	PP_330
F_152	DETECTED_BY	PP_064
F_152	FIXED_BY	PP_064
F_1520	DETECTED_BY	PP_330
F_1520	FIXED_BY	PP_330
F_1521	DETECTED_BY	PP_331
F_1521	LIMITED_BY	S_1133
F_1522	DETECTED_BY	PP_331
F_1522	FIXED_BY	PP_331
F_1522	LIMITED_BY	S_1136
F_1523	DETECTED_BY	PP_331
F_1523	LIMITED_BY	S_1134
F_1524	DETECTED_BY	PP_331
F_1524	FIXED_BY	PP_331
F_1524	LIMITED_BY	S_1135
F_1525	DETECTED_BY	PP_331
F_1525	FIXED_BY	PP_331
F_1525	LIMITED_BY	S_1137
F_1526	FIXED_BY	PP_331
F_1527	DETECTED_BY	PP_331
F_1527	FIXED_BY	PP_331
F_1528	DETECTED_BY	PP_331
F_1528	FIXED_BY	PP_331
F_1529	DETECTED_BY	PP_331
F_1529	FIXED_BY	PP_331
F_153	DETECTED_BY	PP_064
F_153	FIXED_BY	PP_064
F_1530	DETECTED_BY	PP_330
F_1530	FIXED_BY	PP_330
F_1530	LIMITED_BY	S_1130
F_1531	DETECTED_BY	PP_331
F_1531	FIXED_BY	PP_331
F_1531	LIMITED_BY	S_1132
F_1532	DETECTED_BY	PP_335
F_1532	FIXED_BY	PP_335
F_1533	DETECTED_BY	PP_335
F_1533	FIXED_BY	PP_335
F_1534	DETECTED_BY	PP_335
F_1534	FIXED_BY	PP_335
F_1534	LIMITED_BY	S_1139
F_1535	DETECTED_BY	PP_335
F_1535	FIXED_BY	PP_335
F_1535	LIMITED_BY	S_1140
F_1536	DETECTED_BY	PP_345
F_1536	FIXED_BY	PP_345
F_1537	DETECTED_BY	PP_345
F_1538	DETECTED_BY	PP_345
F_1538	FIXED_BY	PP_345
F_154	FIXED_BY	PP_065
F_1540	DETECTED_BY	PP_346
F_1540	FIXED_BY	PP_346
F_1542	DETECTED_BY	PP_330
F_1542	FIXED_BY	PP_330
F_1542	LIMITED_BY	S_1126
F_1543	DETECTED_BY	PP_330
F_1543	FIXED_BY	PP_330
F_1543	LIMITED_BY	S_1127
F_1544	DETECTED_BY	PP_330
F_1544	FIXED_BY	PP_330
F_1544	LIMITED_BY	S_1128
F_1545	DETECTED_BY	PP_330
F_1545	FIXED_BY	PP_330
F_1545	LIMITED_BY	S_1129
F_1546	DETECTED_BY	PP_344
F_1546	FIXED_BY	PP_344
F_1547	FIXED_BY	PP_344
F_1548	DETECTED_BY	PP_344
F_1548	FIXED_BY	PP_344
F_1549	DETECTED_BY	PP_344
F_1549	FIXED_BY	PP_344
F_155	DETECTED_BY	PP_065
F_155	FIXED_BY	PP_065
F_1550	DETECTED_BY	PP_344
F_1550	FIXED_BY	PP_344
F_1551	DETECTED_BY	PP_340
F_1551	FIXED_BY	PP_340
F_1552	DETECTED_BY	PP_340
F_1552	FIXED_BY	PP_340
F_1553	DETECTED_BY	PP_340
F_1553	FIXED_BY	PP_340
F_1554	DETECTED_BY	PP_340
F_1555	DETECTED_BY	PP_340
F_1555	FIXED_BY	PP_340
F_1556	DETECTED_BY	PP_340
F_1557	DETECTED_BY	PP_341
F_1557	FIXED_BY	PP_341
F_1558	DETECTED_BY	PP_341
F_1558	FIXED_BY	PP_341
F_1559	DETECTED_BY	PP_341
F_156	DETECTED_BY	PP_066
F_156	FIXED_BY	PP_066
F_1560	DETECTED_BY	PP_341
F_1560	FIXED_BY	PP_341
F_1561	DETECTED_BY	PP_341
F_1561	FIXED_BY	PP_341
F_1562	DETECTED_BY	PP_341
F_1563	DETECTED_BY	PP_341
F_1563	FIXED_BY	PP_341
F_1564	DETECTED_BY	PP_341
F_1564	FIXED_BY	PP_341
F_1565	DETECTED_BY	PP_341
F_1565	FIXED_BY	PP_341
F_1566	DETECTED_BY	PP_341
F_1566	FIXED_BY	PP_341
F_1567	DETECTED_BY	PP_342
F_1567	FIXED_BY	PP_342
F_1568	FIXED_BY	PP_342
F_1569	DETECTED_BY	PP_342
F_1569	FIXED_BY	PP_342
F_157	DETECTED_BY	PP_066
F_157	FIXED_BY	PP_066
F_157	LIMITED_BY	S_549
F_1570	DETECTED_BY	PP_342
F_1570	FIXED_BY	PP_342
F_1571	DETECTED_BY	PP_342
F_1571	FIXED_BY	PP_342
F_1572	FIXED_BY	PP_342
F_1573	DETECTED_BY	PP_342
F_1573	FIXED_BY	PP_342
F_1574	FIXED_BY	PP_342
F_1575	DETECTED_BY	PP_342
F_1575	FIXED_BY	PP_342
F_1576	DETECTED_BY	PP_330
F_1576	FIXED_BY	PP_330
F_1577	DETECTED_BY	PP_347
F_1577	FIXED_BY	PP_347
F_1578	DETECTED_BY	PP_347
F_1578	FIXED_BY	PP_347
F_1579	DETECTED_BY	PP_347
F_1579	FIXED_BY	PP_347
F_158	DETECTED_BY	PP_066
F_158	FIXED_BY	PP_066
F_1580	DETECTED_BY	PP_348
F_1580	FIXED_BY	PP_348
F_1581	DETECTED_BY	PP_348
F_1581	FIXED_BY	PP_348
F_1582	DETECTED_BY	PP_348
F_1582	FIXED_BY	PP_348
F_1583	DETECTED_BY	PP_348
F_1583	FIXED_BY	PP_348
F_1584	DETECTED_BY	PP_348
F_1584	FIXED_BY	PP_348
F_1585	DETECTED_BY	PP_348
F_1585	FIXED_BY	PP_348
F_1586	DETECTED_BY	PP_349
F_1586	FIXED_BY	PP_349
F_1587	DETECTED_BY	PP_349
F_1587	FIXED_BY	PP_349
F_1587	LIMITED_BY	S_1142
F_1588	DETECTED_BY	PP_349
F_1588	FIXED_BY	PP_349
F_1589	DETECTED_BY	PP_349
F_1589	FIXED_BY	PP_349
F_159	DETECTED_BY	PP_067
F_159	FIXED_BY	PP_067
F_159	LIMITED_BY	S_550
F_1590	DETECTED_BY	PP_349
F_1590	FIXED_BY	PP_349
F_1591	FIXED_BY	PP_349
F_1592	DETECTED_BY	PP_349
F_1592	FIXED_BY	PP_349
F_1593	DETECTED_BY	PP_349
F_1593	FIXED_BY	PP_349
F_1594	DETECTED_BY	PP_349
F_1594	FIXED_BY	PP_349
F_1595	DETECTED_BY	PP_349
F_1595	FIXED_BY	PP_349
F_1595	LIMITED_BY	S_1143
F_1595	LIMITED_BY	S_1144
F_1596	DETECTED_BY	PP_349
F_1596	FIXED_BY	PP_349
F_1597	DETECTED_BY	PP_349
F_1597	FIXED_BY	PP_349
F_1598	DETECTED_BY	PP_349
F_1598	LIMITED_BY	S_1145
F_1599	DETECTED_BY	PP_349
F_160	FIXED_BY	PP_067
F_1600	DETECTED_BY	PP_349
F_1601	DETECTED_BY	PP_349
F_1601	FIXED_BY	PP_349
F_1602	DETECTED_BY	PP_349
F_1602	FIXED_BY	PP_349
F_1603	DETECTED_BY	PP_349
F_1603	FIXED_BY	PP_349
F_1604	DETECTED_BY	PP_349
F_1604	FIXED_BY	PP_349
F_1605	DETECTED_BY	PP_350
F_1605	FIXED_BY	PP_350
F_1606	DETECTED_BY	PP_350
F_1606	FIXED_BY	PP_350
F_1606	LIMITED_BY	S_1146
F_1607	FIXED_BY	PP_350
F_1607	LIMITED_BY	S_1147
F_1608	DETECTED_BY	PP_350
F_1609	DETECTED_BY	PP_350
F_161	DETECTED_BY	PP_067
F_161	FIXED_BY	PP_067
F_161	LIMITED_BY	S_552
F_161	LIMITED_BY	S_553
F_1610	DETECTED_BY	PP_350
F_1610	FIXED_BY	PP_350
F_1610	LIMITED_BY	S_1148
F_1611	DETECTED_BY	PP_350
F_1611	FIXED_BY	PP_350
F_1612	DETECTED_BY	PP_351
F_1612	FIXED_BY	PP_351
F_1612	LIMITED_BY	S_1150
F_1612	LIMITED_BY	S_1151
F_1612	LIMITED_BY	S_1152
F_1612	LIMITED_BY	S_1153
F_1612	LIMITED_BY	S_1154
F_1612	LIMITED_BY	S_1155
F_1612	LIMITED_BY	S_1156
F_1613	DETECTED_BY	PP_351
F_1613	FIXED_BY	PP_351
F_1613	LIMITED_BY	S_1157
F_1613	LIMITED_BY	S_1158
F_1613	LIMITED_BY	S_1162
F_1613	LIMITED_BY	S_1163
F_1613	LIMITED_BY	S_1164
F_1613	LIMITED_BY	S_1165
F_1614	DETECTED_BY	PP_351
F_1614	FIXED_BY	PP_351
F_1614	LIMITED_BY	S_1168
F_1614	LIMITED_BY	S_1169
F_1614	LIMITED_BY	S_1171
F_1614	LIMITED_BY	S_1172
F_1614	LIMITED_BY	S_1173
F_1614	LIMITED_BY	S_1174
F_1614	LIMITED_BY	S_1175
F_1614	LIMITED_BY	S_1176
F_1614	LIMITED_BY	S_1177
F_1614	LIMITED_BY	S_1178
F_1614	LIMITED_BY	S_1179
F_1614	LIMITED_BY	S_1180
F_1615	FIXED_BY	PP_351
F_1615	LIMITED_BY	S_1182
F_1616	DETECTED_BY	PP_352
F_1617	DETECTED_BY	PP_352
F_1617	FIXED_BY	PP_352
F_1617	LIMITED_BY	S_1183
F_1617	LIMITED_BY	S_1184
F_1618	FIXED_BY	PP_352
F_1619	DETECTED_BY	PP_352
F_162	DETECTED_BY	PP_067
F_162	FIXED_BY	PP_067
F_1620	DETECTED_BY	PP_352
F_1620	FIXED_BY	PP_352
F_1621	DETECTED_BY	PP_353
F_1621	FIXED_BY	PP_353
F_1622	FIXED_BY	PP_353
F_1623	DETECTED_BY	PP_353
F_1623	FIXED_BY	PP_353
F_1624	DETECTED_BY	PP_354
F_1624	FIXED_BY	PP_354
F_1625	DETECTED_BY	PP_354
F_1625	FIXED_BY	PP_354
F_1626	DETECTED_BY	PP_354
F_1626	FIXED_BY	PP_354
F_1627	DETECTED_BY	PP_354
F_1627	FIXED_BY	PP_354
F_1628	DETECTED_BY	PP_354
F_1628	FIXED_BY	PP_354
F_1629	DETECTED_BY	PP_354
F_1629	FIXED_BY	PP_354
F_1629	LIMITED_BY	S_1185
F_163	DETECTED_BY	PP_067
F_163	FIXED_BY	PP_067
F_1630	DETECTED_BY	PP_355
F_1630	FIXED_BY	PP_355
F_1631	DETECTED_BY	PP_355
F_1631	FIXED_BY	PP_355
F_1632	DETECTED_BY	PP_355
F_1632	FIXED_BY	PP_355
F_1633	DETECTED_BY	PP_355
F_1634	DETECTED_BY	PP_355
F_1634	FIXED_BY	PP_355
F_1635	DETECTED_BY	PP_355
F_1635	FIXED_BY	PP_355
F_1636	DETECTED_BY	PP_355
F_1636	FIXED_BY	PP_355
F_1637	DETECTED_BY	PP_355
F_1637	FIXED_BY	PP_355
F_1637	LIMITED_BY	S_1186
F_1638	DETECTED_BY	PP_355
F_1638	FIXED_BY	PP_355
F_1639	DETECTED_BY	PP_355
F_1639	FIXED_BY	PP_355
F_1639	LIMITED_BY	S_1187
F_1639	LIMITED_BY	S_1188
F_164	LIMITED_BY	S_554
F_164	LIMITED_BY	S_555
F_1640	DETECTED_BY	PP_355
F_1640	FIXED_BY	PP_355
F_1640	LIMITED_BY	S_1189
F_1641	DETECTED_BY	PP_355
F_1641	FIXED_BY	PP_355
F_1641	LIMITED_BY	S_1190
F_1642	DETECTED_BY	PP_356
F_1642	FIXED_BY	PP_356
F_1643	DETECTED_BY	PP_356
F_1644	DETECTED_BY	PP_356
F_1644	FIXED_BY	PP_356
F_1645	DETECTED_BY	PP_356
F_1645	FIXED_BY	PP_356
F_1646	DETECTED_BY	PP_356
F_1646	FIXED_BY	PP_356
F_1647	FIXED_BY	PP_356
F_1648	FIXED_BY	PP_356
F_1649	DETECTED_BY	PP_357
F_1649	FIXED_BY	PP_357
F_165	DETECTED_BY	PP_067
F_165	FIXED_BY	PP_067
F_165	LIMITED_BY	S_556
F_1650	DETECTED_BY	PP_357
F_1650	FIXED_BY	PP_357
F_1651	DETECTED_BY	PP_357
F_1651	FIXED_BY	PP_357
F_1652	DETECTED_BY	PP_357
F_1652	FIXED_BY	PP_357
F_1653	DETECTED_BY	PP_357
F_1653	FIXED_BY	PP_357
F_1654	DETECTED_BY	PP_358
F_1654	FIXED_BY	PP_358
F_1655	FIXED_BY	PP_358
F_1656	DETECTED_BY	PP_358
F_1656	FIXED_BY	PP_358
F_1657	DETECTED_BY	PP_359
F_1657	FIXED_BY	PP_359
F_1658	DETECTED_BY	PP_359
F_1658	FIXED_BY	PP_359
F_1659	DETECTED_BY	PP_359
F_1659	FIXED_BY	PP_359
F_166	FIXED_BY	PP_067
F_1660	DETECTED_BY	PP_359
F_1660	FIXED_BY	PP_359
F_1661	DETECTED_BY	PP_360
F_1662	DETECTED_BY	PP_360
F_1662	FIXED_BY	PP_360
F_1663	DETECTED_BY	PP_360
F_1663	FIXED_BY	PP_360
F_1664	DETECTED_BY	PP_361
F_1665	FIXED_BY	PP_361
F_1666	DETECTED_BY	PP_361
F_1666	FIXED_BY	PP_361
F_1667	DETECTED_BY	PP_361
F_1667	FIXED_BY	PP_361
F_1668	DETECTED_BY	PP_361
F_1668	FIXED_BY	PP_361
F_1668	LIMITED_BY	S_1191
F_1669	DETECTED_BY	PP_362
F_1669	FIXED_BY	PP_362
F_167	DETECTED_BY	PP_067
F_167	FIXED_BY	PP_067
F_1670	DETECTED_BY	PP_362
F_1670	FIXED_BY	PP_362
F_1671	DETECTED_BY	PP_362
F_1671	FIXED_BY	PP_362
F_1672	DETECTED_BY	PP_362
F_1672	FIXED_BY	PP_362
F_1673	DETECTED_BY	PP_362
F_1673	FIXED_BY	PP_362
F_1673	LIMITED_BY	S_1192
F_1674	DETECTED_BY	PP_363
F_1674	FIXED_BY	PP_363
F_1675	DETECTED_BY	PP_363
F_1675	FIXED_BY	PP_363
F_1676	DETECTED_BY	PP_363
F_1676	FIXED_BY	PP_363
F_1677	DETECTED_BY	PP_364
F_1677	FIXED_BY	PP_364
F_1678	DETECTED_BY	PP_364
F_1678	FIXED_BY	PP_364
F_1679	DETECTED_BY	PP_364
F_1679	FIXED_BY	PP_364
F_168	DETECTED_BY	PP_068
F_168	FIXED_BY	PP_068
F_1680	DETECTED_BY	PP_364
F_1680	FIXED_BY	PP_364
F_1681	FIXED_BY	PP_365
F_1682	DETECTED_BY	PP_365
F_1682	FIXED_BY	PP_365
F_1683	DETECTED_BY	PP_365
F_1683	FIXED_BY	PP_365
F_1684	DETECTED_BY	PP_365
F_1684	FIXED_BY	PP_365
F_1685	DETECTED_BY	PP_365
F_1685	FIXED_BY	PP_365
F_1686	DETECTED_BY	PP_365
F_1686	FIXED_BY	PP_365
F_1687	DETECTED_BY	PP_366
F_1687	FIXED_BY	PP_366
F_1688	DETECTED_BY	PP_366
F_1688	FIXED_BY	PP_366
F_1689	DETECTED_BY	PP_366
F_1689	FIXED_BY	PP_366
F_169	DETECTED_BY	PP_068
F_169	FIXED_BY	PP_068
F_1690	DETECTED_BY	PP_366
F_1690	FIXED_BY	PP_366
F_1691	DETECTED_BY	PP_366
F_1692	FIXED_BY	PP_367
F_1693	DETECTED_BY	PP_367
F_1693	FIXED_BY	PP_367
F_1694	DETECTED_BY	PP_367
F_1694	FIXED_BY	PP_367
F_1695	DETECTED_BY	PP_367
F_1695	FIXED_BY	PP_367
F_1696	FIXED_BY	PP_367
F_1697	DETECTED_BY	PP_367
F_1697	FIXED_BY	PP_367
F_1698	DETECTED_BY	PP_367
F_1698	FIXED_BY	PP_367
F_1699	DETECTED_BY	PP_367
F_1699	FIXED_BY	PP_367
F_170	DETECTED_BY	PP_069
F_170	FIXED_BY	PP_069
F_170	LIMITED_BY	S_559
F_170	LIMITED_BY	S_560
F_170	LIMITED_BY	S_562
F_1700	DETECTED_BY	PP_367
F_1700	FIXED_BY	PP_367
F_1701	DETECTED_BY	PP_367
F_1701	FIXED_BY	PP_367
F_1702	DETECTED_BY	PP_367
F_1702	FIXED_BY	PP_367
F_1703	FIXED_BY	PP_367
F_1704	DETECTED_BY	PP_368
F_1705	DETECTED_BY	PP_368
F_1705	FIXED_BY	PP_368
F_1706	DETECTED_BY	PP_368
F_1707	DETECTED_BY	PP_369
F_1707	FIXED_BY	PP_369
F_1708	FIXED_BY	PP_369
F_1709	FIXED_BY	PP_369
F_171	DETECTED_BY	PP_069
F_171	FIXED_BY	PP_069
F_1710	DETECTED_BY	PP_369
F_1710	FIXED_BY	PP_369
F_1711	DETECTED_BY	PP_369
F_1712	DETECTED_BY	PP_369
F_1713	DETECTED_BY	PP_369
F_1713	FIXED_BY	PP_369
F_1713	LIMITED_BY	S_1194
F_1714	FIXED_BY	PP_369
F_1715	DETECTED_BY	PP_369
F_1715	FIXED_BY	PP_369
F_1716	FIXED_BY	PP_369
F_1718	DETECTED_BY	PP_369
F_1718	FIXED_BY	PP_369
F_1719	DETECTED_BY	PP_370
F_1719	FIXED_BY	PP_370
F_172	DETECTED_BY	PP_069
F_172	FIXED_BY	PP_069
F_172	LIMITED_BY	S_563
F_172	LIMITED_BY	S_564
F_1720	DETECTED_BY	PP_370
F_1720	FIXED_BY	PP_370
F_1721	LIMITED_BY	S_1196
F_1722	DETECTED_BY	PP_370
F_1722	FIXED_BY	PP_370
F_1722	LIMITED_BY	S_1198
F_1722	LIMITED_BY	S_1199
F_1723	DETECTED_BY	PP_370
F_1723	FIXED_BY	PP_370
F_1724	DETECTED_BY	PP_370
F_1724	FIXED_BY	PP_370
F_1725	DETECTED_BY	PP_370
F_1725	FIXED_BY	PP_370
F_1725	LIMITED_BY	S_1201
F_1726	DETECTED_BY	PP_370
F_1726	FIXED_BY	PP_370
F_1726	LIMITED_BY	S_1202
F_1727	DETECTED_BY	PP_370
F_1727	FIXED_BY	PP_370
F_1727	LIMITED_BY	S_1202
F_1728	FIXED_BY	PP_370
F_1728	LIMITED_BY	S_1202
F_1729	DETECTED_BY	PP_371
F_1729	FIXED_BY	PP_371
F_1729	LIMITED_BY	S_1203
F_173	DETECTED_BY	PP_069
F_173	FIXED_BY	PP_069
F_173	LIMITED_BY	S_565
F_173	LIMITED_BY	S_566
F_1730	DETECTED_BY	PP_371
F_1730	FIXED_BY	PP_371
F_1730	LIMITED_BY	S_1204
F_1731	DETECTED_BY	PP_371
F_1731	FIXED_BY	PP_371
F_1731	LIMITED_BY	S_1205
F_1732	DETECTED_BY	PP_371
F_1732	FIXED_BY	PP_371
F_1732	LIMITED_BY	S_1206
F_1733	DETECTED_BY	PP_371
F_1733	FIXED_BY	PP_371
F_1734	DETECTED_BY	PP_371
F_1734	FIXED_BY	PP_371
F_1735	DETECTED_BY	PP_371
F_1735	FIXED_BY	PP_371
F_1736	DETECTED_BY	PP_371
F_1737	FIXED_BY	PP_371
F_1738	DETECTED_BY	PP_371
F_1738	FIXED_BY	PP_371
F_1739	DETECTED_BY	PP_371
F_1739	FIXED_BY	PP_371
F_174	DETECTED_BY	PP_070
F_174	LIMITED_BY	S_567
F_174	LIMITED_BY	S_568
F_174	LIMITED_BY	S_569
F_174	LIMITED_BY	S_570
F_1740	DETECTED_BY	PP_371
F_1740	FIXED_BY	PP_371
F_1741	DETECTED_BY	PP_371
F_1741	FIXED_BY	PP_371
F_1742	DETECTED_BY	PP_371
F_1742	FIXED_BY	PP_371
F_1743	DETECTED_BY	PP_371
F_1743	FIXED_BY	PP_371
F_1744	DETECTED_BY	PP_371
F_1744	FIXED_BY	PP_371
F_1744	LIMITED_BY	S_1207
F_1744	LIMITED_BY	S_1208
F_1744	LIMITED_BY	S_1209
F_1745	DETECTED_BY	PP_371
F_1745	FIXED_BY	PP_371
F_1746	DETECTED_BY	PP_371
F_1747	DETECTED_BY	PP_372
F_1747	FIXED_BY	PP_372
F_1748	DETECTED_BY	PP_372
F_1749	DETECTED_BY	PP_372
F_1749	FIXED_BY	PP_372
F_175	DETECTED_BY	PP_070
F_175	FIXED_BY	PP_070
F_1750	DETECTED_BY	PP_372
F_1750	FIXED_BY	PP_372
F_1751	DETECTED_BY	PP_372
F_1752	DETECTED_BY	PP_372
F_1752	FIXED_BY	PP_372
F_1753	DETECTED_BY	PP_372
F_1753	FIXED_BY	PP_372
F_1753	LIMITED_BY	S_1208
F_1753	LIMITED_BY	S_1209
F_1754	DETECTED_BY	PP_372
F_1755	DETECTED_BY	PP_372
F_1755	FIXED_BY	PP_372
F_1756	DETECTED_BY	PP_372
F_1756	FIXED_BY	PP_372
F_1757	DETECTED_BY	PP_372
F_1757	FIXED_BY	PP_372
F_1758	DETECTED_BY	PP_372
F_1758	FIXED_BY	PP_372
F_1759	DETECTED_BY	PP_372
F_1759	FIXED_BY	PP_372
F_176	DETECTED_BY	PP_070
F_176	FIXED_BY	PP_070
F_176	LIMITED_BY	S_571
F_1760	DETECTED_BY	PP_373
F_1760	FIXED_BY	PP_373
F_1761	DETECTED_BY	PP_373
F_1761	FIXED_BY	PP_373
F_1762	DETECTED_BY	PP_373
F_1762	FIXED_BY	PP_373
F_1763	DETECTED_BY	PP_373
F_1763	FIXED_BY	PP_373
F_1764	DETECTED_BY	PP_373
F_1764	FIXED_BY	PP_373
F_1765	DETECTED_BY	PP_373
F_1765	FIXED_BY	PP_373
F_1765	LIMITED_BY	S_1210
F_1766	DETECTED_BY	PP_373
F_1766	FIXED_BY	PP_373
F_1766	LIMITED_BY	S_1211
F_1767	DETECTED_BY	PP_373
F_1767	FIXED_BY	PP_373
F_1767	LIMITED_BY	S_1212
F_1768	DETECTED_BY	PP_373
F_1768	FIXED_BY	PP_373
F_1768	LIMITED_BY	S_1213
F_1769	DETECTED_BY	PP_373
F_1769	FIXED_BY	PP_373
F_177	FIXED_BY	PP_070
F_177	LIMITED_BY	S_573
F_1770	DETECTED_BY	PP_374
F_1770	FIXED_BY	PP_374
F_1771	DETECTED_BY	PP_374
F_1771	FIXED_BY	PP_374
F_1772	DETECTED_BY	PP_374
F_1772	FIXED_BY	PP_374
F_1773	DETECTED_BY	PP_375
F_1773	FIXED_BY	PP_375
F_1774	DETECTED_BY	PP_375
F_1774	FIXED_BY	PP_375
F_1775	DETECTED_BY	PP_375
F_1775	FIXED_BY	PP_375
F_1776	DETECTED_BY	PP_375
F_1776	FIXED_BY	PP_375
F_1777	DETECTED_BY	PP_375
F_1777	FIXED_BY	PP_375
F_1778	DETECTED_BY	PP_376
F_1778	FIXED_BY	PP_376
F_1779	DETECTED_BY	PP_376
F_1779	FIXED_BY	PP_376
F_178	DETECTED_BY	PP_071
F_178	FIXED_BY	PP_071
F_1780	DETECTED_BY	PP_376
F_1780	FIXED_BY	PP_376
F_1781	DETECTED_BY	PP_377
F_1781	FIXED_BY	PP_377
F_1782	DETECTED_BY	PP_377
F_1782	FIXED_BY	PP_377
F_1783	DETECTED_BY	PP_377
F_1783	FIXED_BY	PP_377
F_1784	DETECTED_BY	PP_378
F_1784	FIXED_BY	PP_378
F_1785	DETECTED_BY	PP_378
F_1786	DETECTED_BY	PP_379
F_1786	FIXED_BY	PP_379
F_1787	DETECTED_BY	PP_379
F_1787	FIXED_BY	PP_379
F_1787	LIMITED_BY	S_1215
F_1789	DETECTED_BY	PP_379
F_1789	FIXED_BY	PP_379
F_179	FIXED_BY	PP_071
F_1790	DETECTED_BY	PP_379
F_1790	FIXED_BY	PP_379
F_1790	LIMITED_BY	S_1216
F_1791	DETECTED_BY	PP_379
F_1792	DETECTED_BY	PP_379
F_1792	FIXED_BY	PP_379
F_1793	FIXED_BY	PP_379
F_1794	DETECTED_BY	PP_379
F_1794	FIXED_BY	PP_379
F_1795	DETECTED_BY	PP_379
F_1795	FIXED_BY	PP_379
F_1796	DETECTED_BY	PP_380
F_1796	FIXED_BY	PP_380
F_1797	DETECTED_BY	PP_380
F_1797	FIXED_BY	PP_380
F_1798	FIXED_BY	PP_380
F_1799	DETECTED_BY	PP_380
F_1799	FIXED_BY	PP_380
F_1799	LIMITED_BY	S_1218
F_180	FIXED_BY	PP_071
F_1800	DETECTED_BY	PP_381
F_1800	FIXED_BY	PP_381
F_1801	DETECTED_BY	PP_381
F_1801	FIXED_BY	PP_381
F_1802	DETECTED_BY	PP_381
F_1802	FIXED_BY	PP_381
F_1803	DETECTED_BY	PP_381
F_1803	FIXED_BY	PP_381
F_1804	DETECTED_BY	PP_382
F_1804	FIXED_BY	PP_382
F_1805	DETECTED_BY	PP_382
F_1805	FIXED_BY	PP_382
F_1806	FIXED_BY	PP_382
F_1807	DETECTED_BY	PP_382
F_1807	FIXED_BY	PP_382
F_1808	DETECTED_BY	PP_382
F_1808	FIXED_BY	PP_382
F_1809	DETECTED_BY	PP_383
F_1809	FIXED_BY	PP_383
F_181	DETECTED_BY	PP_071
F_181	FIXED_BY	PP_071
F_1810	DETECTED_BY	PP_383
F_1810	FIXED_BY	PP_383
F_1811	DETECTED_BY	PP_384
F_1811	FIXED_BY	PP_384
F_1812	DETECTED_BY	PP_384
F_1813	DETECTED_BY	PP_384
F_1813	FIXED_BY	PP_384
F_1814	DETECTED_BY	PP_384
F_1814	FIXED_BY	PP_384
F_1815	DETECTED_BY	PP_385
F_1815	FIXED_BY	PP_385
F_1815	LIMITED_BY	S_1219
F_1815	LIMITED_BY	S_1220
F_1816	DETECTED_BY	PP_386
F_1816	FIXED_BY	PP_386
F_1817	DETECTED_BY	PP_386
F_1817	FIXED_BY	PP_386
F_1818	DETECTED_BY	PP_387
F_1818	FIXED_BY	PP_387
F_1818	LIMITED_BY	S_1221
F_1819	DETECTED_BY	PP_388
F_1819	FIXED_BY	PP_388
F_1819	LIMITED_BY	S_1222
F_1819	LIMITED_BY	S_1223
F_1819	LIMITED_BY	S_1224
F_182	DETECTED_BY	PP_071
F_182	FIXED_BY	PP_071
F_182	LIMITED_BY	S_575
F_1820	DETECTED_BY	PP_388
F_1820	FIXED_BY	PP_388
F_1820	LIMITED_BY	S_1225
F_1820	LIMITED_BY	S_1226
F_1820	LIMITED_BY	S_1227
F_1820	LIMITED_BY	S_1230
F_1821	DETECTED_BY	PP_388
F_1821	FIXED_BY	PP_388
F_1821	LIMITED_BY	S_1227
F_1821	LIMITED_BY	S_1228
F_1821	LIMITED_BY	S_1232
F_1821	LIMITED_BY	S_1233
F_1821	LIMITED_BY	S_1234
F_1822	FIXED_BY	PP_388
F_1822	LIMITED_BY	S_1235
F_1823	DETECTED_BY	PP_388
F_1823	FIXED_BY	PP_388
F_1823	LIMITED_BY	S_1236
F_1823	LIMITED_BY	S_1238
F_1823	LIMITED_BY	S_1240
F_1823	LIMITED_BY	S_1241
F_1824	DETECTED_BY	PP_388
F_1824	LIMITED_BY	S_1242
F_1825	DETECTED_BY	PP_388
F_1825	FIXED_BY	PP_388
F_1825	LIMITED_BY	S_1244
F_1825	LIMITED_BY	S_1245
F_1826	DETECTED_BY	PP_388
F_1826	FIXED_BY	PP_388
F_1826	LIMITED_BY	S_1246
F_1826	LIMITED_BY	S_1247
F_1826	LIMITED_BY	S_1249
F_1827	DETECTED_BY	PP_388
F_1827	FIXED_BY	PP_388
F_1827	LIMITED_BY	S_1250
F_1827	LIMITED_BY	S_1251
F_1827	LIMITED_BY	S_1253
F_1828	FIXED_BY	PP_388
F_1829	FIXED_BY	PP_388
F_183	FIXED_BY	PP_071
F_183	LIMITED_BY	S_574
F_1830	DETECTED_BY	PP_389
F_1831	DETECTED_BY	PP_389
F_1831	FIXED_BY	PP_389
F_1832	FIXED_BY	PP_389
F_1833	DETECTED_BY	PP_389
F_1833	FIXED_BY	PP_389
F_1834	FIXED_BY	PP_389
F_1835	DETECTED_BY	PP_389
F_1835	FIXED_BY	PP_389
F_1835	LIMITED_BY	S_1254
F_1836	DETECTED_BY	PP_390
F_1836	FIXED_BY	PP_390
F_1837	DETECTED_BY	PP_390
F_1837	FIXED_BY	PP_390
F_1838	DETECTED_BY	PP_390
F_1838	FIXED_BY	PP_390
F_1839	DETECTED_BY	PP_276
F_1839	FIXED_BY	PP_270
F_1839	LIMITED_BY	S_1255
F_184	DETECTED_BY	PP_072
F_184	FIXED_BY	PP_072
F_1840	FIXED_BY	PP_270
F_1840	LIMITED_BY	S_1256
F_1841	DETECTED_BY	PP_276
F_1841	FIXED_BY	PP_270
F_1842	DETECTED_BY	PP_276
F_1843	DETECTED_BY	PP_276
F_1843	FIXED_BY	PP_270
F_1844	FIXED_BY	PP_270
F_1845	DETECTED_BY	PP_276
F_1845	FIXED_BY	PP_270
F_1846	DETECTED_BY	PP_276
F_1846	FIXED_BY	PP_270
F_1847	DETECTED_BY	PP_276
F_1848	FIXED_BY	PP_270
F_1848	LIMITED_BY	S_1257
F_1848	LIMITED_BY	S_1258
F_1849	DETECTED_BY	PP_276
F_1849	FIXED_BY	PP_270
F_1849	LIMITED_BY	S_1259
F_1849	LIMITED_BY	S_1260
F_185	DETECTED_BY	PP_072
F_185	FIXED_BY	PP_072
F_1850	DETECTED_BY	PP_276
F_1850	FIXED_BY	PP_270
F_1850	LIMITED_BY	S_1261
F_1851	DETECTED_BY	PP_276
F_1851	FIXED_BY	PP_270
F_1851	LIMITED_BY	S_1263
F_1851	LIMITED_BY	S_1264
F_1852	FIXED_BY	PP_270
F_1853	DETECTED_BY	PP_276
F_1853	FIXED_BY	PP_270
F_1854	DETECTED_BY	PP_276
F_1854	FIXED_BY	PP_270
F_1855	DETECTED_BY	PP_276
F_1855	FIXED_BY	PP_270
F_1856	DETECTED_BY	PP_276
F_1856	FIXED_BY	PP_270
F_1856	LIMITED_BY	S_1265
F_1857	DETECTED_BY	PP_276
F_1857	FIXED_BY	PP_270
F_1858	DETECTED_BY	PP_276
F_1858	FIXED_BY	PP_270
F_1859	DETECTED_BY	PP_276
F_1859	FIXED_BY	PP_270
F_186	DETECTED_BY	PP_072
F_186	FIXED_BY	PP_072
F_186	LIMITED_BY	S_576
F_1860	FIXED_BY	PP_270
F_1861	DETECTED_BY	PP_276
F_1861	FIXED_BY	PP_270
F_1861	LIMITED_BY	S_1266
F_1861	LIMITED_BY	S_1267
F_1862	DETECTED_BY	PP_276
F_1862	FIXED_BY	PP_391
F_1862	LIMITED_BY	S_1268
F_1862	LIMITED_BY	S_1269
F_1863	DETECTED_BY	PP_276
F_1863	FIXED_BY	PP_391
F_1863	LIMITED_BY	S_1270
F_1864	DETECTED_BY	PP_276
F_1864	LIMITED_BY	S_1271
F_1865	DETECTED_BY	PP_276
F_1865	FIXED_BY	PP_391
F_1865	LIMITED_BY	S_1272
F_1865	LIMITED_BY	S_1273
F_1866	DETECTED_BY	PP_276
F_1866	LIMITED_BY	S_1274
F_1867	DETECTED_BY	PP_276
F_1867	FIXED_BY	PP_391
F_1867	LIMITED_BY	S_1275
F_1868	DETECTED_BY	PP_276
F_1868	FIXED_BY	PP_391
F_1868	LIMITED_BY	S_1276
F_1868	LIMITED_BY	S_1277
F_1869	DETECTED_BY	PP_276
F_1869	FIXED_BY	PP_391
F_187	DETECTED_BY	PP_072
F_187	FIXED_BY	PP_072
F_1870	DETECTED_BY	PP_276
F_1870	FIXED_BY	PP_391
F_1871	DETECTED_BY	PP_276
F_1871	FIXED_BY	PP_391
F_1872	DETECTED_BY	PP_276
F_1872	FIXED_BY	PP_392
F_1872	LIMITED_BY	S_1278
F_1873	DETECTED_BY	PP_276
F_1873	LIMITED_BY	S_1279
F_1874	DETECTED_BY	PP_276
F_1874	FIXED_BY	PP_392
F_1875	FIXED_BY	PP_392
F_1876	DETECTED_BY	PP_276
F_1876	FIXED_BY	PP_393
F_1877	DETECTED_BY	PP_276
F_1877	FIXED_BY	PP_393
F_1877	LIMITED_BY	S_1280
F_1877	LIMITED_BY	S_1281
F_1878	DETECTED_BY	PP_276
F_1878	FIXED_BY	PP_393
F_1879	DETECTED_BY	PP_276
F_188	DETECTED_BY	PP_073
F_188	FIXED_BY	PP_073
F_1880	DETECTED_BY	PP_276
F_1880	FIXED_BY	PP_394
F_1880	LIMITED_BY	S_1284
F_1881	DETECTED_BY	PP_276
F_1881	FIXED_BY	PP_394
F_1881	LIMITED_BY	S_1285
F_1882	DETECTED_BY	PP_276
F_1882	FIXED_BY	PP_394
F_1883	DETECTED_BY	PP_276
F_1883	FIXED_BY	PP_394
F_1884	DETECTED_BY	PP_276
F_1884	FIXED_BY	PP_394
F_1885	FIXED_BY	PP_395
F_1885	LIMITED_BY	S_1287
F_1886	DETECTED_BY	PP_276
F_1886	FIXED_BY	PP_395
F_1886	LIMITED_BY	S_1288
F_1886	LIMITED_BY	S_1289
F_1887	DETECTED_BY	PP_276
F_1887	FIXED_BY	PP_395
F_1888	DETECTED_BY	PP_276
F_1889	DETECTED_BY	PP_276
F_1889	FIXED_BY	PP_397
F_189	DETECTED_BY	PP_073
F_189	LIMITED_BY	S_579
F_189	LIMITED_BY	S_580
F_1890	DETECTED_BY	PP_276
F_1890	FIXED_BY	PP_397
F_1891	DETECTED_BY	PP_276
F_1891	FIXED_BY	PP_397
F_1892	DETECTED_BY	PP_276
F_1893	DETECTED_BY	PP_276
F_1893	FIXED_BY	PP_397
F_1894	DETECTED_BY	PP_276
F_1894	FIXED_BY	PP_397
F_1894	LIMITED_BY	S_1291
F_1895	DETECTED_BY	PP_276
F_1895	FIXED_BY	PP_398
F_1896	DETECTED_BY	PP_276
F_1896	FIXED_BY	PP_398
F_1897	DETECTED_BY	PP_276
F_1897	FIXED_BY	PP_398
F_1898	DETECTED_BY	PP_276
F_1898	FIXED_BY	PP_399
F_1899	DETECTED_BY	PP_276
F_1899	FIXED_BY	PP_400
F_1899	LIMITED_BY	S_1292
F_190	DETECTED_BY	PP_073
F_190	FIXED_BY	PP_073
F_190	LIMITED_BY	S_581
F_190	LIMITED_BY	S_582
F_1900	DETECTED_BY	PP_276
F_1900	FIXED_BY	PP_400
F_1901	DETECTED_BY	PP_276
F_1901	FIXED_BY	PP_400
F_1901	LIMITED_BY	S_1294
F_1902	DETECTED_BY	PP_276
F_1902	FIXED_BY	PP_401
F_1903	DETECTED_BY	PP_276
F_1903	FIXED_BY	PP_401
F_1904	DETECTED_BY	PP_276
F_1904	FIXED_BY	PP_401
F_1905	DETECTED_BY	PP_276
F_1905	FIXED_BY	PP_401
F_1906	FIXED_BY	PP_401
F_1906	LIMITED_BY	S_1295
F_1907	DETECTED_BY	PP_276
F_1907	FIXED_BY	PP_401
F_1907	LIMITED_BY	S_1296
F_1908	DETECTED_BY	PP_276
F_1908	FIXED_BY	PP_402
F_1909	DETECTED_BY	PP_276
F_1909	FIXED_BY	PP_403
F_191	DETECTED_BY	PP_074
F_191	FIXED_BY	PP_074
F_1910	DETECTED_BY	PP_404
F_1910	FIXED_BY	PP_405
F_1910	LIMITED_BY	S_1297
F_1910	LIMITED_BY	S_1298
F_1911	DETECTED_BY	PP_404
F_1911	FIXED_BY	PP_405
F_1912	FIXED_BY	PP_405
F_1913	DETECTED_BY	PP_404
F_1913	FIXED_BY	PP_405
F_1914	DETECTED_BY	PP_404
F_1914	FIXED_BY	PP_405
F_1915	DETECTED_BY	PP_404
F_1915	FIXED_BY	PP_406
F_1916	DETECTED_BY	PP_404
F_1917	FIXED_BY	PP_406
F_1917	LIMITED_BY	S_1299
F_1918	FIXED_BY	PP_406
F_1919	DETECTED_BY	PP_404
F_1919	FIXED_BY	PP_406
F_192	FIXED_BY	PP_074
F_1920	DETECTED_BY	PP_404
F_1920	FIXED_BY	PP_406
F_1921	DETECTED_BY	PP_404
F_1921	FIXED_BY	PP_406
F_1921	LIMITED_BY	S_1300
F_1922	DETECTED_BY	PP_404
F_1922	FIXED_BY	PP_406
F_1923	DETECTED_BY	PP_404
F_1923	FIXED_BY	PP_406
F_1924	DETECTED_BY	PP_404
F_1924	FIXED_BY	PP_407
F_1925	DETECTED_BY	PP_404
F_1925	FIXED_BY	PP_407
F_1925	LIMITED_BY	S_1301
F_1926	DETECTED_BY	PP_404
F_1926	FIXED_BY	PP_407
F_1927	DETECTED_BY	PP_404
F_1927	FIXED_BY	PP_407
F_1928	DETECTED_BY	PP_404
F_1928	FIXED_BY	PP_407
F_1929	DETECTED_BY	PP_404
F_1929	FIXED_BY	PP_407
F_193	DETECTED_BY	PP_074
F_193	FIXED_BY	PP_074
F_193	LIMITED_BY	S_583
F_1930	DETECTED_BY	PP_404
F_1930	FIXED_BY	PP_407
F_1931	DETECTED_BY	PP_404
F_1931	FIXED_BY	PP_407
F_1932	DETECTED_BY	PP_404
F_1932	FIXED_BY	PP_407
F_1933	FIXED_BY	PP_407
F_1934	DETECTED_BY	PP_404
F_1934	FIXED_BY	PP_407
F_1935	DETECTED_BY	PP_404
F_1935	FIXED_BY	PP_407
F_1936	FIXED_BY	PP_407
F_1937	DETECTED_BY	PP_404
F_1937	FIXED_BY	PP_407
F_1938	FIXED_BY	PP_407
F_1939	FIXED_BY	PP_407
F_194	DETECTED_BY	PP_074
F_194	FIXED_BY	PP_074
F_194	LIMITED_BY	S_584
F_1940	DETECTED_BY	PP_404
F_1940	FIXED_BY	PP_408
F_1940	LIMITED_BY	S_1302
F_1941	DETECTED_BY	PP_404
F_1941	FIXED_BY	PP_408
F_1942	DETECTED_BY	PP_404
F_1942	FIXED_BY	PP_408
F_1943	DETECTED_BY	PP_404
F_1943	FIXED_BY	PP_408
F_1944	DETECTED_BY	PP_404
F_1944	FIXED_BY	PP_408
F_1945	DETECTED_BY	PP_404
F_1945	FIXED_BY	PP_408
F_1945	LIMITED_BY	S_1303
F_1946	DETECTED_BY	PP_404
F_1946	FIXED_BY	PP_408
F_1947	DETECTED_BY	PP_404
F_1947	FIXED_BY	PP_408
F_1948	DETECTED_BY	PP_404
F_1948	FIXED_BY	PP_408
F_1949	DETECTED_BY	PP_404
F_1949	FIXED_BY	PP_408
F_195	FIXED_BY	PP_075
F_1950	DETECTED_BY	PP_404
F_1950	FIXED_BY	PP_409
F_1950	LIMITED_BY	S_1304
F_1950	LIMITED_BY	S_1305
F_1951	DETECTED_BY	PP_404
F_1951	FIXED_BY	PP_409
F_1952	DETECTED_BY	PP_404
F_1952	FIXED_BY	PP_409
F_1953	DETECTED_BY	PP_404
F_1953	FIXED_BY	PP_409
F_1954	DETECTED_BY	PP_404
F_1954	FIXED_BY	PP_410
F_1955	DETECTED_BY	PP_404
F_1955	FIXED_BY	PP_410
F_1956	DETECTED_BY	PP_404
F_1956	FIXED_BY	PP_410
F_1957	DETECTED_BY	PP_404
F_1957	FIXED_BY	PP_410
F_1958	DETECTED_BY	PP_404
F_1958	FIXED_BY	PP_410
F_1959	DETECTED_BY	PP_404
F_1959	FIXED_BY	PP_410
F_196	DETECTED_BY	PP_075
F_1960	DETECTED_BY	PP_404
F_1960	FIXED_BY	PP_410
F_1961	FIXED_BY	PP_411
F_1962	FIXED_BY	PP_411
F_1963	DETECTED_BY	PP_404
F_1963	FIXED_BY	PP_411
F_1964	FIXED_BY	PP_411
F_1965	FIXED_BY	PP_411
F_1966	FIXED_BY	PP_411
F_1967	DETECTED_BY	PP_404
F_1967	FIXED_BY	PP_411
F_1967	LIMITED_BY	S_1306
F_197	DETECTED_BY	PP_075
F_197	LIMITED_BY	S_585
F_198	DETECTED_BY	PP_075
F_198	FIXED_BY	PP_075
F_198	LIMITED_BY	S_586
F_199	DETECTED_BY	PP_075
F_199	FIXED_BY	PP_075
F_199	LIMITED_BY	S_587
F_1990	LIMITED_BY	S_1307
F_1991	LIMITED_BY	S_1308
F_1992	LIMITED_BY	S_1309
F_1993	LIMITED_BY	S_1310
F_1994	LIMITED_BY	S_1311
F_1995	LIMITED_BY	S_1312
F_1996	LIMITED_BY	S_1313
F_200	DETECTED_BY	PP_075
F_200	LIMITED_BY	S_588
F_200	LIMITED_BY	S_589
F_2007	LIMITED_BY	S_1314
F_201	DETECTED_BY	PP_075
F_201	FIXED_BY	PP_075
F_201	LIMITED_BY	S_590
F_201	LIMITED_BY	S_591
F_201	LIMITED_BY	S_592
F_201	LIMITED_BY	S_593
F_202	DETECTED_BY	PP_075
F_202	LIMITED_BY	S_594
F_202	LIMITED_BY	S_595
F_202	LIMITED_BY	S_596
F_2023	LIMITED_BY	S_1315
F_2024	LIMITED_BY	S_1316
F_2025	LIMITED_BY	S_1317
F_2027	LIMITED_BY	S_1319
F_2028	LIMITED_BY	S_1320
F_203	DETECTED_BY	PP_075
F_203	LIMITED_BY	S_597
F_203	LIMITED_BY	S_598
F_2030	LIMITED_BY	S_1322
F_2032	LIMITED_BY	S_1324
F_2033	LIMITED_BY	S_1325
F_204	DETECTED_BY	PP_075
F_204	FIXED_BY	PP_075
F_205	DETECTED_BY	PP_076
F_205	FIXED_BY	PP_076
F_2055	LIMITED_BY	S_1326
F_2056	LIMITED_BY	S_1327
F_2057	LIMITED_BY	S_1328
F_2058	LIMITED_BY	S_1329
F_2059	LIMITED_BY	S_1330
F_206	DETECTED_BY	PP_076
F_206	FIXED_BY	PP_076
F_2060	LIMITED_BY	S_1331
F_2061	LIMITED_BY	S_1332
F_2062	LIMITED_BY	S_1333
F_2064	LIMITED_BY	S_1335
F_207	DETECTED_BY	PP_076
F_207	FIXED_BY	PP_076
F_2072	LIMITED_BY	S_1336
F_209	DETECTED_BY	PP_076
F_209	FIXED_BY	PP_076
F_210	FIXED_BY	PP_077
F_211	DETECTED_BY	PP_077
F_2117	LIMITED_BY	S_1337
F_212	DETECTED_BY	PP_077
F_212	FIXED_BY	PP_077
F_213	DETECTED_BY	PP_077
F_213	FIXED_BY	PP_077
F_2139	LIMITED_BY	S_1338
F_214	DETECTED_BY	PP_077
F_214	FIXED_BY	PP_077
F_2140	LIMITED_BY	S_1339
F_2141	LIMITED_BY	S_1340
F_2146	FIXED_BY	PP_430
F_2148	FIXED_BY	PP_430
F_2149	FIXED_BY	PP_430
F_215	DETECTED_BY	PP_077
F_215	FIXED_BY	PP_077
F_2150	FIXED_BY	PP_430
F_2151	FIXED_BY	PP_430
F_2153	FIXED_BY	PP_430
F_2154	FIXED_BY	PP_430
F_2156	FIXED_BY	PP_430
F_2156	LIMITED_BY	S_1341
F_2156	LIMITED_BY	S_1342
F_2156	LIMITED_BY	S_1343
F_2157	FIXED_BY	PP_430
F_2158	FIXED_BY	PP_430
F_2159	FIXED_BY	PP_430
F_216	DETECTED_BY	PP_077
F_216	FIXED_BY	PP_077
F_2160	FIXED_BY	PP_430
F_2161	FIXED_BY	PP_430
F_2162	FIXED_BY	PP_430
F_2163	FIXED_BY	PP_430
F_2164	FIXED_BY	PP_430
F_2165	FIXED_BY	PP_430
F_2166	FIXED_BY	PP_430
F_2167	FIXED_BY	PP_430
F_2168	FIXED_BY	PP_430
F_2169	FIXED_BY	PP_430
F_217	DETECTED_BY	PP_077
F_217	FIXED_BY	PP_077
F_2170	FIXED_BY	PP_430
F_2171	FIXED_BY	PP_430
F_2172	FIXED_BY	PP_431
F_2173	FIXED_BY	PP_431
F_2174	FIXED_BY	PP_431
F_2175	FIXED_BY	PP_431
F_2176	FIXED_BY	PP_430
F_2177	FIXED_BY	PP_430
F_2178	FIXED_BY	PP_430
F_2179	FIXED_BY	PP_430
F_218	DETECTED_BY	PP_078
F_218	FIXED_BY	PP_078
F_2180	FIXED_BY	PP_430
F_2181	FIXED_BY	PP_430
F_2183	FIXED_BY	PP_430
F_2184	FIXED_BY	PP_430
F_2185	FIXED_BY	PP_432
F_2186	FIXED_BY	PP_432
F_2187	FIXED_BY	PP_432
F_2187	LIMITED_BY	S_1345
F_2187	LIMITED_BY	S_1346
F_2188	FIXED_BY	PP_432
F_2188	LIMITED_BY	S_1347
F_2189	FIXED_BY	PP_432
F_2189	LIMITED_BY	S_1348
F_219	DETECTED_BY	PP_078
F_219	FIXED_BY	PP_078
F_2190	FIXED_BY	PP_432
F_2190	LIMITED_BY	S_1349
F_2191	FIXED_BY	PP_432
F_2191	LIMITED_BY	S_1351
F_2192	FIXED_BY	PP_432
F_2193	FIXED_BY	PP_432
F_2194	FIXED_BY	PP_432
F_2195	FIXED_BY	PP_432
F_2196	FIXED_BY	PP_432
F_2196	LIMITED_BY	S_1354
F_2196	LIMITED_BY	S_1355
F_2197	FIXED_BY	PP_432
F_2198	FIXED_BY	PP_432
F_2199	FIXED_BY	PP_432
F_220	FIXED_BY	PP_078
F_2200	FIXED_BY	PP_432
F_2201	FIXED_BY	PP_433
F_2202	FIXED_BY	PP_433
F_2202	LIMITED_BY	S_1357
F_2202	LIMITED_BY	S_1358
F_2202	LIMITED_BY	S_1359
F_2202	LIMITED_BY	S_1360
F_2202	LIMITED_BY	S_1361
F_2202	LIMITED_BY	S_1362
F_2202	LIMITED_BY	S_1363
F_2203	FIXED_BY	PP_433
F_2203	LIMITED_BY	S_1364
F_2204	FIXED_BY	PP_433
F_2204	LIMITED_BY	S_1365
F_2204	LIMITED_BY	S_1366
F_2205	FIXED_BY	PP_433
F_2206	FIXED_BY	PP_433
F_2207	FIXED_BY	PP_433
F_2208	FIXED_BY	PP_433
F_221	DETECTED_BY	PP_078
F_221	FIXED_BY	PP_078
F_221	LIMITED_BY	S_600
F_2210	FIXED_BY	PP_434
F_2211	FIXED_BY	PP_434
F_2212	FIXED_BY	PP_434
F_2213	FIXED_BY	PP_434
F_2214	FIXED_BY	PP_434
F_2214	LIMITED_BY	S_1367
F_2215	FIXED_BY	PP_434
F_2215	LIMITED_BY	S_1368
F_2216	FIXED_BY	PP_434
F_2216	LIMITED_BY	S_1368
F_2217	FIXED_BY	PP_434
F_2218	FIXED_BY	PP_434
F_222	DETECTED_BY	PP_078
F_222	FIXED_BY	PP_078
F_222	LIMITED_BY	S_601
F_2220	FIXED_BY	PP_434
F_2221	FIXED_BY	PP_434
F_2222	FIXED_BY	PP_435
F_2223	FIXED_BY	PP_435
F_2224	FIXED_BY	PP_435
F_2225	FIXED_BY	PP_435
F_2227	FIXED_BY	PP_436
F_2228	FIXED_BY	PP_436
F_2229	FIXED_BY	PP_437
F_223	DETECTED_BY	PP_079
F_223	FIXED_BY	PP_079
F_223	LIMITED_BY	S_602
F_2230	FIXED_BY	PP_437
F_2230	LIMITED_BY	S_1369
F_2231	FIXED_BY	PP_437
F_2232	FIXED_BY	PP_437
F_2233	FIXED_BY	PP_438
F_2234	FIXED_BY	PP_438
F_2235	FIXED_BY	PP_439
F_2237	LIMITED_BY	S_1370
F_2238	FIXED_BY	PP_439
F_2238	LIMITED_BY	S_1371
F_2238	LIMITED_BY	S_1372
F_2239	FIXED_BY	PP_440
F_224	DETECTED_BY	PP_079
F_224	LIMITED_BY	S_603
F_2240	FIXED_BY	PP_440
F_2240	LIMITED_BY	S_1374
F_2241	FIXED_BY	PP_440
F_2241	LIMITED_BY	S_1375
F_2242	FIXED_BY	PP_440
F_2242	LIMITED_BY	S_1376
F_2243	FIXED_BY	PP_440
F_2244	FIXED_BY	PP_440
F_2245	FIXED_BY	PP_440
F_2246	FIXED_BY	PP_441
F_2247	FIXED_BY	PP_441
F_2247	LIMITED_BY	S_1377
F_2248	FIXED_BY	PP_441
F_2248	LIMITED_BY	S_1378
F_2249	FIXED_BY	PP_441
F_2249	LIMITED_BY	S_1380
F_2249	LIMITED_BY	S_1381
F_225	DETECTED_BY	PP_079
F_225	FIXED_BY	PP_079
F_2250	FIXED_BY	PP_441
F_2250	LIMITED_BY	S_1382
F_2250	LIMITED_BY	S_1384
F_2250	LIMITED_BY	S_1385
F_2251	FIXED_BY	PP_441
F_2251	LIMITED_BY	S_1387
F_2251	LIMITED_BY	S_1388
F_2252	LIMITED_BY	S_1389
F_2253	FIXED_BY	PP_442
F_2254	FIXED_BY	PP_442
F_2255	FIXED_BY	PP_442
F_2256	FIXED_BY	PP_442
F_2257	FIXED_BY	PP_442
F_2259	FIXED_BY	PP_442
F_2259	LIMITED_BY	S_1390
F_226	DETECTED_BY	PP_079
F_226	FIXED_BY	PP_079
F_226	LIMITED_BY	S_605
F_2260	FIXED_BY	PP_442
F_2260	LIMITED_BY	S_1392
F_2261	FIXED_BY	PP_443
F_2264	FIXED_BY	PP_443
F_2265	FIXED_BY	PP_443
F_2265	LIMITED_BY	S_1393
F_2265	LIMITED_BY	S_1394
F_2266	LIMITED_BY	S_1395
F_2267	FIXED_BY	PP_443
F_2267	LIMITED_BY	S_1396
F_2268	FIXED_BY	PP_444
F_2269	FIXED_BY	PP_444
F_227	DETECTED_BY	PP_079
F_227	LIMITED_BY	S_606
F_2270	FIXED_BY	PP_444
F_2271	FIXED_BY	PP_444
F_2272	FIXED_BY	PP_444
F_2273	FIXED_BY	PP_444
F_2274	FIXED_BY	PP_445
F_2275	FIXED_BY	PP_445
F_2276	FIXED_BY	PP_445
F_2277	FIXED_BY	PP_445
F_2278	FIXED_BY	PP_445
F_2279	FIXED_BY	PP_445
F_228	DETECTED_BY	PP_080
F_228	FIXED_BY	PP_080
F_2280	FIXED_BY	PP_446
F_2281	FIXED_BY	PP_446
F_2282	FIXED_BY	PP_446
F_2283	FIXED_BY	PP_446
F_2284	FIXED_BY	PP_446
F_2285	FIXED_BY	PP_446
F_2286	FIXED_BY	PP_446
F_2287	FIXED_BY	PP_447
F_2288	FIXED_BY	PP_447
F_2289	FIXED_BY	PP_447
F_229	DETECTED_BY	PP_080
F_229	FIXED_BY	PP_080
F_2290	FIXED_BY	PP_448
F_2291	FIXED_BY	PP_448
F_2292	FIXED_BY	PP_449
F_2293	FIXED_BY	PP_449
F_2294	FIXED_BY	PP_449
F_2295	FIXED_BY	PP_450
F_2297	FIXED_BY	PP_451
F_2298	FIXED_BY	PP_451
F_2299	FIXED_BY	PP_451
F_230	DETECTED_BY	PP_080
F_230	FIXED_BY	PP_080
F_2300	FIXED_BY	PP_452
F_2302	FIXED_BY	PP_452
F_2303	FIXED_BY	PP_452
F_2304	FIXED_BY	PP_452
F_2305	FIXED_BY	PP_452
F_2306	FIXED_BY	PP_452
F_2308	FIXED_BY	PP_452
F_2309	FIXED_BY	PP_453
F_231	DETECTED_BY	PP_080
F_231	FIXED_BY	PP_080
F_231	LIMITED_BY	S_607
F_231	LIMITED_BY	S_608
F_231	LIMITED_BY	S_609
F_2310	FIXED_BY	PP_453
F_2311	FIXED_BY	PP_453
F_2312	FIXED_BY	PP_453
F_2313	FIXED_BY	PP_453
F_2314	FIXED_BY	PP_453
F_2315	FIXED_BY	PP_453
F_2316	FIXED_BY	PP_453
F_2317	FIXED_BY	PP_453
F_2318	FIXED_BY	PP_453
F_232	DETECTED_BY	PP_080
F_232	FIXED_BY	PP_080
F_2320	FIXED_BY	PP_453
F_2321	FIXED_BY	PP_453
F_2322	FIXED_BY	PP_453
F_2323	FIXED_BY	PP_454
F_2325	FIXED_BY	PP_454
F_2326	FIXED_BY	PP_454
F_2327	FIXED_BY	PP_454
F_2328	FIXED_BY	PP_454
F_2329	FIXED_BY	PP_454
F_233	DETECTED_BY	PP_080
F_2330	FIXED_BY	PP_455
F_2330	LIMITED_BY	S_1397
F_2331	FIXED_BY	PP_455
F_2331	LIMITED_BY	S_1398
F_2332	FIXED_BY	PP_456
F_2332	LIMITED_BY	S_1399
F_2333	FIXED_BY	PP_456
F_2333	LIMITED_BY	S_1400
F_2334	FIXED_BY	PP_456
F_2335	FIXED_BY	PP_456
F_2335	LIMITED_BY	S_1402
F_2336	FIXED_BY	PP_456
F_2336	LIMITED_BY	S_1403
F_2337	FIXED_BY	PP_456
F_2337	LIMITED_BY	S_1404
F_2338	FIXED_BY	PP_456
F_2338	LIMITED_BY	S_1405
F_2339	FIXED_BY	PP_456
F_2339	LIMITED_BY	S_1406
F_234	DETECTED_BY	PP_081
F_234	FIXED_BY	PP_081
F_2340	FIXED_BY	PP_457
F_2340	LIMITED_BY	S_1407
F_2341	FIXED_BY	PP_457
F_2341	LIMITED_BY	S_1408
F_2342	FIXED_BY	PP_457
F_2342	LIMITED_BY	S_1409
F_2343	FIXED_BY	PP_457
F_2343	LIMITED_BY	S_1410
F_2344	FIXED_BY	PP_457
F_2344	LIMITED_BY	S_1411
F_2345	FIXED_BY	PP_457
F_2346	FIXED_BY	PP_456
F_2346	LIMITED_BY	S_1413
F_2347	FIXED_BY	PP_456
F_2347	LIMITED_BY	S_1414
F_2348	FIXED_BY	PP_456
F_2348	LIMITED_BY	S_1415
F_2349	FIXED_BY	PP_456
F_2349	LIMITED_BY	S_1416
F_235	DETECTED_BY	PP_082
F_2350	FIXED_BY	PP_456
F_2351	FIXED_BY	PP_456
F_2351	LIMITED_BY	S_1418
F_2352	LIMITED_BY	S_1419
F_2353	FIXED_BY	PP_456
F_2353	LIMITED_BY	S_1420
F_2354	FIXED_BY	PP_456
F_2354	LIMITED_BY	S_1421
F_2355	FIXED_BY	PP_458
F_2355	LIMITED_BY	S_1422
F_2356	FIXED_BY	PP_458
F_2356	LIMITED_BY	S_1423
F_2357	FIXED_BY	PP_458
F_2357	LIMITED_BY	S_1424
F_2358	FIXED_BY	PP_458
F_2358	LIMITED_BY	S_1425
F_2359	LIMITED_BY	S_1426
F_236	DETECTED_BY	PP_082
F_236	FIXED_BY	PP_082
F_2360	FIXED_BY	PP_458
F_2360	LIMITED_BY	S_1427
F_2361	FIXED_BY	PP_458
F_2361	LIMITED_BY	S_1428
F_2363	FIXED_BY	PP_458
F_2363	LIMITED_BY	S_1430
F_2364	FIXED_BY	PP_458
F_2364	LIMITED_BY	S_1431
F_2365	FIXED_BY	PP_458
F_2365	LIMITED_BY	S_1432
F_2366	FIXED_BY	PP_458
F_2366	LIMITED_BY	S_1433
F_2367	LIMITED_BY	S_1434
F_2368	FIXED_BY	PP_458
F_2368	LIMITED_BY	S_1435
F_2369	FIXED_BY	PP_458
F_2369	LIMITED_BY	S_1436
F_237	DETECTED_BY	PP_082
F_2370	FIXED_BY	PP_459
F_2370	LIMITED_BY	S_1437
F_2371	FIXED_BY	PP_459
F_2371	LIMITED_BY	S_1438
F_2372	FIXED_BY	PP_463
F_2372	LIMITED_BY	S_1439
F_2373	FIXED_BY	PP_463
F_2373	LIMITED_BY	S_1440
F_2374	FIXED_BY	PP_459
F_2375	FIXED_BY	PP_459
F_2377	FIXED_BY	PP_459
F_2378	FIXED_BY	PP_460
F_2379	FIXED_BY	PP_461
F_238	DETECTED_BY	PP_082
F_238	FIXED_BY	PP_082
F_2380	FIXED_BY	PP_461
F_2381	FIXED_BY	PP_461
F_2382	FIXED_BY	PP_462
F_2384	FIXED_BY	PP_463
F_2385	FIXED_BY	PP_463
F_2386	FIXED_BY	PP_463
F_2388	DETECTED_BY	PP_466
F_2389	DETECTED_BY	PP_466
F_239	DETECTED_BY	PP_083
F_239	FIXED_BY	PP_083
F_2390	DETECTED_BY	PP_466
F_2391	DETECTED_BY	PP_466
F_2392	DETECTED_BY	PP_466
F_2393	DETECTED_BY	PP_466
F_2394	DETECTED_BY	PP_467
F_2395	DETECTED_BY	PP_467
F_2396	DETECTED_BY	PP_467
F_2397	DETECTED_BY	PP_467
F_2398	DETECTED_BY	PP_467
F_2399	DETECTED_BY	PP_467
F_240	DETECTED_BY	PP_083
F_240	FIXED_BY	PP_083
F_2400	DETECTED_BY	PP_467
F_2401	DETECTED_BY	PP_468
F_2402	DETECTED_BY	PP_464
F_2402	FIXED_BY	DR_1085
F_2402	LIMITED_BY	S_1441
F_2403	DETECTED_BY	PP_464
F_2403	FIXED_BY	DR_1086
F_2403	LIMITED_BY	S_1442
F_2404	DETECTED_BY	PP_464
F_2404	FIXED_BY	DR_1087
F_2404	LIMITED_BY	S_1443
F_2405	DETECTED_BY	PP_464
F_2405	FIXED_BY	DR_1088
F_2405	LIMITED_BY	S_1444
F_2406	DETECTED_BY	PP_464
F_2406	FIXED_BY	DR_1089
F_2406	LIMITED_BY	S_1445
F_2407	DETECTED_BY	PP_464
F_2407	FIXED_BY	DR_1090
F_2407	LIMITED_BY	S_1446
F_2408	DETECTED_BY	PP_464
F_2408	FIXED_BY	DR_1091
F_2408	LIMITED_BY	S_1447
F_2409	DETECTED_BY	PP_464
F_2409	FIXED_BY	DR_1092
F_2409	LIMITED_BY	S_1448
F_241	DETECTED_BY	PP_083
F_241	LIMITED_BY	S_610
F_2410	DETECTED_BY	PP_464
F_2410	FIXED_BY	DR_1093
F_2411	DETECTED_BY	PP_464
F_2411	FIXED_BY	DR_1094
F_2412	DETECTED_BY	PP_464
F_2412	LIMITED_BY	S_1451
F_2413	DETECTED_BY	PP_464
F_2413	FIXED_BY	DR_1096
F_2413	LIMITED_BY	S_1452
F_2414	DETECTED_BY	PP_464
F_2414	FIXED_BY	DR_1097
F_2414	LIMITED_BY	S_1453
F_2415	DETECTED_BY	PP_464
F_2415	FIXED_BY	DR_1098
F_2415	LIMITED_BY	S_1454
F_2416	DETECTED_BY	PP_464
F_2416	LIMITED_BY	S_1455
F_2417	FIXED_BY	DR_1100
F_2417	LIMITED_BY	S_1456
F_2418	DETECTED_BY	PP_464
F_2418	FIXED_BY	DR_1101
F_2418	LIMITED_BY	S_1457
F_2419	DETECTED_BY	PP_464
F_2419	FIXED_BY	DR_1102
F_2419	LIMITED_BY	S_1458
F_242	DETECTED_BY	PP_083
F_242	FIXED_BY	PP_083
F_2420	DETECTED_BY	PP_464
F_2420	FIXED_BY	DR_1103
F_2420	LIMITED_BY	S_1459
F_2421	DETECTED_BY	PP_464
F_2421	FIXED_BY	DR_1104
F_2421	LIMITED_BY	S_1460
F_2422	DETECTED_BY	PP_464
F_2422	FIXED_BY	DR_1105
F_2422	LIMITED_BY	S_1461
F_2423	DETECTED_BY	PP_464
F_2423	FIXED_BY	DR_1106
F_2423	LIMITED_BY	S_1462
F_2424	FIXED_BY	DR_1107
F_2424	LIMITED_BY	S_1463
F_2425	DETECTED_BY	PP_464
F_2425	FIXED_BY	DR_1108
F_2425	LIMITED_BY	S_1464
F_2426	DETECTED_BY	PP_465
F_2426	LIMITED_BY	S_1465
F_2427	DETECTED_BY	PP_465
F_2427	FIXED_BY	DR_1110
F_2427	LIMITED_BY	S_1466
F_2428	FIXED_BY	DR_1111
F_2428	LIMITED_BY	S_1467
F_243	DETECTED_BY	PP_084
F_2430	DETECTED_BY	PP_465
F_2430	FIXED_BY	DR_1113
F_2430	LIMITED_BY	S_1469
F_2431	FIXED_BY	DR_1114
F_2432	DETECTED_BY	PP_465
F_2432	FIXED_BY	DR_1115
F_2432	LIMITED_BY	S_1471
F_2433	DETECTED_BY	PP_465
F_2433	FIXED_BY	DR_1116
F_2433	LIMITED_BY	S_1472
F_2434	DETECTED_BY	PP_465
F_2434	FIXED_BY	DR_1117
F_2434	LIMITED_BY	S_1473
F_2435	DETECTED_BY	PP_465
F_2435	FIXED_BY	DR_1118
F_2435	LIMITED_BY	S_1474
F_2436	DETECTED_BY	PP_465
F_2436	FIXED_BY	DR_1119
F_2436	LIMITED_BY	S_1475
F_2437	DETECTED_BY	PP_465
F_2437	FIXED_BY	DR_1120
F_2438	DETECTED_BY	PP_465
F_2438	FIXED_BY	DR_1121
F_2438	LIMITED_BY	S_1477
F_2439	DETECTED_BY	PP_465
F_2439	LIMITED_BY	S_1478
F_244	DETECTED_BY	PP_084
F_244	FIXED_BY	PP_084
F_2440	DETECTED_BY	PP_466
F_2440	FIXED_BY	DR_1123
F_2440	LIMITED_BY	S_1479
F_2441	LIMITED_BY	S_1480
F_2442	DETECTED_BY	PP_466
F_2442	FIXED_BY	DR_1125
F_2442	LIMITED_BY	S_1481
F_2443	DETECTED_BY	PP_466
F_2443	FIXED_BY	DR_1126
F_2444	DETECTED_BY	PP_467
F_2444	LIMITED_BY	S_1483
F_2445	DETECTED_BY	PP_467
F_2445	FIXED_BY	DR_1128
F_2445	LIMITED_BY	S_1484
F_2446	DETECTED_BY	PP_467
F_2446	FIXED_BY	DR_1129
F_2446	LIMITED_BY	S_1485
F_2447	DETECTED_BY	PP_467
F_2447	FIXED_BY	DR_1130
F_2447	LIMITED_BY	S_1486
F_2448	DETECTED_BY	PP_467
F_2448	FIXED_BY	DR_1131
F_2448	LIMITED_BY	S_1487
F_2449	DETECTED_BY	PP_467
F_2449	FIXED_BY	DR_1132
F_2449	LIMITED_BY	S_1488
F_245	DETECTED_BY	PP_084
F_245	FIXED_BY	PP_084
F_2450	DETECTED_BY	PP_467
F_2450	FIXED_BY	DR_1133
F_2450	LIMITED_BY	S_1489
F_2451	DETECTED_BY	PP_467
F_2451	FIXED_BY	DR_1134
F_2451	LIMITED_BY	S_1490
F_2452	DETECTED_BY	PP_467
F_2452	FIXED_BY	DR_1135
F_2452	LIMITED_BY	S_1491
F_2453	DETECTED_BY	PP_467
F_2453	FIXED_BY	DR_1136
F_2453	LIMITED_BY	S_1492
F_2454	DETECTED_BY	PP_467
F_2454	FIXED_BY	DR_1137
F_2454	LIMITED_BY	S_1493
F_2455	LIMITED_BY	S_1494
F_2456	DETECTED_BY	PP_467
F_2456	FIXED_BY	DR_1139
F_2456	LIMITED_BY	S_1495
F_2457	DETECTED_BY	PP_467
F_2457	LIMITED_BY	S_1496
F_2458	DETECTED_BY	PP_467
F_2458	FIXED_BY	DR_1141
F_2458	LIMITED_BY	S_1497
F_2459	FIXED_BY	DR_1142
F_2459	LIMITED_BY	S_1498
F_246	DETECTED_BY	PP_084
F_246	FIXED_BY	PP_084
F_2460	DETECTED_BY	PP_467
F_2460	LIMITED_BY	S_1499
F_2461	DETECTED_BY	PP_467
F_2462	DETECTED_BY	PP_467
F_2464	DETECTED_BY	PP_467
F_2465	DETECTED_BY	PP_467
F_2466	DETECTED_BY	PP_467
F_2467	DETECTED_BY	PP_467
F_2468	DETECTED_BY	PP_467
F_2469	DETECTED_BY	PP_467
F_247	DETECTED_BY	PP_085
F_247	FIXED_BY	PP_085
F_2470	DETECTED_BY	PP_467
F_2471	DETECTED_BY	PP_467
F_2472	DETECTED_BY	PP_467
F_2473	DETECTED_BY	PP_467
F_2474	DETECTED_BY	PP_467
F_2475	DETECTED_BY	PP_467
F_2476	DETECTED_BY	PP_469
F_2477	DETECTED_BY	PP_469
F_2477	LIMITED_BY	S_1501
F_2478	DETECTED_BY	PP_469
F_2478	LIMITED_BY	S_1502
F_2479	DETECTED_BY	PP_469
F_2479	LIMITED_BY	S_1503
F_248	DETECTED_BY	PP_086
F_248	FIXED_BY	PP_086
F_2480	DETECTED_BY	PP_469
F_2480	LIMITED_BY	S_1504
F_2481	DETECTED_BY	PP_469
F_2481	LIMITED_BY	S_1505
F_2482	DETECTED_BY	PP_469
F_2482	LIMITED_BY	S_1506
F_2483	DETECTED_BY	PP_469
F_2483	LIMITED_BY	S_1507
F_2484	LIMITED_BY	S_1508
F_2485	LIMITED_BY	S_1509
F_2486	DETECTED_BY	PP_469
F_2486	LIMITED_BY	S_1510
F_2487	DETECTED_BY	PP_469
F_2487	LIMITED_BY	S_1511
F_2488	DETECTED_BY	PP_469
F_2488	LIMITED_BY	S_1512
F_2489	DETECTED_BY	PP_469
F_2489	LIMITED_BY	S_1513
F_249	FIXED_BY	PP_086
F_249	LIMITED_BY	S_611
F_249	LIMITED_BY	S_612
F_249	LIMITED_BY	S_613
F_2490	DETECTED_BY	PP_469
F_2490	LIMITED_BY	S_1514
F_2491	DETECTED_BY	PP_469
F_2491	LIMITED_BY	S_1515
F_2492	LIMITED_BY	S_1516
F_2493	DETECTED_BY	PP_469
F_2494	LIMITED_BY	S_1518
F_2495	DETECTED_BY	PP_469
F_2496	LIMITED_BY	S_1520
F_2497	DETECTED_BY	PP_469
F_2498	DETECTED_BY	PP_469
F_2498	LIMITED_BY	S_1522
F_2499	DETECTED_BY	PP_469
F_2499	LIMITED_BY	S_1523
F_250	DETECTED_BY	PP_087
F_250	FIXED_BY	PP_087
F_2500	LIMITED_BY	S_1524
F_2501	DETECTED_BY	PP_469
F_2501	LIMITED_BY	S_1525
F_2502	DETECTED_BY	PP_469
F_2502	LIMITED_BY	S_1526
F_2503	DETECTED_BY	PP_469
F_2504	DETECTED_BY	PP_469
F_2504	LIMITED_BY	S_1528
F_2505	DETECTED_BY	PP_469
F_2505	LIMITED_BY	S_1529
F_2506	DETECTED_BY	PP_470
F_2506	LIMITED_BY	S_1530
F_2507	DETECTED_BY	PP_470
F_2507	LIMITED_BY	S_1531
F_2508	DETECTED_BY	PP_470
F_2508	LIMITED_BY	S_1532
F_2509	DETECTED_BY	PP_470
F_251	DETECTED_BY	PP_087
F_251	FIXED_BY	PP_087
F_2510	DETECTED_BY	PP_470
F_2510	LIMITED_BY	S_1534
F_2511	LIMITED_BY	S_1535
F_2512	DETECTED_BY	PP_470
F_2512	LIMITED_BY	S_1536
F_2513	DETECTED_BY	PP_470
F_2513	LIMITED_BY	S_1537
F_2514	DETECTED_BY	PP_470
F_2514	LIMITED_BY	S_1538
F_2515	DETECTED_BY	PP_470
F_2515	LIMITED_BY	S_1539
F_2516	DETECTED_BY	PP_470
F_2516	LIMITED_BY	S_1540
F_2518	LIMITED_BY	S_1542
F_2519	LIMITED_BY	S_1543
F_252	FIXED_BY	PP_087
F_252	LIMITED_BY	S_614
F_252	LIMITED_BY	S_615
F_2520	DETECTED_BY	PP_470
F_2520	LIMITED_BY	S_1544
F_2521	DETECTED_BY	PP_470
F_2521	LIMITED_BY	S_1545
F_2522	DETECTED_BY	PP_470
F_2523	DETECTED_BY	PP_470
F_2523	LIMITED_BY	S_1547
F_2524	DETECTED_BY	PP_470
F_2524	LIMITED_BY	S_1548
F_2525	DETECTED_BY	PP_470
F_2526	LIMITED_BY	S_1550
F_2527	DETECTED_BY	PP_470
F_2527	LIMITED_BY	S_1551
F_2528	LIMITED_BY	S_1552
F_2529	DETECTED_BY	PP_470
F_2529	LIMITED_BY	S_1553
F_253	DETECTED_BY	PP_087
F_253	FIXED_BY	PP_087
F_253	LIMITED_BY	S_616
F_253	LIMITED_BY	S_617
F_2530	DETECTED_BY	PP_470
F_2530	LIMITED_BY	S_1554
F_2531	DETECTED_BY	PP_470
F_2531	LIMITED_BY	S_1555
F_2532	DETECTED_BY	PP_470
F_2532	LIMITED_BY	S_1556
F_2533	FIXED_BY	DR_1208
F_2534	FIXED_BY	DR_1209
F_2535	FIXED_BY	DR_1210
F_2536	FIXED_BY	DR_1211
F_2537	FIXED_BY	DR_1212
F_2538	DETECTED_BY	PP_685
F_2538	LIMITED_BY	S_128
F_2538	LIMITED_BY	S_1560
F_2538	LIMITED_BY	S_1561
F_2539	LIMITED_BY	S_112
F_254	DETECTED_BY	PP_088
F_254	FIXED_BY	PP_088
F_2540	DETECTED_BY	PP_686
F_2540	LIMITED_BY	S_1562
F_2541	DETECTED_BY	PP_687
F_2542	DETECTED_BY	PP_688
F_2543	DETECTED_BY	PP_688
F_2543	LIMITED_BY	S_1563
F_2544	DETECTED_BY	PP_686
F_2545	DETECTED_BY	PP_685
F_2545	FIXED_BY	PP_689
F_2546	DETECTED_BY	PP_698
F_2547	DETECTED_BY	PP_698
F_255	DETECTED_BY	PP_088
F_255	FIXED_BY	PP_088
F_2550	DETECTED_BY	PP_698
F_2550	FIXED_BY	PP_702
F_2551	DETECTED_BY	PP_698
F_2552	DETECTED_BY	PP_698
F_2553	DETECTED_BY	PP_698
F_2554	DETECTED_BY	PP_700
F_2554	FIXED_BY	PP_700
F_2555	DETECTED_BY	PP_701
F_2556	DETECTED_BY	PP_702
F_2556	FIXED_BY	PP_702
F_2557	DETECTED_BY	PP_704
F_256	DETECTED_BY	PP_088
F_256	FIXED_BY	PP_088
F_257	FIXED_BY	PP_088
F_258	DETECTED_BY	PP_088
F_258	FIXED_BY	PP_088
F_259	DETECTED_BY	PP_089
F_259	FIXED_BY	PP_089
F_260	DETECTED_BY	PP_089
F_261	DETECTED_BY	PP_089
F_261	FIXED_BY	PP_089
F_262	DETECTED_BY	PP_089
F_262	FIXED_BY	PP_089
F_263	DETECTED_BY	PP_089
F_263	FIXED_BY	PP_089
F_264	DETECTED_BY	PP_089
F_264	FIXED_BY	PP_089
F_265	DETECTED_BY	PP_090
F_266	DETECTED_BY	PP_090
F_266	FIXED_BY	PP_090
F_267	DETECTED_BY	PP_090
F_267	FIXED_BY	PP_090
F_268	DETECTED_BY	PP_091
F_268	FIXED_BY	PP_091
F_269	DETECTED_BY	PP_091
F_270	DETECTED_BY	PP_091
F_270	FIXED_BY	PP_091
F_270	LIMITED_BY	S_618
F_271	DETECTED_BY	PP_091
F_271	FIXED_BY	PP_091
F_272	DETECTED_BY	PP_091
F_272	FIXED_BY	PP_091
F_273	DETECTED_BY	PP_092
F_273	FIXED_BY	PP_092
F_274	DETECTED_BY	PP_093
F_274	FIXED_BY	PP_093
F_275	DETECTED_BY	PP_093
F_276	DETECTED_BY	PP_093
F_276	FIXED_BY	PP_093
F_277	DETECTED_BY	PP_090
F_277	FIXED_BY	PP_090
F_277	LIMITED_BY	S_619
F_278	DETECTED_BY	PP_090
F_278	FIXED_BY	PP_090
F_279	DETECTED_BY	PP_090
F_279	FIXED_BY	PP_090
F_280	DETECTED_BY	PP_090
F_280	FIXED_BY	PP_090
F_281	DETECTED_BY	PP_094
F_281	FIXED_BY	PP_094
F_282	DETECTED_BY	PP_094
F_283	DETECTED_BY	PP_094
F_283	FIXED_BY	PP_094
F_284	DETECTED_BY	PP_094
F_285	DETECTED_BY	PP_094
F_285	FIXED_BY	PP_094
F_286	DETECTED_BY	PP_094
F_286	FIXED_BY	PP_094
F_287	FIXED_BY	PP_094
F_288	DETECTED_BY	PP_094
F_289	FIXED_BY	PP_094
F_290	DETECTED_BY	PP_094
F_290	FIXED_BY	PP_094
F_291	DETECTED_BY	PP_094
F_291	FIXED_BY	PP_094
F_292	DETECTED_BY	PP_095
F_292	FIXED_BY	PP_095
F_293	DETECTED_BY	PP_095
F_293	LIMITED_BY	S_620
F_294	DETECTED_BY	PP_095
F_294	FIXED_BY	PP_095
F_295	DETECTED_BY	PP_095
F_295	FIXED_BY	PP_095
F_295	LIMITED_BY	S_622
F_296	DETECTED_BY	PP_095
F_296	FIXED_BY	PP_095
F_296	LIMITED_BY	S_623
F_297	DETECTED_BY	PP_095
F_297	FIXED_BY	PP_095
F_297	LIMITED_BY	S_624
F_298	DETECTED_BY	PP_095
F_298	FIXED_BY	PP_095
F_298	LIMITED_BY	S_625
F_299	DETECTED_BY	PP_096
F_299	FIXED_BY	PP_096
F_300	DETECTED_BY	PP_096
F_300	FIXED_BY	PP_096
F_301	DETECTED_BY	PP_096
F_301	FIXED_BY	PP_096
F_302	DETECTED_BY	PP_096
F_303	FIXED_BY	PP_096
F_304	DETECTED_BY	PP_096
F_304	FIXED_BY	PP_096
F_305	DETECTED_BY	PP_096
F_306	DETECTED_BY	PP_096
F_306	FIXED_BY	PP_096
F_307	DETECTED_BY	PP_096
F_307	FIXED_BY	PP_096
F_308	DETECTED_BY	PP_096
F_308	FIXED_BY	PP_096
F_309	DETECTED_BY	PP_096
F_309	FIXED_BY	PP_096
F_310	DETECTED_BY	PP_096
F_310	FIXED_BY	PP_096
F_311	DETECTED_BY	PP_096
F_311	FIXED_BY	PP_096
F_312	DETECTED_BY	PP_096
F_312	FIXED_BY	PP_096
F_313	DETECTED_BY	PP_096
F_314	DETECTED_BY	PP_096
F_314	FIXED_BY	PP_096
F_315	DETECTED_BY	PP_096
F_315	FIXED_BY	PP_096
F_316	DETECTED_BY	PP_096
F_316	FIXED_BY	PP_096
F_317	DETECTED_BY	PP_096
F_317	FIXED_BY	PP_096
F_318	DETECTED_BY	PP_096
F_318	FIXED_BY	PP_096
F_319	DETECTED_BY	PP_096
F_319	FIXED_BY	PP_096
F_320	DETECTED_BY	PP_096
F_321	DETECTED_BY	PP_096
F_321	FIXED_BY	PP_096
F_322	DETECTED_BY	PP_096
F_322	FIXED_BY	PP_096
F_323	DETECTED_BY	PP_096
F_323	FIXED_BY	PP_096
F_324	DETECTED_BY	PP_096
F_324	FIXED_BY	PP_096
F_325	DETECTED_BY	PP_096
F_325	FIXED_BY	PP_096
F_326	DETECTED_BY	PP_096
F_327	DETECTED_BY	PP_096
F_327	FIXED_BY	PP_096
F_328	DETECTED_BY	PP_096
F_328	FIXED_BY	PP_096
F_329	DETECTED_BY	PP_096
F_329	FIXED_BY	PP_096
F_330	DETECTED_BY	PP_096
F_330	FIXED_BY	PP_096
F_331	DETECTED_BY	PP_096
F_331	FIXED_BY	PP_096
F_332	DETECTED_BY	PP_098
F_332	FIXED_BY	PP_098
F_332	LIMITED_BY	S_715
F_333	DETECTED_BY	PP_098
F_333	FIXED_BY	PP_098
F_333	LIMITED_BY	S_627
F_333	LIMITED_BY	S_629
F_333	LIMITED_BY	S_630
F_333	LIMITED_BY	S_631
F_333	LIMITED_BY	S_632
F_333	LIMITED_BY	S_633
F_333	LIMITED_BY	S_634
F_333	LIMITED_BY	S_716
F_333	LIMITED_BY	S_717
F_333	LIMITED_BY	S_718
F_333	LIMITED_BY	S_719
F_333	LIMITED_BY	S_720
F_333	LIMITED_BY	S_721
F_333	LIMITED_BY	S_722
F_333	LIMITED_BY	S_723
F_333	LIMITED_BY	S_724
F_333	LIMITED_BY	S_725
F_333	LIMITED_BY	S_726
F_334	FIXED_BY	PP_098
F_335	DETECTED_BY	PP_098
F_335	FIXED_BY	PP_098
F_335	LIMITED_BY	S_635
F_336	DETECTED_BY	PP_099
F_336	FIXED_BY	PP_099
F_337	DETECTED_BY	PP_099
F_337	FIXED_BY	PP_099
F_338	DETECTED_BY	PP_102
F_338	FIXED_BY	PP_102
F_338	LIMITED_BY	S_637
F_339	DETECTED_BY	PP_102
F_339	FIXED_BY	PP_102
F_339	LIMITED_BY	S_638
F_340	DETECTED_BY	PP_102
F_340	FIXED_BY	PP_102
F_340	LIMITED_BY	S_639
F_340	LIMITED_BY	S_640
F_341	DETECTED_BY	PP_102
F_341	FIXED_BY	PP_102
F_341	LIMITED_BY	S_641
F_342	LIMITED_BY	S_643
F_342	LIMITED_BY	S_644
F_343	DETECTED_BY	PP_102
F_343	FIXED_BY	PP_102
F_343	LIMITED_BY	S_645
F_343	LIMITED_BY	S_646
F_344	DETECTED_BY	PP_102
F_344	FIXED_BY	PP_102
F_344	LIMITED_BY	S_647
F_345	DETECTED_BY	PP_103
F_345	LIMITED_BY	S_648
F_345	LIMITED_BY	S_649
F_346	DETECTED_BY	PP_103
F_346	LIMITED_BY	S_650
F_347	LIMITED_BY	S_651
F_348	DETECTED_BY	PP_103
F_348	LIMITED_BY	S_652
F_349	DETECTED_BY	PP_103
F_349	LIMITED_BY	S_653
F_350	DETECTED_BY	PP_103
F_351	DETECTED_BY	PP_103
F_351	LIMITED_BY	S_655
F_351	LIMITED_BY	S_656
F_352	DETECTED_BY	PP_103
F_352	LIMITED_BY	S_658
F_353	DETECTED_BY	PP_103
F_353	LIMITED_BY	S_660
F_354	DETECTED_BY	PP_104
F_354	FIXED_BY	PP_104
F_355	DETECTED_BY	PP_105
F_355	FIXED_BY	PP_105
F_356	DETECTED_BY	PP_106
F_356	LIMITED_BY	S_661
F_357	DETECTED_BY	PP_106
F_357	FIXED_BY	PP_106
F_357	LIMITED_BY	S_662
F_358	DETECTED_BY	PP_106
F_358	FIXED_BY	PP_106
F_358	LIMITED_BY	S_663
F_359	DETECTED_BY	PP_107
F_359	FIXED_BY	PP_107
F_359	LIMITED_BY	S_664
F_360	DETECTED_BY	PP_107
F_360	FIXED_BY	PP_107
F_361	DETECTED_BY	PP_107
F_361	FIXED_BY	PP_107
F_363	DETECTED_BY	PP_104
F_363	DETECTED_BY	PP_109
F_363	FIXED_BY	PP_104
F_364	DETECTED_BY	PP_110
F_364	FIXED_BY	PP_110
F_365	DETECTED_BY	PP_110
F_365	FIXED_BY	PP_110
F_366	DETECTED_BY	PP_110
F_366	FIXED_BY	PP_110
F_366	LIMITED_BY	S_665
F_367	DETECTED_BY	PP_110
F_367	FIXED_BY	PP_110
F_367	LIMITED_BY	S_666
F_369	LIMITED_BY	S_667
F_370	DETECTED_BY	PP_111
F_370	FIXED_BY	PP_111
F_370	LIMITED_BY	S_668
F_371	FIXED_BY	PP_111
F_371	LIMITED_BY	S_669
F_372	DETECTED_BY	PP_111
F_372	FIXED_BY	PP_111
F_372	LIMITED_BY	S_670
F_373	DETECTED_BY	PP_111
F_373	FIXED_BY	PP_111
F_374	DETECTED_BY	PP_111
F_374	LIMITED_BY	S_672
F_375	FIXED_BY	PP_111
F_375	LIMITED_BY	S_673
F_376	DETECTED_BY	PP_112
F_376	FIXED_BY	PP_112
F_377	DETECTED_BY	PP_112
F_377	LIMITED_BY	S_674
F_378	DETECTED_BY	PP_112
F_378	LIMITED_BY	S_675
F_379	DETECTED_BY	PP_112
F_379	FIXED_BY	PP_112
F_379	LIMITED_BY	S_676
F_380	FIXED_BY	PP_112
F_380	LIMITED_BY	S_677
F_381	DETECTED_BY	PP_112
F_381	FIXED_BY	PP_112
F_381	LIMITED_BY	S_678
F_382	DETECTED_BY	PP_112
F_382	FIXED_BY	PP_112
F_383	FIXED_BY	PP_112
F_383	LIMITED_BY	S_680
F_384	DETECTED_BY	PP_112
F_384	FIXED_BY	PP_112
F_384	LIMITED_BY	S_681
F_385	DETECTED_BY	PP_113
F_386	DETECTED_BY	PP_113
F_386	LIMITED_BY	S_683
F_387	DETECTED_BY	PP_113
F_387	LIMITED_BY	S_684
F_388	DETECTED_BY	PP_113
F_388	LIMITED_BY	S_685
F_389	DETECTED_BY	PP_113
F_390	DETECTED_BY	PP_114
F_390	FIXED_BY	PP_114
F_390	LIMITED_BY	S_687
F_391	DETECTED_BY	PP_114
F_391	FIXED_BY	PP_114
F_392	DETECTED_BY	PP_114
F_392	FIXED_BY	PP_114
F_392	LIMITED_BY	S_689
F_393	DETECTED_BY	PP_114
F_393	FIXED_BY	PP_114
F_393	LIMITED_BY	S_690
F_394	DETECTED_BY	PP_114
F_394	FIXED_BY	PP_114
F_394	LIMITED_BY	S_691
F_395	DETECTED_BY	PP_115
F_395	FIXED_BY	PP_115
F_395	LIMITED_BY	S_692
F_396	DETECTED_BY	PP_115
F_396	FIXED_BY	PP_115
F_397	DETECTED_BY	PP_115
F_397	FIXED_BY	PP_115
F_397	LIMITED_BY	S_694
F_398	DETECTED_BY	PP_115
F_398	FIXED_BY	PP_115
F_399	DETECTED_BY	PP_115
F_399	FIXED_BY	PP_115
F_400	DETECTED_BY	PP_115
F_400	FIXED_BY	PP_115
F_400	LIMITED_BY	S_697
F_401	DETECTED_BY	PP_152
F_401	FIXED_BY	PP_152
F_401	LIMITED_BY	S_698
F_402	FIXED_BY	PP_152
F_402	LIMITED_BY	S_699
F_403	FIXED_BY	PP_116
F_403	LIMITED_BY	S_700
F_404	DETECTED_BY	PP_116
F_404	FIXED_BY	PP_116
F_405	DETECTED_BY	PP_116
F_405	FIXED_BY	PP_116
F_405	LIMITED_BY	S_701
F_406	DETECTED_BY	PP_116
F_406	FIXED_BY	PP_116
F_406	LIMITED_BY	S_702
F_407	DETECTED_BY	PP_116
F_407	FIXED_BY	PP_116
F_407	LIMITED_BY	S_703
F_408	LIMITED_BY	S_704
F_409	DETECTED_BY	PP_116
F_409	FIXED_BY	PP_116
F_409	LIMITED_BY	S_705
F_410	DETECTED_BY	PP_116
F_410	FIXED_BY	PP_116
F_410	LIMITED_BY	S_706
F_411	DETECTED_BY	PP_116
F_411	FIXED_BY	PP_116
F_411	LIMITED_BY	S_707
F_412	DETECTED_BY	PP_116
F_412	FIXED_BY	PP_116
F_412	LIMITED_BY	S_708
F_413	FIXED_BY	PP_155
F_414	DETECTED_BY	PP_117
F_415	DETECTED_BY	PP_118
F_415	FIXED_BY	PP_118
F_416	DETECTED_BY	PP_119
F_416	FIXED_BY	PP_119
F_417	DETECTED_BY	PP_119
F_417	FIXED_BY	PP_119
F_418	DETECTED_BY	PP_120
F_418	FIXED_BY	PP_120
F_419	DETECTED_BY	PP_120
F_419	FIXED_BY	PP_120
F_420	DETECTED_BY	PP_120
F_420	FIXED_BY	PP_120
F_421	DETECTED_BY	PP_125
F_421	FIXED_BY	PP_153
F_422	DETECTED_BY	PP_126
F_422	DETECTED_BY	PP_127
F_422	FIXED_BY	PP_154
F_423	DETECTED_BY	PP_121
F_423	FIXED_BY	PP_121
F_424	DETECTED_BY	PP_121
F_424	LIMITED_BY	S_710
F_425	DETECTED_BY	PP_121
F_425	FIXED_BY	PP_121
F_425	LIMITED_BY	S_711
F_426	FIXED_BY	PP_121
F_426	LIMITED_BY	S_712
F_427	DETECTED_BY	PP_122
F_428	DETECTED_BY	PP_122
F_429	FIXED_BY	PP_123
F_430	FIXED_BY	PP_123
F_430	LIMITED_BY	S_713
F_431	FIXED_BY	PP_123
F_432	FIXED_BY	PP_123
F_432	LIMITED_BY	S_714
F_433	FIXED_BY	PP_123
F_434	FIXED_BY	PP_123
F_436	DETECTED_BY	PP_125
F_437	DETECTED_BY	PP_126
F_438	DETECTED_BY	PP_127
F_439	DETECTED_BY	PP_128
F_440	DETECTED_BY	PP_129
F_441	DETECTED_BY	PP_130
F_442	DETECTED_BY	PP_131
F_443	DETECTED_BY	PP_132
F_444	DETECTED_BY	PP_133
F_445	DETECTED_BY	PP_134
F_445	FIXED_BY	PP_134
F_446	DETECTED_BY	PP_134
F_446	FIXED_BY	PP_134
F_446	LIMITED_BY	S_737
F_447	DETECTED_BY	PP_134
F_447	FIXED_BY	PP_134
F_447	LIMITED_BY	S_738
F_448	DETECTED_BY	PP_134
F_448	FIXED_BY	PP_134
F_448	LIMITED_BY	S_739
F_448	LIMITED_BY	S_740
F_448	LIMITED_BY	S_741
F_448	LIMITED_BY	S_742
F_448	LIMITED_BY	S_743
F_448	LIMITED_BY	S_744
F_448	LIMITED_BY	S_745
F_449	DETECTED_BY	PP_134
F_449	FIXED_BY	PP_134
F_450	DETECTED_BY	PP_134
F_450	FIXED_BY	PP_134
F_451	DETECTED_BY	PP_134
F_452	DETECTED_BY	PP_134
F_452	FIXED_BY	PP_134
F_453	FIXED_BY	PP_134
F_453	LIMITED_BY	S_746
F_453	LIMITED_BY	S_748
F_454	DETECTED_BY	PP_135
F_454	FIXED_BY	PP_135
F_455	DETECTED_BY	PP_135
F_455	FIXED_BY	PP_135
F_456	DETECTED_BY	PP_135
F_456	FIXED_BY	PP_135
F_456	LIMITED_BY	S_749
F_456	LIMITED_BY	S_750
F_456	LIMITED_BY	S_751
F_457	DETECTED_BY	PP_135
F_457	LIMITED_BY	S_752
F_458	DETECTED_BY	PP_135
F_458	FIXED_BY	PP_135
F_458	LIMITED_BY	S_754
F_458	LIMITED_BY	S_755
F_459	DETECTED_BY	PP_135
F_459	FIXED_BY	PP_135
F_459	LIMITED_BY	S_756
F_459	LIMITED_BY	S_757
F_459	LIMITED_BY	S_758
F_460	FIXED_BY	PP_136
F_461	DETECTED_BY	PP_136
F_461	FIXED_BY	PP_136
F_462	DETECTED_BY	PP_136
F_462	FIXED_BY	PP_136
F_463	DETECTED_BY	PP_137
F_463	FIXED_BY	PP_137
F_464	DETECTED_BY	PP_137
F_464	FIXED_BY	PP_137
F_465	DETECTED_BY	PP_138
F_465	FIXED_BY	PP_138
F_466	DETECTED_BY	PP_138
F_466	FIXED_BY	PP_138
F_467	DETECTED_BY	PP_139
F_467	FIXED_BY	PP_139
F_468	DETECTED_BY	PP_139
F_468	FIXED_BY	PP_139
F_469	FIXED_BY	PP_139
F_470	DETECTED_BY	PP_139
F_471	DETECTED_BY	PP_140
F_471	FIXED_BY	PP_140
F_472	DETECTED_BY	PP_140
F_472	LIMITED_BY	S_759
F_472	LIMITED_BY	S_760
F_472	LIMITED_BY	S_761
F_472	LIMITED_BY	S_762
F_473	DETECTED_BY	PP_140
F_473	FIXED_BY	PP_140
F_473	LIMITED_BY	S_763
F_474	DETECTED_BY	PP_141
F_475	DETECTED_BY	PP_142
F_475	LIMITED_BY	S_764
F_475	LIMITED_BY	S_765
F_475	LIMITED_BY	S_766
F_476	LIMITED_BY	S_767
F_476	LIMITED_BY	S_768
F_476	LIMITED_BY	S_769
F_477	DETECTED_BY	PP_142
F_477	LIMITED_BY	S_770
F_477	LIMITED_BY	S_775
F_478	DETECTED_BY	PP_142
F_478	LIMITED_BY	S_772
F_478	LIMITED_BY	S_773
F_479	LIMITED_BY	S_774
F_480	DETECTED_BY	PP_142
F_480	LIMITED_BY	S_777
F_480	LIMITED_BY	S_778
F_480	LIMITED_BY	S_779
F_480	LIMITED_BY	S_780
F_480	LIMITED_BY	S_781
F_480	LIMITED_BY	S_782
F_480	LIMITED_BY	S_783
F_480	LIMITED_BY	S_784
F_480	LIMITED_BY	S_785
F_480	LIMITED_BY	S_786
F_481	DETECTED_BY	PP_142
F_481	LIMITED_BY	S_787
F_482	DETECTED_BY	PP_143
F_483	DETECTED_BY	PP_143
F_483	FIXED_BY	PP_143
F_484	DETECTED_BY	PP_143
F_484	FIXED_BY	PP_143
F_484	LIMITED_BY	S_788
F_484	LIMITED_BY	S_789
F_485	DETECTED_BY	PP_143
F_485	FIXED_BY	PP_143
F_485	LIMITED_BY	S_790
F_485	LIMITED_BY	S_791
F_485	LIMITED_BY	S_792
F_486	DETECTED_BY	PP_143
F_486	FIXED_BY	PP_143
F_486	LIMITED_BY	S_793
F_486	LIMITED_BY	S_794
F_487	DETECTED_BY	PP_143
F_487	FIXED_BY	PP_143
F_487	LIMITED_BY	S_795
F_488	DETECTED_BY	PP_143
F_488	FIXED_BY	PP_143
F_488	LIMITED_BY	S_796
F_488	LIMITED_BY	S_797
F_489	DETECTED_BY	PP_143
F_489	FIXED_BY	PP_143
F_489	LIMITED_BY	S_798
F_490	DETECTED_BY	PP_143
F_490	FIXED_BY	PP_143
F_490	LIMITED_BY	S_799
F_490	LIMITED_BY	S_800
F_490	LIMITED_BY	S_801
F_490	LIMITED_BY	S_802
F_491	DETECTED_BY	PP_144
F_491	FIXED_BY	PP_144
F_492	DETECTED_BY	PP_144
F_492	FIXED_BY	PP_144
F_493	DETECTED_BY	PP_144
F_493	FIXED_BY	PP_144
F_494	DETECTED_BY	PP_145
F_495	DETECTED_BY	PP_145
F_495	LIMITED_BY	S_803
F_495	LIMITED_BY	S_804
F_496	DETECTED_BY	PP_146
F_497	DETECTED_BY	PP_146
F_498	LIMITED_BY	S_805
F_498	LIMITED_BY	S_806
F_499	DETECTED_BY	PP_147
F_499	FIXED_BY	PP_147
F_500	DETECTED_BY	PP_147
F_500	FIXED_BY	PP_147
F_501	FIXED_BY	PP_147
F_502	DETECTED_BY	PP_148
F_502	FIXED_BY	PP_148
F_503	DETECTED_BY	PP_148
F_503	FIXED_BY	PP_148
F_504	DETECTED_BY	PP_148
F_504	FIXED_BY	PP_148
F_505	DETECTED_BY	PP_148
F_505	FIXED_BY	PP_148
F_506	DETECTED_BY	PP_148
F_506	FIXED_BY	PP_148
F_507	FIXED_BY	PP_148
F_508	DETECTED_BY	PP_148
F_509	DETECTED_BY	PP_148
F_509	FIXED_BY	PP_148
F_510	DETECTED_BY	PP_148
F_510	FIXED_BY	PP_148
F_511	DETECTED_BY	PP_148
F_511	FIXED_BY	PP_148
F_512	DETECTED_BY	PP_148
F_512	FIXED_BY	PP_148
F_513	DETECTED_BY	PP_148
F_513	FIXED_BY	PP_148
F_514	DETECTED_BY	PP_148
F_514	FIXED_BY	PP_148
F_515	DETECTED_BY	PP_148
F_515	FIXED_BY	PP_148
F_516	DETECTED_BY	PP_149
F_517	DETECTED_BY	PP_150
F_518	DETECTED_BY	PP_150
F_518	LIMITED_BY	S_807
F_518	LIMITED_BY	S_808
F_519	DETECTED_BY	PP_150
F_520	DETECTED_BY	PP_151
F_521	DETECTED_BY	PP_151
F_522	DETECTED_BY	PP_151
F_523	DETECTED_BY	PP_097
F_523	FIXED_BY	PP_097
F_524	DETECTED_BY	PP_100
F_524	FIXED_BY	PP_100
F_525	DETECTED_BY	PP_101
F_526	FIXED_BY	PP_156
F_526	LIMITED_BY	S_809
F_527	DETECTED_BY	PP_156
F_527	FIXED_BY	PP_156
F_528	DETECTED_BY	PP_156
F_528	FIXED_BY	PP_156
F_529	FIXED_BY	PP_156
F_530	DETECTED_BY	PP_156
F_530	FIXED_BY	PP_156
F_531	FIXED_BY	PP_156
F_532	DETECTED_BY	PP_156
F_532	FIXED_BY	PP_156
F_533	DETECTED_BY	PP_156
F_533	FIXED_BY	PP_156
F_534	DETECTED_BY	PP_156
F_534	LIMITED_BY	S_810
F_534	LIMITED_BY	S_811
F_535	DETECTED_BY	PP_156
F_535	FIXED_BY	PP_156
F_536	DETECTED_BY	PP_156
F_536	FIXED_BY	PP_156
F_537	DETECTED_BY	PP_156
F_537	FIXED_BY	PP_156
F_538	DETECTED_BY	PP_156
F_538	FIXED_BY	PP_156
F_539	DETECTED_BY	PP_156
F_539	FIXED_BY	PP_156
F_540	FIXED_BY	PP_157
F_540	LIMITED_BY	S_812
F_541	DETECTED_BY	PP_157
F_541	FIXED_BY	PP_157
F_542	DETECTED_BY	PP_157
F_542	FIXED_BY	PP_157
F_543	FIXED_BY	PP_157
F_543	LIMITED_BY	S_814
F_543	LIMITED_BY	S_815
F_543	LIMITED_BY	S_816
F_544	DETECTED_BY	PP_157
F_544	FIXED_BY	PP_157
F_544	LIMITED_BY	S_817
F_545	DETECTED_BY	PP_157
F_545	FIXED_BY	PP_157
F_546	DETECTED_BY	PP_157
F_546	FIXED_BY	PP_157
F_547	LIMITED_BY	S_819
F_548	DETECTED_BY	PP_158
F_549	DETECTED_BY	PP_158
F_549	FIXED_BY	PP_158
F_551	DETECTED_BY	PP_159
F_552	DETECTED_BY	PP_159
F_552	LIMITED_BY	S_820
F_553	DETECTED_BY	PP_159
F_553	LIMITED_BY	S_821
F_553	LIMITED_BY	S_822
F_553	LIMITED_BY	S_823
F_554	DETECTED_BY	PP_159
F_554	LIMITED_BY	S_824
F_554	LIMITED_BY	S_825
F_555	DETECTED_BY	PP_160
F_557	DETECTED_BY	PP_160
F_557	FIXED_BY	PP_160
F_558	DETECTED_BY	PP_160
F_558	FIXED_BY	PP_160
F_559	DETECTED_BY	PP_160
F_559	FIXED_BY	PP_160
F_561	DETECTED_BY	PP_160
F_561	FIXED_BY	PP_160
F_562	DETECTED_BY	PP_160
F_562	FIXED_BY	PP_160
F_563	DETECTED_BY	PP_160
F_564	DETECTED_BY	PP_160
F_564	FIXED_BY	PP_160
F_565	DETECTED_BY	PP_160
F_565	FIXED_BY	PP_160
F_566	FIXED_BY	PP_160
F_567	DETECTED_BY	PP_160
F_567	FIXED_BY	PP_160
F_568	DETECTED_BY	PP_160
F_568	FIXED_BY	PP_160
F_569	DETECTED_BY	PP_161
F_569	LIMITED_BY	S_826
F_569	LIMITED_BY	S_827
F_569	LIMITED_BY	S_829
F_569	LIMITED_BY	S_830
F_569	LIMITED_BY	S_831
F_569	LIMITED_BY	S_832
F_569	LIMITED_BY	S_833
F_570	FIXED_BY	PP_162
F_571	FIXED_BY	PP_162
F_572	FIXED_BY	PP_162
F_573	FIXED_BY	PP_162
F_574	DETECTED_BY	PP_162
F_575	FIXED_BY	PP_162
F_576	FIXED_BY	PP_162
F_577	DETECTED_BY	PP_162
F_578	DETECTED_BY	PP_162
F_579	FIXED_BY	PP_162
F_580	DETECTED_BY	PP_162
F_581	FIXED_BY	PP_162
F_582	DETECTED_BY	PP_163
F_583	LIMITED_BY	S_834
F_584	DETECTED_BY	PP_163
F_584	LIMITED_BY	S_835
F_585	DETECTED_BY	PP_163
F_585	LIMITED_BY	S_836
F_586	DETECTED_BY	PP_163
F_586	LIMITED_BY	S_837
F_587	DETECTED_BY	PP_163
F_587	FIXED_BY	PP_163
F_587	LIMITED_BY	S_838
F_588	DETECTED_BY	PP_163
F_588	FIXED_BY	PP_163
F_589	FIXED_BY	PP_164
F_590	DETECTED_BY	PP_164
F_591	DETECTED_BY	PP_164
F_591	FIXED_BY	PP_164
F_592	DETECTED_BY	PP_164
F_592	LIMITED_BY	S_840
F_593	DETECTED_BY	PP_164
F_593	LIMITED_BY	S_841
F_594	DETECTED_BY	PP_164
F_594	FIXED_BY	PP_164
F_594	LIMITED_BY	S_842
F_596	DETECTED_BY	PP_165
F_597	DETECTED_BY	PP_165
F_597	FIXED_BY	PP_165
F_598	FIXED_BY	PP_165
F_599	DETECTED_BY	PP_166
F_600	DETECTED_BY	PP_166
F_600	LIMITED_BY	S_844
F_601	DETECTED_BY	PP_166
F_601	LIMITED_BY	S_845
F_602	DETECTED_BY	PP_166
F_602	LIMITED_BY	S_846
F_603	DETECTED_BY	PP_166
F_603	LIMITED_BY	S_847
F_604	DETECTED_BY	PP_166
F_604	LIMITED_BY	S_848
F_605	DETECTED_BY	PP_166
F_605	LIMITED_BY	S_849
F_605	LIMITED_BY	S_850
F_605	LIMITED_BY	S_851
F_606	LIMITED_BY	S_853
F_607	DETECTED_BY	PP_167
F_607	FIXED_BY	PP_167
F_608	DETECTED_BY	PP_167
F_608	FIXED_BY	PP_167
F_609	DETECTED_BY	PP_167
F_610	DETECTED_BY	PP_167
F_611	DETECTED_BY	PP_168
F_612	DETECTED_BY	PP_169
F_613	DETECTED_BY	PP_170
F_613	FIXED_BY	PP_170
F_613	LIMITED_BY	S_856
F_614	DETECTED_BY	PP_170
F_614	FIXED_BY	PP_170
F_614	LIMITED_BY	S_857
F_615	DETECTED_BY	PP_170
F_615	LIMITED_BY	S_858
F_616	DETECTED_BY	PP_170
F_616	FIXED_BY	PP_170
F_616	LIMITED_BY	S_859
F_616	LIMITED_BY	S_860
F_617	FIXED_BY	PP_170
F_617	LIMITED_BY	S_861
F_617	LIMITED_BY	S_862
F_618	DETECTED_BY	PP_170
F_618	FIXED_BY	PP_170
F_618	LIMITED_BY	S_863
F_619	DETECTED_BY	PP_170
F_619	FIXED_BY	PP_170
F_620	DETECTED_BY	PP_170
F_620	FIXED_BY	PP_170
F_620	LIMITED_BY	S_864
F_620	LIMITED_BY	S_865
F_621	DETECTED_BY	PP_170
F_621	FIXED_BY	PP_170
F_621	LIMITED_BY	S_866
F_621	LIMITED_BY	S_867
F_622	DETECTED_BY	PP_170
F_622	FIXED_BY	PP_170
F_622	LIMITED_BY	S_868
F_623	DETECTED_BY	PP_170
F_623	FIXED_BY	PP_170
F_625	DETECTED_BY	PP_171
F_625	FIXED_BY	PP_171
F_625	LIMITED_BY	S_869
F_625	LIMITED_BY	S_870
F_626	DETECTED_BY	PP_171
F_626	FIXED_BY	PP_171
F_626	LIMITED_BY	S_872
F_627	DETECTED_BY	PP_171
F_627	FIXED_BY	PP_171
F_627	LIMITED_BY	S_873
F_628	DETECTED_BY	PP_172
F_629	DETECTED_BY	PP_172
F_630	DETECTED_BY	PP_172
F_631	DETECTED_BY	PP_172
F_632	FIXED_BY	PP_172
F_633	DETECTED_BY	PP_173
F_634	DETECTED_BY	PP_173
F_634	FIXED_BY	PP_173
F_635	DETECTED_BY	PP_173
F_635	FIXED_BY	PP_173
F_636	DETECTED_BY	PP_174
F_637	DETECTED_BY	PP_174
F_638	DETECTED_BY	PP_174
F_639	DETECTED_BY	PP_174
F_640	DETECTED_BY	PP_174
F_640	FIXED_BY	PP_174
F_641	DETECTED_BY	PP_174
F_641	FIXED_BY	PP_174
F_642	DETECTED_BY	PP_174
F_642	FIXED_BY	PP_174
F_643	DETECTED_BY	PP_175
F_644	DETECTED_BY	PP_175
F_644	FIXED_BY	PP_175
F_645	DETECTED_BY	PP_175
F_646	DETECTED_BY	PP_175
F_647	DETECTED_BY	PP_175
F_647	FIXED_BY	PP_175
F_649	DETECTED_BY	PP_175
F_649	FIXED_BY	PP_175
F_650	DETECTED_BY	PP_176
F_650	FIXED_BY	PP_176
F_651	DETECTED_BY	PP_176
F_652	DETECTED_BY	PP_176
F_653	DETECTED_BY	PP_176
F_653	FIXED_BY	PP_176
F_654	DETECTED_BY	PP_176
F_655	LIMITED_BY	S_874
F_655	LIMITED_BY	S_875
F_656	DETECTED_BY	PP_177
F_656	LIMITED_BY	S_876
F_657	DETECTED_BY	PP_177
F_657	LIMITED_BY	S_877
F_658	DETECTED_BY	PP_177
F_658	LIMITED_BY	S_878
F_659	DETECTED_BY	PP_177
F_659	LIMITED_BY	S_879
F_659	LIMITED_BY	S_880
F_660	DETECTED_BY	PP_177
F_660	LIMITED_BY	S_881
F_660	LIMITED_BY	S_882
F_661	DETECTED_BY	PP_177
F_662	DETECTED_BY	PP_178
F_663	DETECTED_BY	PP_178
F_663	FIXED_BY	PP_178
F_663	LIMITED_BY	S_883
F_664	DETECTED_BY	PP_179
F_664	FIXED_BY	PP_179
F_665	DETECTED_BY	PP_179
F_665	FIXED_BY	PP_179
F_666	DETECTED_BY	PP_179
F_666	FIXED_BY	PP_179
F_667	DETECTED_BY	PP_179
F_667	FIXED_BY	PP_179
F_668	DETECTED_BY	PP_179
F_668	FIXED_BY	PP_179
F_670	DETECTED_BY	PP_179
F_670	FIXED_BY	PP_179
F_671	DETECTED_BY	PP_179
F_671	FIXED_BY	PP_179
F_672	DETECTED_BY	PP_179
F_672	FIXED_BY	PP_179
F_673	DETECTED_BY	PP_179
F_673	FIXED_BY	PP_179
F_673	LIMITED_BY	S_885
F_674	DETECTED_BY	PP_180
F_674	FIXED_BY	PP_180
F_675	DETECTED_BY	PP_180
F_675	FIXED_BY	PP_180
F_676	DETECTED_BY	PP_180
F_676	FIXED_BY	PP_180
F_677	DETECTED_BY	PP_180
F_678	DETECTED_BY	PP_180
F_679	DETECTED_BY	PP_180
F_680	DETECTED_BY	PP_180
F_681	DETECTED_BY	PP_180
F_682	DETECTED_BY	PP_180
F_682	FIXED_BY	PP_180
F_683	DETECTED_BY	PP_180
F_683	FIXED_BY	PP_180
F_684	DETECTED_BY	PP_181
F_685	DETECTED_BY	PP_181
F_685	FIXED_BY	PP_181
F_686	DETECTED_BY	PP_182
F_686	FIXED_BY	PP_182
F_687	DETECTED_BY	PP_182
F_687	FIXED_BY	PP_182
F_688	DETECTED_BY	PP_182
F_688	LIMITED_BY	S_886
F_689	DETECTED_BY	PP_182
F_690	DETECTED_BY	PP_182
F_690	FIXED_BY	PP_182
F_691	DETECTED_BY	PP_182
F_691	FIXED_BY	PP_182
F_692	DETECTED_BY	PP_182
F_692	FIXED_BY	PP_182
F_692	LIMITED_BY	S_887
F_693	DETECTED_BY	PP_182
F_694	DETECTED_BY	PP_182
F_694	LIMITED_BY	S_889
F_695	DETECTED_BY	PP_182
F_696	DETECTED_BY	PP_182
F_697	FIXED_BY	PP_181
F_698	DETECTED_BY	PP_181
F_699	DETECTED_BY	PP_181
F_700	DETECTED_BY	PP_183
F_700	LIMITED_BY	S_890
F_701	DETECTED_BY	PP_183
F_701	LIMITED_BY	S_891
F_701	LIMITED_BY	S_893
F_701	LIMITED_BY	S_894
F_701	LIMITED_BY	S_895
F_701	LIMITED_BY	S_897
F_702	DETECTED_BY	PP_183
F_702	LIMITED_BY	S_898
F_702	LIMITED_BY	S_899
F_702	LIMITED_BY	S_902
F_702	LIMITED_BY	S_904
F_702	LIMITED_BY	S_905
F_703	DETECTED_BY	PP_183
F_703	LIMITED_BY	S_906
F_703	LIMITED_BY	S_907
F_703	LIMITED_BY	S_908
F_703	LIMITED_BY	S_909
F_703	LIMITED_BY	S_910
F_704	DETECTED_BY	PP_183
F_704	LIMITED_BY	S_912
F_705	DETECTED_BY	PP_183
F_705	LIMITED_BY	S_913
F_705	LIMITED_BY	S_914
F_706	DETECTED_BY	PP_184
F_707	DETECTED_BY	PP_184
F_707	FIXED_BY	PP_184
F_708	DETECTED_BY	PP_184
F_708	FIXED_BY	PP_184
F_708	LIMITED_BY	S_915
F_709	DETECTED_BY	PP_184
F_709	FIXED_BY	PP_184
F_710	DETECTED_BY	PP_184
F_710	FIXED_BY	PP_184
F_711	DETECTED_BY	PP_184
F_711	FIXED_BY	PP_184
F_711	LIMITED_BY	S_916
F_712	DETECTED_BY	PP_184
F_713	DETECTED_BY	PP_185
F_713	FIXED_BY	PP_185
F_714	DETECTED_BY	PP_185
F_715	DETECTED_BY	PP_185
F_716	DETECTED_BY	PP_185
F_717	DETECTED_BY	PP_185
F_717	FIXED_BY	PP_185
F_717	LIMITED_BY	S_917
F_718	DETECTED_BY	PP_185
F_718	FIXED_BY	PP_185
F_718	LIMITED_BY	S_918
F_719	DETECTED_BY	PP_185
F_720	DETECTED_BY	PP_185
F_720	FIXED_BY	PP_185
F_721	DETECTED_BY	PP_186
F_721	FIXED_BY	PP_186
F_722	DETECTED_BY	PP_186
F_723	DETECTED_BY	PP_186
F_723	FIXED_BY	PP_186
F_724	DETECTED_BY	PP_186
F_724	FIXED_BY	PP_186
F_725	DETECTED_BY	PP_186
F_725	FIXED_BY	PP_186
F_726	DETECTED_BY	PP_187
F_726	FIXED_BY	PP_187
F_727	DETECTED_BY	PP_187
F_727	FIXED_BY	PP_187
F_728	DETECTED_BY	PP_187
F_728	FIXED_BY	PP_187
F_728	LIMITED_BY	S_919
F_729	DETECTED_BY	PP_187
F_729	FIXED_BY	PP_187
F_729	LIMITED_BY	S_920
F_729	LIMITED_BY	S_921
F_730	FIXED_BY	PP_187
F_730	LIMITED_BY	S_922
F_731	DETECTED_BY	PP_188
F_733	DETECTED_BY	PP_188
F_733	FIXED_BY	PP_188
F_734	DETECTED_BY	PP_188
F_734	FIXED_BY	PP_188
F_734	LIMITED_BY	S_923
F_734	LIMITED_BY	S_924
F_735	DETECTED_BY	PP_188
F_735	FIXED_BY	PP_188
F_736	DETECTED_BY	PP_188
F_736	FIXED_BY	PP_188
F_736	LIMITED_BY	S_926
F_737	DETECTED_BY	PP_189
F_737	FIXED_BY	PP_189
F_738	DETECTED_BY	PP_189
F_739	DETECTED_BY	PP_189
F_739	FIXED_BY	PP_189
F_739	LIMITED_BY	S_927
F_739	LIMITED_BY	S_928
F_740	LIMITED_BY	S_929
F_740	LIMITED_BY	S_930
F_740	LIMITED_BY	S_931
F_741	FIXED_BY	PP_190
F_742	DETECTED_BY	PP_190
F_742	FIXED_BY	PP_190
F_743	DETECTED_BY	PP_190
F_744	DETECTED_BY	PP_190
F_745	DETECTED_BY	PP_190
F_745	FIXED_BY	PP_190
F_745	LIMITED_BY	S_932
F_746	DETECTED_BY	PP_191
F_746	FIXED_BY	PP_191
F_747	FIXED_BY	PP_191
F_748	DETECTED_BY	PP_191
F_749	DETECTED_BY	PP_191
F_749	LIMITED_BY	S_933
F_749	LIMITED_BY	S_935
F_749	LIMITED_BY	S_936
F_750	FIXED_BY	PP_191
F_751	LIMITED_BY	S_937
F_752	DETECTED_BY	PP_192
F_752	LIMITED_BY	S_938
F_753	DETECTED_BY	PP_192
F_754	DETECTED_BY	PP_192
F_756	DETECTED_BY	PP_194
F_756	LIMITED_BY	S_941
F_756	LIMITED_BY	S_942
F_756	LIMITED_BY	S_943
F_757	DETECTED_BY	PP_194
F_757	LIMITED_BY	S_944
F_757	LIMITED_BY	S_945
F_757	LIMITED_BY	S_946
F_758	DETECTED_BY	PP_194
F_758	LIMITED_BY	S_947
F_758	LIMITED_BY	S_948
F_759	DETECTED_BY	PP_194
F_759	LIMITED_BY	S_949
F_759	LIMITED_BY	S_950
F_760	DETECTED_BY	PP_194
F_760	LIMITED_BY	S_951
F_761	DETECTED_BY	PP_194
F_761	LIMITED_BY	S_954
F_761	LIMITED_BY	S_955
F_762	DETECTED_BY	PP_194
F_762	LIMITED_BY	S_956
F_762	LIMITED_BY	S_957
F_763	DETECTED_BY	PP_194
F_763	LIMITED_BY	S_959
F_763	LIMITED_BY	S_960
F_764	DETECTED_BY	PP_194
F_764	LIMITED_BY	S_961
F_764	LIMITED_BY	S_962
F_765	LIMITED_BY	S_963
F_766	DETECTED_BY	PP_194
F_766	LIMITED_BY	S_964
F_766	LIMITED_BY	S_965
F_767	LIMITED_BY	S_967
F_768	DETECTED_BY	PP_194
F_768	LIMITED_BY	S_968
F_768	LIMITED_BY	S_969
F_769	DETECTED_BY	PP_194
F_769	LIMITED_BY	S_970
F_769	LIMITED_BY	S_971
F_770	DETECTED_BY	PP_194
F_770	LIMITED_BY	S_972
F_771	LIMITED_BY	S_974
F_771	LIMITED_BY	S_975
F_772	DETECTED_BY	PP_194
F_772	LIMITED_BY	S_976
F_772	LIMITED_BY	S_977
F_773	DETECTED_BY	PP_194
F_773	LIMITED_BY	S_978
F_773	LIMITED_BY	S_979
F_774	DETECTED_BY	PP_194
F_774	LIMITED_BY	S_980
F_774	LIMITED_BY	S_981
F_775	DETECTED_BY	PP_194
F_775	LIMITED_BY	S_982
F_775	LIMITED_BY	S_983
F_776	DETECTED_BY	PP_194
F_776	LIMITED_BY	S_984
F_776	LIMITED_BY	S_985
F_777	DETECTED_BY	PP_194
F_777	LIMITED_BY	S_986
F_777	LIMITED_BY	S_987
F_778	DETECTED_BY	PP_194
F_778	LIMITED_BY	S_988
F_779	DETECTED_BY	PP_194
F_779	LIMITED_BY	S_989
F_781	DETECTED_BY	PP_195
F_782	DETECTED_BY	PP_195
F_782	FIXED_BY	PP_195
F_783	DETECTED_BY	PP_195
F_783	LIMITED_BY	S_990
F_784	DETECTED_BY	PP_195
F_784	FIXED_BY	PP_195
F_785	FIXED_BY	PP_195
F_786	DETECTED_BY	PP_195
F_786	FIXED_BY	PP_195
F_786	LIMITED_BY	S_991
F_786	LIMITED_BY	S_992
F_787	DETECTED_BY	PP_195
F_787	FIXED_BY	PP_195
F_788	DETECTED_BY	PP_195
F_788	FIXED_BY	PP_195
F_789	DETECTED_BY	PP_195
F_789	FIXED_BY	PP_195
F_790	DETECTED_BY	PP_195
F_790	FIXED_BY	PP_195
F_790	LIMITED_BY	S_993
F_791	FIXED_BY	PP_196
F_792	DETECTED_BY	PP_196
F_792	FIXED_BY	PP_196
F_793	DETECTED_BY	PP_196
F_793	FIXED_BY	PP_196
F_794	DETECTED_BY	PP_197
F_794	FIXED_BY	PP_197
F_795	DETECTED_BY	PP_197
F_796	DETECTED_BY	PP_197
F_797	DETECTED_BY	PP_197
F_797	LIMITED_BY	S_995
F_798	DETECTED_BY	PP_197
F_798	LIMITED_BY	S_996
F_798	LIMITED_BY	S_997
F_799	DETECTED_BY	PP_197
F_799	LIMITED_BY	S_998
F_800	DETECTED_BY	PP_198
F_800	FIXED_BY	PP_198
F_801	DETECTED_BY	PP_198
F_801	FIXED_BY	PP_198
F_802	FIXED_BY	PP_198
F_803	DETECTED_BY	PP_198
F_803	FIXED_BY	PP_198
F_804	DETECTED_BY	PP_199
F_804	LIMITED_BY	S_1000
F_804	LIMITED_BY	S_1001
F_804	LIMITED_BY	S_999
F_805	DETECTED_BY	PP_199
F_805	LIMITED_BY	S_1002
F_805	LIMITED_BY	S_1003
F_806	LIMITED_BY	S_1004
F_807	DETECTED_BY	PP_199
F_807	LIMITED_BY	S_1005
F_808	LIMITED_BY	S_1006
F_808	LIMITED_BY	S_1007
F_808	LIMITED_BY	S_1008
F_809	DETECTED_BY	PP_199
F_810	DETECTED_BY	PP_199
F_810	LIMITED_BY	S_1009
F_810	LIMITED_BY	S_1010
F_811	DETECTED_BY	PP_199
F_811	LIMITED_BY	S_1011
F_811	LIMITED_BY	S_1012
F_811	LIMITED_BY	S_1013
F_812	LIMITED_BY	S_1014
F_813	DETECTED_BY	PP_199
F_813	LIMITED_BY	S_1015
F_813	LIMITED_BY	S_1016
F_814	DETECTED_BY	PP_199
F_814	LIMITED_BY	S_1017
F_814	LIMITED_BY	S_1018
F_815	DETECTED_BY	PP_199
F_815	FIXED_BY	PP_202
F_815	LIMITED_BY	S_1019
F_815	LIMITED_BY	S_1020
F_815	LIMITED_BY	S_1021
F_816	DETECTED_BY	PP_199
F_817	DETECTED_BY	PP_199
F_818	DETECTED_BY	PP_200
F_818	FIXED_BY	PP_200
F_819	DETECTED_BY	PP_200
F_819	FIXED_BY	PP_200
F_820	DETECTED_BY	PP_200
F_821	DETECTED_BY	PP_200
F_822	DETECTED_BY	PP_200
F_822	FIXED_BY	PP_200
F_823	DETECTED_BY	PP_200
F_824	LIMITED_BY	S_1022
F_825	DETECTED_BY	PP_201
F_825	FIXED_BY	PP_201
F_826	DETECTED_BY	PP_201
F_826	FIXED_BY	PP_201
F_827	DETECTED_BY	PP_201
F_827	FIXED_BY	PP_201
F_828	DETECTED_BY	PP_201
F_829	DETECTED_BY	PP_203
F_829	FIXED_BY	PP_203
F_830	DETECTED_BY	PP_203
F_831	DETECTED_BY	PP_203
F_833	DETECTED_BY	PP_203
F_834	DETECTED_BY	PP_203
F_834	FIXED_BY	PP_203
F_835	DETECTED_BY	PP_203
F_836	DETECTED_BY	PP_203
F_837	DETECTED_BY	PP_203
F_838	DETECTED_BY	PP_203
F_839	DETECTED_BY	PP_203
F_839	FIXED_BY	PP_203
F_840	DETECTED_BY	PP_203
F_840	FIXED_BY	PP_203
F_841	DETECTED_BY	PP_204
F_841	FIXED_BY	PP_228
F_841	LIMITED_BY	S_1023
F_841	LIMITED_BY	S_1024
F_841	LIMITED_BY	S_1025
F_841	LIMITED_BY	S_1026
F_841	LIMITED_BY	S_1028
F_842	DETECTED_BY	PP_204
F_842	FIXED_BY	PP_228
F_842	LIMITED_BY	S_1029
F_842	LIMITED_BY	S_1030
F_842	LIMITED_BY	S_1031
F_842	LIMITED_BY	S_1032
F_843	DETECTED_BY	PP_205
F_843	FIXED_BY	PP_205
F_844	DETECTED_BY	PP_205
F_845	FIXED_BY	PP_205
F_846	DETECTED_BY	PP_205
F_847	DETECTED_BY	PP_205
F_848	DETECTED_BY	PP_205
F_848	FIXED_BY	PP_205
F_849	DETECTED_BY	PP_205
F_849	FIXED_BY	PP_205
F_850	DETECTED_BY	PP_205
F_851	DETECTED_BY	PP_205
F_852	DETECTED_BY	PP_205
F_852	FIXED_BY	PP_205
F_853	DETECTED_BY	PP_205
F_853	FIXED_BY	PP_205
F_854	DETECTED_BY	PP_205
F_855	DETECTED_BY	PP_205
F_856	DETECTED_BY	PP_206
F_856	FIXED_BY	PP_228
F_856	LIMITED_BY	S_1033
F_856	LIMITED_BY	S_1034
F_856	LIMITED_BY	S_1036
F_857	DETECTED_BY	PP_206
F_858	DETECTED_BY	PP_207
F_858	FIXED_BY	PP_207
F_859	DETECTED_BY	PP_207
F_860	DETECTED_BY	PP_207
F_860	FIXED_BY	PP_207
F_861	DETECTED_BY	PP_207
F_861	FIXED_BY	PP_207
F_862	DETECTED_BY	PP_207
F_862	FIXED_BY	PP_207
F_863	DETECTED_BY	PP_207
F_863	FIXED_BY	PP_207
F_864	DETECTED_BY	PP_208
F_864	FIXED_BY	PP_208
F_865	DETECTED_BY	PP_208
F_865	FIXED_BY	PP_208
F_865	LIMITED_BY	S_1037
F_866	DETECTED_BY	PP_208
F_866	FIXED_BY	PP_208
F_867	DETECTED_BY	PP_208
F_867	FIXED_BY	PP_208
F_868	DETECTED_BY	PP_208
F_869	DETECTED_BY	PP_208
F_869	FIXED_BY	PP_208
F_870	DETECTED_BY	PP_208
F_870	FIXED_BY	PP_208
F_871	FIXED_BY	PP_208
F_872	DETECTED_BY	PP_208
F_872	FIXED_BY	PP_208
F_873	DETECTED_BY	PP_208
F_873	FIXED_BY	PP_208
F_873	LIMITED_BY	S_1053
F_874	DETECTED_BY	PP_209
F_875	DETECTED_BY	PP_209
F_875	FIXED_BY	PP_209
F_876	DETECTED_BY	PP_209
F_876	FIXED_BY	PP_209
F_877	DETECTED_BY	PP_209
F_877	FIXED_BY	PP_209
F_877	LIMITED_BY	S_1038
F_878	DETECTED_BY	PP_209
F_879	DETECTED_BY	PP_209
F_879	FIXED_BY	PP_209
F_880	DETECTED_BY	PP_209
F_880	FIXED_BY	PP_209
F_881	DETECTED_BY	PP_209
F_881	LIMITED_BY	S_1039
F_882	DETECTED_BY	PP_209
F_882	FIXED_BY	PP_209
F_882	LIMITED_BY	S_1040
F_882	LIMITED_BY	S_1041
F_882	LIMITED_BY	S_1042
F_882	LIMITED_BY	S_1043
F_882	LIMITED_BY	S_1046
F_882	LIMITED_BY	S_1047
F_882	LIMITED_BY	S_1048
F_883	DETECTED_BY	PP_210
F_884	DETECTED_BY	PP_210
F_885	DETECTED_BY	PP_210
F_885	FIXED_BY	PP_229
F_885	LIMITED_BY	S_1049
F_886	DETECTED_BY	PP_210
F_886	FIXED_BY	PP_229
F_886	LIMITED_BY	S_1050
F_887	DETECTED_BY	PP_210
F_887	FIXED_BY	PP_229
F_887	LIMITED_BY	S_1051
F_888	DETECTED_BY	PP_210
F_888	FIXED_BY	PP_229
F_888	LIMITED_BY	S_1052
F_889	DETECTED_BY	PP_211
F_889	FIXED_BY	PP_211
F_890	DETECTED_BY	PP_211
F_890	FIXED_BY	PP_211
F_891	DETECTED_BY	PP_211
F_891	FIXED_BY	PP_211
F_892	DETECTED_BY	PP_211
F_893	DETECTED_BY	PP_211
F_893	FIXED_BY	PP_211
F_894	DETECTED_BY	PP_211
F_894	FIXED_BY	PP_211
F_895	FIXED_BY	PP_211
F_896	DETECTED_BY	PP_211
F_898	DETECTED_BY	PP_211
F_899	DETECTED_BY	PP_211
F_900	DETECTED_BY	PP_211
F_902	DETECTED_BY	PP_211
F_903	DETECTED_BY	PP_211
F_904	DETECTED_BY	PP_211
F_905	DETECTED_BY	PP_211
F_906	DETECTED_BY	PP_211
F_907	DETECTED_BY	PP_211
F_907	FIXED_BY	PP_211
F_908	DETECTED_BY	PP_212
F_909	DETECTED_BY	PP_212
F_910	DETECTED_BY	PP_212
F_911	DETECTED_BY	PP_212
F_912	DETECTED_BY	PP_212
F_913	DETECTED_BY	PP_213
F_914	DETECTED_BY	PP_214
F_915	DETECTED_BY	PP_214
F_916	DETECTED_BY	PP_214
F_917	DETECTED_BY	PP_214
F_919	DETECTED_BY	PP_214
F_919	FIXED_BY	PP_214
F_920	FIXED_BY	PP_215
F_921	DETECTED_BY	PP_215
F_922	DETECTED_BY	PP_215
F_923	DETECTED_BY	PP_215
F_924	DETECTED_BY	PP_215
F_925	DETECTED_BY	PP_216
F_925	LIMITED_BY	S_1054
F_926	DETECTED_BY	PP_216
F_926	FIXED_BY	PP_230
F_926	LIMITED_BY	S_1055
F_927	FIXED_BY	PP_230
F_927	LIMITED_BY	S_1056
F_928	DETECTED_BY	PP_217
F_928	FIXED_BY	PP_217
F_929	DETECTED_BY	PP_217
F_929	FIXED_BY	PP_217
F_930	DETECTED_BY	PP_217
F_930	FIXED_BY	PP_217
F_931	DETECTED_BY	PP_217
F_932	DETECTED_BY	PP_217
F_933	DETECTED_BY	PP_217
F_934	DETECTED_BY	PP_218
F_934	FIXED_BY	PP_218
F_935	DETECTED_BY	PP_218
F_937	DETECTED_BY	PP_219
F_938	FIXED_BY	PP_219
F_939	DETECTED_BY	PP_219
F_939	FIXED_BY	PP_219
F_939	LIMITED_BY	S_1057
F_940	DETECTED_BY	PP_219
F_940	FIXED_BY	PP_219
F_941	DETECTED_BY	PP_219
F_942	DETECTED_BY	PP_219
F_942	FIXED_BY	PP_219
F_943	DETECTED_BY	PP_220
F_944	DETECTED_BY	PP_220
F_944	FIXED_BY	PP_220
F_945	DETECTED_BY	PP_220
F_946	DETECTED_BY	PP_221
F_946	FIXED_BY	PP_221
F_947	DETECTED_BY	PP_221
F_947	FIXED_BY	PP_221
F_948	DETECTED_BY	PP_222
F_948	FIXED_BY	PP_232
F_949	DETECTED_BY	PP_222
F_950	DETECTED_BY	PP_222
F_951	DETECTED_BY	PP_223
F_952	DETECTED_BY	PP_223
F_953	DETECTED_BY	PP_223
F_953	FIXED_BY	PP_223
F_955	DETECTED_BY	PP_224
F_955	FIXED_BY	PP_224
F_956	DETECTED_BY	PP_224
F_956	FIXED_BY	PP_224
F_957	DETECTED_BY	PP_224
F_958	DETECTED_BY	PP_224
F_958	FIXED_BY	PP_224
F_960	DETECTED_BY	PP_225
F_961	DETECTED_BY	PP_226
F_961	FIXED_BY	PP_226
F_962	DETECTED_BY	PP_226
F_962	FIXED_BY	PP_226
F_964	DETECTED_BY	PP_226
F_965	DETECTED_BY	PP_227
F_966	DETECTED_BY	PP_227
F_968	DETECTED_BY	PP_227
F_969	DETECTED_BY	PP_227
F_969	FIXED_BY	PP_231
F_969	LIMITED_BY	S_1059
F_970	DETECTED_BY	PP_227
F_970	FIXED_BY	PP_231
F_970	LIMITED_BY	S_1061
F_971	DETECTED_BY	PP_227
F_971	FIXED_BY	PP_231
F_971	LIMITED_BY	S_1063
F_972	DETECTED_BY	PP_227
F_972	FIXED_BY	PP_231
F_972	LIMITED_BY	S_1064
F_973	DETECTED_BY	PP_227
F_974	DETECTED_BY	PP_227
F_975	DETECTED_BY	PP_227
F_976	DETECTED_BY	PP_227
F_977	DETECTED_BY	PP_227
PP_001	HAS_STEP	P_001
PP_002	HAS_STEP	P_002
PP_003	HAS_STEP	P_003
PP_003	HAS_STEP	P_004
PP_003	HAS_STEP	P_005
PP_003	HAS_STEP	P_006
PP_003	HAS_STEP	P_007
PP_003	HAS_STEP	P_008
PP_004	HAS_STEP	P_010
PP_004	HAS_STEP	P_011
PP_005	HAS_STEP	P_012
PP_005	HAS_STEP	P_013
PP_005	HAS_STEP	P_014
PP_005	HAS_STEP	P_015
PP_005	HAS_STEP	P_016
PP_005	HAS_STEP	P_017
PP_006	HAS_STEP	P_018
PP_006	HAS_STEP	P_019
PP_006	HAS_STEP	P_020
PP_007	HAS_STEP	P_021
PP_007	HAS_STEP	P_022
PP_007	HAS_STEP	P_032
PP_008	HAS_STEP	P_023
PP_009	HAS_STEP	P_024
PP_009	HAS_STEP	P_025
PP_010	HAS_STEP	P_027
PP_010	HAS_STEP	P_028
PP_010	HAS_STEP	P_029
PP_011	HAS_STEP	P_030
PP_011	HAS_STEP	P_031
PP_012	HAS_STEP	P_033
PP_013	HAS_STEP	P_034
PP_013	HAS_STEP	P_035
PP_014	HAS_STEP	P_036
PP_014	HAS_STEP	P_037
PP_014	HAS_STEP	P_038
PP_014	HAS_STEP	P_039
PP_014	HAS_STEP	P_040
PP_015	HAS_STEP	P_041
PP_016	HAS_STEP	P_043
PP_016	HAS_STEP	P_046
PP_016	HAS_STEP	P_047
PP_017	HAS_STEP	P_048
PP_017	HAS_STEP	P_049
PP_017	HAS_STEP	P_050
PP_018	HAS_STEP	P_051
PP_018	HAS_STEP	P_052
PP_018	HAS_STEP	P_053
PP_018	HAS_STEP	P_054
PP_018	HAS_STEP	P_055
PP_019	HAS_STEP	P_057
PP_020	HAS_STEP	P_058
PP_020	HAS_STEP	P_059
PP_020	HAS_STEP	P_060
PP_020	HAS_STEP	P_061
PP_020	HAS_STEP	P_062
PP_021	HAS_STEP	P_064
PP_021	HAS_STEP	P_065
PP_021	HAS_STEP	P_066
PP_022	HAS_STEP	P_067
PP_023	HAS_STEP	P_068
PP_024	HAS_STEP	P_069
PP_024	HAS_STEP	P_070
PP_026	HAS_STEP	P_073
PP_026	HAS_STEP	P_075
PP_026	HAS_STEP	P_076
PP_027	HAS_STEP	P_077
PP_028	HAS_STEP	P_078
PP_028	HAS_STEP	P_079
PP_028	HAS_STEP	P_080
PP_029	HAS_STEP	P_081
PP_029	HAS_STEP	P_082
PP_029	HAS_STEP	P_083
PP_030	HAS_STEP	P_084
PP_031	HAS_STEP	P_085
PP_031	HAS_STEP	P_086
PP_031	HAS_STEP	P_087
PP_032	HAS_STEP	P_088
PP_032	HAS_STEP	P_089
PP_032	HAS_STEP	P_090
PP_033	HAS_STEP	P_091
PP_033	HAS_STEP	P_092
PP_033	HAS_STEP	P_093
PP_033	HAS_STEP	P_095
PP_034	HAS_STEP	P_096
PP_034	HAS_STEP	P_097
PP_034	HAS_STEP	P_098
PP_034	HAS_STEP	P_099
PP_035	HAS_STEP	P_101
PP_036	HAS_STEP	P_102
PP_036	HAS_STEP	P_103
PP_036	HAS_STEP	P_104
PP_037	HAS_STEP	P_105
PP_037	HAS_STEP	P_106
PP_037	HAS_STEP	P_107
PP_037	HAS_STEP	P_108
PP_038	HAS_STEP	P_109
PP_038	HAS_STEP	P_110
PP_038	HAS_STEP	P_111
PP_038	HAS_STEP	P_112
PP_039	HAS_STEP	P_113
PP_039	HAS_STEP	P_114
PP_039	HAS_STEP	P_115
PP_040	HAS_STEP	P_116
PP_040	HAS_STEP	P_117
PP_040	HAS_STEP	P_118
PP_041	HAS_STEP	P_119
PP_041	HAS_STEP	P_120
PP_041	HAS_STEP	P_121
PP_042	HAS_STEP	P_122
PP_043	HAS_STEP	P_124
PP_043	HAS_STEP	P_125
PP_043	HAS_STEP	P_126
PP_043	HAS_STEP	P_128
PP_044	HAS_STEP	P_123
PP_044	HAS_STEP	P_125
PP_044	HAS_STEP	P_129
PP_044	HAS_STEP	P_130
PP_044	HAS_STEP	P_131
PP_044	HAS_STEP	P_133
PP_045	HAS_STEP	P_134
PP_045	HAS_STEP	P_135
PP_045	HAS_STEP	P_136
PP_045	HAS_STEP	P_137
PP_045	HAS_STEP	P_139
PP_045	HAS_STEP	P_140
PP_046	HAS_STEP	P_141
PP_046	HAS_STEP	P_142
PP_046	HAS_STEP	P_143
PP_046	HAS_STEP	P_144
PP_046	HAS_STEP	P_145
PP_047	HAS_STEP	P_146
PP_047	HAS_STEP	P_148
PP_047	HAS_STEP	P_149
PP_048	HAS_STEP	P_151
PP_049	HAS_STEP	P_153
PP_049	HAS_STEP	P_154
PP_050	HAS_STEP	P_155
PP_050	HAS_STEP	P_156
PP_050	HAS_STEP	P_157
PP_051	HAS_STEP	P_158
PP_051	HAS_STEP	P_160
PP_051	HAS_STEP	P_161
PP_052	HAS_STEP	P_162
PP_052	HAS_STEP	P_163
PP_052	HAS_STEP	P_164
PP_053	HAS_STEP	P_165
PP_053	HAS_STEP	P_166
PP_053	HAS_STEP	P_168
PP_053	HAS_STEP	P_169
PP_054	HAS_STEP	P_170
PP_054	HAS_STEP	P_172
PP_055	HAS_STEP	P_173
PP_055	HAS_STEP	P_174
PP_055	HAS_STEP	P_175
PP_055	HAS_STEP	P_176
PP_055	HAS_STEP	P_177
PP_056	HAS_STEP	P_178
PP_056	HAS_STEP	P_179
PP_056	HAS_STEP	P_180
PP_056	HAS_STEP	P_182
PP_056	HAS_STEP	P_187
PP_056	HAS_STEP	P_188
PP_056	HAS_STEP	P_192
PP_056	HAS_STEP	P_194
PP_057	HAS_STEP	P_191
PP_058	HAS_STEP	P_189
PP_059	HAS_STEP	P_183
PP_059	HAS_STEP	P_184
PP_059	HAS_STEP	P_185
PP_059	HAS_STEP	P_186
PP_060	HAS_STEP	P_195
PP_060	HAS_STEP	P_196
PP_061	HAS_STEP	P_197
PP_061	HAS_STEP	P_199
PP_061	HAS_STEP	P_200
PP_062	HAS_STEP	P_201
PP_063	HAS_STEP	P_202
PP_063	HAS_STEP	P_203
PP_063	HAS_STEP	P_204
PP_063	HAS_STEP	P_205
PP_064	HAS_STEP	P_206
PP_064	HAS_STEP	P_207
PP_064	HAS_STEP	P_209
PP_064	HAS_STEP	P_210
PP_064	HAS_STEP	P_211
PP_065	HAS_STEP	P_213
PP_065	HAS_STEP	P_214
PP_065	HAS_STEP	P_215
PP_065	HAS_STEP	P_216
PP_065	HAS_STEP	P_217
PP_065	HAS_STEP	P_218
PP_065	HAS_STEP	P_219
PP_066	HAS_STEP	P_220
PP_066	HAS_STEP	P_221
PP_066	HAS_STEP	P_222
PP_066	HAS_STEP	P_223
PP_066	HAS_STEP	P_224
PP_066	HAS_STEP	P_225
PP_067	HAS_STEP	P_227
PP_067	HAS_STEP	P_228
PP_067	HAS_STEP	P_229
PP_067	HAS_STEP	P_230
PP_067	HAS_STEP	P_231
PP_067	HAS_STEP	P_232
PP_067	HAS_STEP	P_233
PP_067	HAS_STEP	P_234
PP_067	HAS_STEP	P_237
PP_067	HAS_STEP	P_238
PP_067	HAS_STEP	P_239
PP_067	HAS_STEP	P_240
PP_068	HAS_STEP	P_241
PP_068	HAS_STEP	P_243
PP_069	HAS_STEP	P_245
PP_069	HAS_STEP	P_246
PP_069	HAS_STEP	P_247
PP_069	HAS_STEP	P_248
PP_070	HAS_STEP	P_249
PP_070	HAS_STEP	P_250
PP_070	HAS_STEP	P_251
PP_070	HAS_STEP	P_252
PP_070	HAS_STEP	P_255
PP_071	HAS_STEP	P_257
PP_071	HAS_STEP	P_258
PP_071	HAS_STEP	P_259
PP_071	HAS_STEP	P_260
PP_071	HAS_STEP	P_261
PP_071	HAS_STEP	P_262
PP_071	HAS_STEP	P_263
PP_071	HAS_STEP	P_264
PP_072	HAS_STEP	P_265
PP_072	HAS_STEP	P_266
PP_072	HAS_STEP	P_267
PP_072	HAS_STEP	P_268
PP_073	HAS_STEP	P_269
PP_073	HAS_STEP	P_270
PP_073	HAS_STEP	P_271
PP_074	HAS_STEP	P_272
PP_074	HAS_STEP	P_273
PP_074	HAS_STEP	P_274
PP_074	HAS_STEP	P_275
PP_075	HAS_STEP	P_276
PP_075	HAS_STEP	P_277
PP_075	HAS_STEP	P_278
PP_075	HAS_STEP	P_279
PP_075	HAS_STEP	P_280
PP_075	HAS_STEP	P_282
PP_075	HAS_STEP	P_283
PP_075	HAS_STEP	P_284
PP_076	HAS_STEP	P_285
PP_076	HAS_STEP	P_286
PP_076	HAS_STEP	P_287
PP_076	HAS_STEP	P_289
PP_076	HAS_STEP	P_290
PP_078	HAS_STEP	P_294
PP_078	HAS_STEP	P_295
PP_078	HAS_STEP	P_296
PP_078	HAS_STEP	P_297
PP_079	HAS_STEP	P_299
PP_079	HAS_STEP	P_300
PP_080	HAS_STEP	P_301
PP_080	HAS_STEP	P_302
PP_080	HAS_STEP	P_303
PP_080	HAS_STEP	P_304
PP_080	HAS_STEP	P_305
PP_081	HAS_STEP	P_306
PP_082	HAS_STEP	P_307
PP_082	HAS_STEP	P_308
PP_082	HAS_STEP	P_309
PP_082	HAS_STEP	P_310
PP_083	HAS_STEP	P_311
PP_083	HAS_STEP	P_313
PP_083	HAS_STEP	P_314
PP_084	HAS_STEP	P_315
PP_084	HAS_STEP	P_318
PP_084	HAS_STEP	P_319
PP_085	HAS_STEP	P_320
PP_086	HAS_STEP	P_321
PP_086	HAS_STEP	P_322
PP_087	HAS_STEP	P_323
PP_087	HAS_STEP	P_324
PP_087	HAS_STEP	P_325
PP_087	HAS_STEP	P_326
PP_087	HAS_STEP	P_327
PP_088	HAS_STEP	P_328
PP_088	HAS_STEP	P_329
PP_088	HAS_STEP	P_330
PP_088	HAS_STEP	P_331
PP_088	HAS_STEP	P_332
PP_089	HAS_STEP	P_333
PP_089	HAS_STEP	P_334
PP_089	HAS_STEP	P_335
PP_089	HAS_STEP	P_336
PP_090	HAS_STEP	P_338
PP_090	HAS_STEP	P_339
PP_090	HAS_STEP	P_340
PP_091	HAS_STEP	P_341
PP_091	HAS_STEP	P_342
PP_091	HAS_STEP	P_345
PP_092	HAS_STEP	P_346
PP_092	HAS_STEP	P_347
PP_093	HAS_STEP	P_348
PP_093	HAS_STEP	P_349
PP_093	HAS_STEP	P_350
PP_094	HAS_STEP	P_351
PP_094	HAS_STEP	P_352
PP_094	HAS_STEP	P_353
PP_094	HAS_STEP	P_354
PP_094	HAS_STEP	P_356
PP_094	HAS_STEP	P_357
PP_094	HAS_STEP	P_358
PP_094	HAS_STEP	P_359
PP_094	HAS_STEP	P_360
PP_095	HAS_STEP	P_362
PP_095	HAS_STEP	P_363
PP_095	HAS_STEP	P_365
PP_095	HAS_STEP	P_366
PP_095	HAS_STEP	P_367
PP_096	HAS_STEP	P_368
PP_096	HAS_STEP	P_369
PP_096	HAS_STEP	P_371
PP_096	HAS_STEP	P_372
PP_096	HAS_STEP	P_373
PP_096	HAS_STEP	P_374
PP_096	HAS_STEP	P_375
PP_096	HAS_STEP	P_376
PP_096	HAS_STEP	P_377
PP_097	HAS_STEP	P_378
PP_097	HAS_STEP	P_379
PP_097	HAS_STEP	P_380
PP_097	HAS_STEP	P_381
PP_097	HAS_STEP	P_382
PP_098	HAS_STEP	P_383
PP_098	HAS_STEP	P_384
PP_098	HAS_STEP	P_385
PP_098	HAS_STEP	P_386
PP_099	HAS_STEP	P_387
PP_099	HAS_STEP	P_388
PP_099	HAS_STEP	P_389
PP_099	HAS_STEP	P_390
PP_100	HAS_STEP	P_391
PP_100	HAS_STEP	P_392
PP_100	HAS_STEP	P_393
PP_100	HAS_STEP	P_395
PP_101	HAS_STEP	P_397
PP_101	HAS_STEP	P_398
PP_102	HAS_STEP	P_400
PP_102	HAS_STEP	P_401
PP_102	HAS_STEP	P_402
PP_102	HAS_STEP	P_403
PP_102	HAS_STEP	P_404
PP_102	HAS_STEP	P_405
PP_103	HAS_STEP	P_407
PP_103	HAS_STEP	P_408
PP_103	HAS_STEP	P_409
PP_103	HAS_STEP	P_410
PP_103	HAS_STEP	P_411
PP_103	HAS_STEP	P_412
PP_103	HAS_STEP	P_413
PP_103	HAS_STEP	P_414
PP_103	HAS_STEP	P_415
PP_104	HAS_STEP	P_416
PP_104	HAS_STEP	P_417
PP_104	HAS_STEP	P_419
PP_104	HAS_STEP	P_420
PP_105	HAS_STEP	P_421
PP_105	HAS_STEP	P_422
PP_105	HAS_STEP	P_423
PP_105	HAS_STEP	P_424
PP_106	HAS_STEP	P_425
PP_106	HAS_STEP	P_426
PP_106	HAS_STEP	P_428
PP_106	HAS_STEP	P_429
PP_107	HAS_STEP	P_430
PP_107	HAS_STEP	P_432
PP_107	HAS_STEP	P_433
PP_107	HAS_STEP	P_434
PP_107	HAS_STEP	P_435
PP_108	HAS_STEP	P_436
PP_108	HAS_STEP	P_438
PP_109	HAS_STEP	P_439
PP_109	HAS_STEP	P_440
PP_109	HAS_STEP	P_441
PP_110	HAS_STEP	P_442
PP_110	HAS_STEP	P_443
PP_110	HAS_STEP	P_444
PP_110	HAS_STEP	P_445
PP_110	HAS_STEP	P_446
PP_110	HAS_STEP	P_447
PP_111	HAS_STEP	P_448
PP_111	HAS_STEP	P_449
PP_111	HAS_STEP	P_450
PP_111	HAS_STEP	P_451
PP_111	HAS_STEP	P_453
PP_111	HAS_STEP	P_454
PP_112	HAS_STEP	P_455
PP_112	HAS_STEP	P_456
PP_112	HAS_STEP	P_457
PP_112	HAS_STEP	P_458
PP_112	HAS_STEP	P_459
PP_112	HAS_STEP	P_460
PP_113	HAS_STEP	P_461
PP_113	HAS_STEP	P_462
PP_113	HAS_STEP	P_464
PP_114	HAS_STEP	P_465
PP_114	HAS_STEP	P_467
PP_114	HAS_STEP	P_469
PP_115	HAS_STEP	P_470
PP_115	HAS_STEP	P_472
PP_115	HAS_STEP	P_473
PP_115	HAS_STEP	P_474
PP_115	HAS_STEP	P_475
PP_116	HAS_STEP	P_476
PP_116	HAS_STEP	P_477
PP_116	HAS_STEP	P_478
PP_116	HAS_STEP	P_479
PP_116	HAS_STEP	P_480
PP_116	HAS_STEP	P_481
PP_117	HAS_STEP	P_482
PP_117	HAS_STEP	P_483
PP_117	HAS_STEP	P_484
PP_117	HAS_STEP	P_485
PP_117	HAS_STEP	P_486
PP_117	HAS_STEP	P_487
PP_118	HAS_STEP	P_488
PP_118	HAS_STEP	P_489
PP_118	HAS_STEP	P_490
PP_118	HAS_STEP	P_491
PP_118	HAS_STEP	P_492
PP_118	HAS_STEP	P_493
PP_119	HAS_STEP	P_496
PP_119	HAS_STEP	P_497
PP_120	HAS_STEP	P_498
PP_120	HAS_STEP	P_499
PP_120	HAS_STEP	P_500
PP_120	HAS_STEP	P_501
PP_120	HAS_STEP	P_502
PP_121	HAS_STEP	P_503
PP_121	HAS_STEP	P_504
PP_121	HAS_STEP	P_505
PP_121	HAS_STEP	P_506
PP_121	HAS_STEP	P_507
PP_121	HAS_STEP	P_508
PP_122	HAS_STEP	P_509
PP_122	HAS_STEP	P_510
PP_122	HAS_STEP	P_512
PP_122	HAS_STEP	P_513
PP_123	HAS_STEP	P_514
PP_123	HAS_STEP	P_516
PP_123	HAS_STEP	P_517
PP_123	HAS_STEP	P_518
PP_123	HAS_STEP	P_519
PP_124	HAS_STEP	P_520
PP_124	HAS_STEP	P_521
PP_124	HAS_STEP	P_522
PP_124	HAS_STEP	P_523
PP_124	HAS_STEP	P_524
PP_124	HAS_STEP	P_525
PP_124	HAS_STEP	P_526
PP_124	HAS_STEP	P_527
PP_125	HAS_STEP	P_528
PP_125	HAS_STEP	P_530
PP_125	HAS_STEP	P_531
PP_126	HAS_STEP	P_532
PP_126	HAS_STEP	P_533
PP_126	HAS_STEP	P_534
PP_126	HAS_STEP	P_535
PP_127	HAS_STEP	P_536
PP_127	HAS_STEP	P_537
PP_127	HAS_STEP	P_539
PP_128	HAS_STEP	P_540
PP_128	HAS_STEP	P_541
PP_128	HAS_STEP	P_542
PP_128	HAS_STEP	P_543
PP_128	HAS_STEP	P_544
PP_129	HAS_STEP	P_546
PP_129	HAS_STEP	P_547
PP_129	HAS_STEP	P_548
PP_129	HAS_STEP	P_549
PP_129	HAS_STEP	P_550
PP_129	HAS_STEP	P_551
PP_130	HAS_STEP	P_552
PP_130	HAS_STEP	P_553
PP_130	HAS_STEP	P_555
PP_130	HAS_STEP	P_556
PP_130	HAS_STEP	P_558
PP_131	HAS_STEP	P_559
PP_131	HAS_STEP	P_560
PP_132	HAS_STEP	P_562
PP_133	HAS_STEP	P_564
PP_133	HAS_STEP	P_565
PP_134	HAS_STEP	P_567
PP_134	HAS_STEP	P_569
PP_134	HAS_STEP	P_570
PP_134	HAS_STEP	P_571
PP_134	HAS_STEP	P_572
PP_134	HAS_STEP	P_573
PP_134	HAS_STEP	P_574
PP_134	HAS_STEP	P_575
PP_135	HAS_STEP	P_577
PP_135	HAS_STEP	P_579
PP_135	HAS_STEP	P_580
PP_135	HAS_STEP	P_581
PP_135	HAS_STEP	P_582
PP_135	HAS_STEP	P_583
PP_135	HAS_STEP	P_584
PP_135	HAS_STEP	P_585
PP_136	HAS_STEP	P_586
PP_136	HAS_STEP	P_587
PP_136	HAS_STEP	P_588
PP_136	HAS_STEP	P_590
PP_136	HAS_STEP	P_591
PP_136	HAS_STEP	P_592
PP_136	HAS_STEP	P_593
PP_137	HAS_STEP	P_594
PP_137	HAS_STEP	P_595
PP_137	HAS_STEP	P_596
PP_138	HAS_STEP	P_597
PP_138	HAS_STEP	P_598
PP_138	HAS_STEP	P_599
PP_139	HAS_STEP	P_600
PP_139	HAS_STEP	P_601
PP_139	HAS_STEP	P_603
PP_139	HAS_STEP	P_604
PP_139	HAS_STEP	P_605
PP_140	HAS_STEP	P_606
PP_140	HAS_STEP	P_607
PP_140	HAS_STEP	P_608
PP_140	HAS_STEP	P_609
PP_140	HAS_STEP	P_610
PP_141	HAS_STEP	P_611
PP_141	HAS_STEP	P_612
PP_141	HAS_STEP	P_613
PP_142	HAS_STEP	P_614
PP_142	HAS_STEP	P_615
PP_142	HAS_STEP	P_616
PP_142	HAS_STEP	P_617
PP_142	HAS_STEP	P_618
PP_142	HAS_STEP	P_619
PP_142	HAS_STEP	P_620
PP_142	HAS_STEP	P_621
PP_143	HAS_STEP	P_622
PP_143	HAS_STEP	P_623
PP_143	HAS_STEP	P_624
PP_143	HAS_STEP	P_625
PP_143	HAS_STEP	P_626
PP_143	HAS_STEP	P_627
PP_143	HAS_STEP	P_628
PP_143	HAS_STEP	P_629
PP_143	HAS_STEP	P_630
PP_143	HAS_STEP	P_631
PP_144	HAS_STEP	P_633
PP_144	HAS_STEP	P_634
PP_144	HAS_STEP	P_635
PP_145	HAS_STEP	P_636
PP_145	HAS_STEP	P_638
PP_146	HAS_STEP	P_639
PP_146	HAS_STEP	P_640
PP_146	HAS_STEP	P_641
PP_147	HAS_STEP	P_643
PP_147	HAS_STEP	P_644
PP_147	HAS_STEP	P_645
PP_148	HAS_STEP	P_646
PP_148	HAS_STEP	P_647
PP_148	HAS_STEP	P_648
PP_148	HAS_STEP	P_649
PP_148	HAS_STEP	P_650
PP_148	HAS_STEP	P_651
PP_148	HAS_STEP	P_652
PP_148	HAS_STEP	P_653
PP_148	HAS_STEP	P_655
PP_148	HAS_STEP	P_656
PP_148	HAS_STEP	P_657
PP_149	HAS_STEP	P_658
PP_149	HAS_STEP	P_659
PP_149	HAS_STEP	P_660
PP_149	HAS_STEP	P_662
PP_149	HAS_STEP	P_663
PP_150	HAS_STEP	P_664
PP_150	HAS_STEP	P_665
PP_150	HAS_STEP	P_666
PP_150	HAS_STEP	P_667
PP_150	HAS_STEP	P_668
PP_151	HAS_STEP	P_669
PP_151	HAS_STEP	P_670
PP_152	HAS_STEP	P_672
PP_152	HAS_STEP	P_673
PP_152	HAS_STEP	P_674
PP_152	HAS_STEP	P_676
PP_153	HAS_STEP	P_677
PP_153	HAS_STEP	P_678
PP_153	HAS_STEP	P_680
PP_153	HAS_STEP	P_681
PP_154	HAS_STEP	P_682
PP_154	HAS_STEP	P_683
PP_154	HAS_STEP	P_684
PP_154	HAS_STEP	P_685
PP_154	HAS_STEP	P_686
PP_154	HAS_STEP	P_687
PP_154	HAS_STEP	P_688
PP_154	HAS_STEP	P_689
PP_155	HAS_STEP	P_690
PP_156	HAS_STEP	P_691
PP_156	HAS_STEP	P_692
PP_156	HAS_STEP	P_693
PP_156	HAS_STEP	P_695
PP_156	HAS_STEP	P_696
PP_156	HAS_STEP	P_697
PP_156	HAS_STEP	P_703
PP_157	HAS_STEP	P_704
PP_157	HAS_STEP	P_705
PP_157	HAS_STEP	P_706
PP_157	HAS_STEP	P_707
PP_157	HAS_STEP	P_708
PP_158	HAS_STEP	P_709
PP_158	HAS_STEP	P_710
PP_159	HAS_STEP	P_712
PP_159	HAS_STEP	P_713
PP_159	HAS_STEP	P_714
PP_159	HAS_STEP	P_715
PP_159	HAS_STEP	P_716
PP_160	HAS_STEP	P_717
PP_160	HAS_STEP	P_718
PP_160	HAS_STEP	P_719
PP_160	HAS_STEP	P_720
PP_160	HAS_STEP	P_721
PP_160	HAS_STEP	P_722
PP_160	HAS_STEP	P_724
PP_160	HAS_STEP	P_725
PP_160	HAS_STEP	P_726
PP_160	HAS_STEP	P_727
PP_161	HAS_STEP	P_728
PP_161	HAS_STEP	P_729
PP_162	HAS_STEP	P_731
PP_162	HAS_STEP	P_732
PP_162	HAS_STEP	P_733
PP_162	HAS_STEP	P_734
PP_162	HAS_STEP	P_735
PP_162	HAS_STEP	P_736
PP_162	HAS_STEP	P_737
PP_162	HAS_STEP	P_738
PP_162	HAS_STEP	P_739
PP_163	HAS_STEP	P_742
PP_163	HAS_STEP	P_744
PP_163	HAS_STEP	P_745
PP_163	HAS_STEP	P_746
PP_164	HAS_STEP	P_747
PP_164	HAS_STEP	P_748
PP_164	HAS_STEP	P_749
PP_164	HAS_STEP	P_750
PP_164	HAS_STEP	P_751
PP_164	HAS_STEP	P_752
PP_165	HAS_STEP	P_753
PP_165	HAS_STEP	P_754
PP_165	HAS_STEP	P_755
PP_165	HAS_STEP	P_756
PP_165	HAS_STEP	P_757
PP_166	HAS_STEP	P_758
PP_166	HAS_STEP	P_759
PP_166	HAS_STEP	P_760
PP_166	HAS_STEP	P_761
PP_166	HAS_STEP	P_762
PP_166	HAS_STEP	P_764
PP_166	HAS_STEP	P_765
PP_167	HAS_STEP	P_768
PP_168	HAS_STEP	P_770
PP_169	HAS_STEP	P_771
PP_169	HAS_STEP	P_772
PP_170	HAS_STEP	P_773
PP_170	HAS_STEP	P_774
PP_170	HAS_STEP	P_775
PP_170	HAS_STEP	P_776
PP_170	HAS_STEP	P_777
PP_171	HAS_STEP	P_778
PP_171	HAS_STEP	P_779
PP_171	HAS_STEP	P_780
PP_172	HAS_STEP	P_783
PP_172	HAS_STEP	P_784
PP_172	HAS_STEP	P_785
PP_172	HAS_STEP	P_786
PP_173	HAS_STEP	P_787
PP_173	HAS_STEP	P_788
PP_173	HAS_STEP	P_789
PP_174	HAS_STEP	P_790
PP_174	HAS_STEP	P_791
PP_174	HAS_STEP	P_792
PP_174	HAS_STEP	P_793
PP_174	HAS_STEP	P_795
PP_174	HAS_STEP	P_796
PP_174	HAS_STEP	P_797
PP_175	HAS_STEP	P_798
PP_175	HAS_STEP	P_799
PP_175	HAS_STEP	P_800
PP_175	HAS_STEP	P_801
PP_175	HAS_STEP	P_802
PP_175	HAS_STEP	P_803
PP_176	HAS_STEP	P_805
PP_176	HAS_STEP	P_806
PP_176	HAS_STEP	P_807
PP_176	HAS_STEP	P_808
PP_176	HAS_STEP	P_809
PP_177	HAS_STEP	P_810
PP_177	HAS_STEP	P_811
PP_177	HAS_STEP	P_812
PP_177	HAS_STEP	P_813
PP_177	HAS_STEP	P_814
PP_177	HAS_STEP	P_815
PP_177	HAS_STEP	P_816
PP_178	HAS_STEP	P_818
PP_178	HAS_STEP	P_819
PP_179	HAS_STEP	P_820
PP_179	HAS_STEP	P_821
PP_179	HAS_STEP	P_822
PP_179	HAS_STEP	P_823
PP_179	HAS_STEP	P_824
PP_179	HAS_STEP	P_825
PP_179	HAS_STEP	P_826
PP_179	HAS_STEP	P_828
PP_179	HAS_STEP	P_829
PP_180	HAS_STEP	P_831
PP_180	HAS_STEP	P_832
PP_180	HAS_STEP	P_833
PP_180	HAS_STEP	P_834
PP_180	HAS_STEP	P_835
PP_180	HAS_STEP	P_837
PP_180	HAS_STEP	P_839
PP_180	HAS_STEP	P_840
PP_181	HAS_STEP	P_841
PP_181	HAS_STEP	P_842
PP_181	HAS_STEP	P_843
PP_181	HAS_STEP	P_844
PP_181	HAS_STEP	P_845
PP_182	HAS_STEP	P_846
PP_182	HAS_STEP	P_847
PP_182	HAS_STEP	P_848
PP_182	HAS_STEP	P_850
PP_182	HAS_STEP	P_851
PP_182	HAS_STEP	P_852
PP_182	HAS_STEP	P_853
PP_182	HAS_STEP	P_854
PP_182	HAS_STEP	P_855
PP_182	HAS_STEP	P_856
PP_182	HAS_STEP	P_857
PP_183	HAS_STEP	P_860
PP_183	HAS_STEP	P_861
PP_183	HAS_STEP	P_862
PP_183	HAS_STEP	P_863
PP_183	HAS_STEP	P_864
PP_184	HAS_STEP	P_866
PP_184	HAS_STEP	P_867
PP_184	HAS_STEP	P_868
PP_184	HAS_STEP	P_869
PP_184	HAS_STEP	P_870
PP_184	HAS_STEP	P_871
PP_184	HAS_STEP	P_872
PP_185	HAS_STEP	P_873
PP_185	HAS_STEP	P_874
PP_185	HAS_STEP	P_875
PP_185	HAS_STEP	P_876
PP_185	HAS_STEP	P_877
PP_185	HAS_STEP	P_878
PP_186	HAS_STEP	P_879
PP_186	HAS_STEP	P_880
PP_186	HAS_STEP	P_881
PP_186	HAS_STEP	P_882
PP_186	HAS_STEP	P_883
PP_187	HAS_STEP	P_884
PP_187	HAS_STEP	P_885
PP_187	HAS_STEP	P_886
PP_187	HAS_STEP	P_887
PP_187	HAS_STEP	P_888
PP_188	HAS_STEP	P_889
PP_188	HAS_STEP	P_890
PP_188	HAS_STEP	P_891
PP_188	HAS_STEP	P_892
PP_188	HAS_STEP	P_893
PP_188	HAS_STEP	P_894
PP_189	HAS_STEP	P_895
PP_189	HAS_STEP	P_896
PP_189	HAS_STEP	P_897
PP_189	HAS_STEP	P_898
PP_189	HAS_STEP	P_899
PP_190	HAS_STEP	P_900
PP_190	HAS_STEP	P_901
PP_190	HAS_STEP	P_902
PP_190	HAS_STEP	P_903
PP_191	HAS_STEP	P_905
PP_191	HAS_STEP	P_906
PP_191	HAS_STEP	P_907
PP_191	HAS_STEP	P_908
PP_191	HAS_STEP	P_909
PP_191	HAS_STEP	P_910
PP_192	HAS_STEP	P_911
PP_192	HAS_STEP	P_912
PP_192	HAS_STEP	P_913
PP_192	HAS_STEP	P_914
PP_193	HAS_STEP	P_915
PP_193	HAS_STEP	P_916
PP_193	HAS_STEP	P_917
PP_193	HAS_STEP	P_918
PP_193	HAS_STEP	P_919
PP_194	HAS_STEP	P_920
PP_194	HAS_STEP	P_922
PP_194	HAS_STEP	P_923
PP_194	HAS_STEP	P_924
PP_194	HAS_STEP	P_925
PP_194	HAS_STEP	P_927
PP_194	HAS_STEP	P_929
PP_194	HAS_STEP	P_930
PP_194	HAS_STEP	P_931
PP_194	HAS_STEP	P_932
PP_194	HAS_STEP	P_933
PP_194	HAS_STEP	P_934
PP_194	HAS_STEP	P_935
PP_194	HAS_STEP	P_936
PP_194	HAS_STEP	P_937
PP_194	HAS_STEP	P_938
PP_194	HAS_STEP	P_940
PP_194	HAS_STEP	P_942
PP_194	HAS_STEP	P_943
PP_194	HAS_STEP	P_944
PP_195	HAS_STEP	P_945
PP_195	HAS_STEP	P_946
PP_195	HAS_STEP	P_947
PP_195	HAS_STEP	P_949
PP_195	HAS_STEP	P_950
PP_195	HAS_STEP	P_951
PP_195	HAS_STEP	P_952
PP_196	HAS_STEP	P_953
PP_196	HAS_STEP	P_955
PP_197	HAS_STEP	P_956
PP_197	HAS_STEP	P_957
PP_197	HAS_STEP	P_959
PP_197	HAS_STEP	P_960
PP_198	HAS_STEP	P_961
PP_198	HAS_STEP	P_962
PP_198	HAS_STEP	P_964
PP_199	HAS_STEP	P_965
PP_199	HAS_STEP	P_966
PP_199	HAS_STEP	P_968
PP_199	HAS_STEP	P_969
PP_199	HAS_STEP	P_970
PP_199	HAS_STEP	P_971
PP_199	HAS_STEP	P_972
PP_199	HAS_STEP	P_973
PP_199	HAS_STEP	P_974
PP_199	HAS_STEP	P_976
PP_199	HAS_STEP	P_977
PP_200	HAS_STEP	P_979
PP_200	HAS_STEP	P_982
PP_200	HAS_STEP	P_983
PP_200	HAS_STEP	P_984
PP_200	HAS_STEP	P_985
PP_201	HAS_STEP	P_986
PP_201	HAS_STEP	P_987
PP_201	HAS_STEP	P_988
PP_202	HAS_STEP	P_989
PP_202	HAS_STEP	P_990
PP_202	HAS_STEP	P_991
PP_202	HAS_STEP	P_992
PP_203	HAS_STEP	P_1000
PP_203	HAS_STEP	P_1001
PP_203	HAS_STEP	P_1002
PP_203	HAS_STEP	P_994
PP_203	HAS_STEP	P_995
PP_203	HAS_STEP	P_996
PP_203	HAS_STEP	P_997
PP_203	HAS_STEP	P_998
PP_204	HAS_STEP	P_1003
PP_204	HAS_STEP	P_1004
PP_204	HAS_STEP	P_1005
PP_204	HAS_STEP	P_1006
PP_204	HAS_STEP	P_1007
PP_204	HAS_STEP	P_1008
PP_204	HAS_STEP	P_1009
PP_204	HAS_STEP	P_1010
PP_204	HAS_STEP	P_1011
PP_204	HAS_STEP	P_1012
PP_205	HAS_STEP	P_1013
PP_205	HAS_STEP	P_1014
PP_205	HAS_STEP	P_1015
PP_205	HAS_STEP	P_1016
PP_205	HAS_STEP	P_1017
PP_205	HAS_STEP	P_1018
PP_205	HAS_STEP	P_1019
PP_205	HAS_STEP	P_1020
PP_205	HAS_STEP	P_1021
PP_205	HAS_STEP	P_1022
PP_206	HAS_STEP	P_1023
PP_206	HAS_STEP	P_1024
PP_206	HAS_STEP	P_1025
PP_206	HAS_STEP	P_1026
PP_206	HAS_STEP	P_1027
PP_207	HAS_STEP	P_1028
PP_207	HAS_STEP	P_1029
PP_207	HAS_STEP	P_1030
PP_207	HAS_STEP	P_1031
PP_207	HAS_STEP	P_1032
PP_207	HAS_STEP	P_1033
PP_208	HAS_STEP	P_1034
PP_208	HAS_STEP	P_1035
PP_208	HAS_STEP	P_1036
PP_208	HAS_STEP	P_1037
PP_208	HAS_STEP	P_1038
PP_208	HAS_STEP	P_1039
PP_208	HAS_STEP	P_1040
PP_208	HAS_STEP	P_1041
PP_208	HAS_STEP	P_1042
PP_208	HAS_STEP	P_1043
PP_208	HAS_STEP	P_1044
PP_208	HAS_STEP	P_1045
PP_209	HAS_STEP	P_1047
PP_209	HAS_STEP	P_1048
PP_209	HAS_STEP	P_1049
PP_209	HAS_STEP	P_1050
PP_209	HAS_STEP	P_1051
PP_209	HAS_STEP	P_1052
PP_209	HAS_STEP	P_1053
PP_209	HAS_STEP	P_1054
PP_209	HAS_STEP	P_1055
PP_209	HAS_STEP	P_1057
PP_209	HAS_STEP	P_1058
PP_210	HAS_STEP	P_1059
PP_210	HAS_STEP	P_1062
PP_210	HAS_STEP	P_1063
PP_211	HAS_STEP	P_1065
PP_211	HAS_STEP	P_1066
PP_211	HAS_STEP	P_1067
PP_211	HAS_STEP	P_1068
PP_211	HAS_STEP	P_1069
PP_211	HAS_STEP	P_1070
PP_211	HAS_STEP	P_1071
PP_211	HAS_STEP	P_1072
PP_211	HAS_STEP	P_1073
PP_211	HAS_STEP	P_1074
PP_211	HAS_STEP	P_1075
PP_211	HAS_STEP	P_1076
PP_211	HAS_STEP	P_1078
PP_211	HAS_STEP	P_1079
PP_211	HAS_STEP	P_1080
PP_211	HAS_STEP	P_1081
PP_211	HAS_STEP	P_1082
PP_212	HAS_STEP	P_1083
PP_212	HAS_STEP	P_1084
PP_212	HAS_STEP	P_1085
PP_212	HAS_STEP	P_1086
PP_213	HAS_STEP	P_1087
PP_214	HAS_STEP	P_1088
PP_214	HAS_STEP	P_1089
PP_214	HAS_STEP	P_1090
PP_214	HAS_STEP	P_1091
PP_214	HAS_STEP	P_1092
PP_214	HAS_STEP	P_1093
PP_215	HAS_STEP	P_1094
PP_215	HAS_STEP	P_1095
PP_215	HAS_STEP	P_1096
PP_215	HAS_STEP	P_1097
PP_216	HAS_STEP	P_1098
PP_216	HAS_STEP	P_1099
PP_216	HAS_STEP	P_1100
PP_217	HAS_STEP	P_1101
PP_217	HAS_STEP	P_1102
PP_217	HAS_STEP	P_1104
PP_217	HAS_STEP	P_1105
PP_218	HAS_STEP	P_1106
PP_218	HAS_STEP	P_1107
PP_218	HAS_STEP	P_1108
PP_218	HAS_STEP	P_1109
PP_219	HAS_STEP	P_1110
PP_219	HAS_STEP	P_1111
PP_219	HAS_STEP	P_1112
PP_219	HAS_STEP	P_1113
PP_219	HAS_STEP	P_1114
PP_219	HAS_STEP	P_1115
PP_219	HAS_STEP	P_1116
PP_220	HAS_STEP	P_1117
PP_220	HAS_STEP	P_1118
PP_220	HAS_STEP	P_1119
PP_221	HAS_STEP	P_1121
PP_222	HAS_STEP	P_1122
PP_222	HAS_STEP	P_1123
PP_222	HAS_STEP	P_1124
PP_223	HAS_STEP	P_1125
PP_223	HAS_STEP	P_1126
PP_223	HAS_STEP	P_1127
PP_224	HAS_STEP	P_1128
PP_224	HAS_STEP	P_1129
PP_224	HAS_STEP	P_1130
PP_224	HAS_STEP	P_1131
PP_224	HAS_STEP	P_1132
PP_225	HAS_STEP	P_1133
PP_225	HAS_STEP	P_1134
PP_226	HAS_STEP	P_1135
PP_226	HAS_STEP	P_1136
PP_226	HAS_STEP	P_1137
PP_226	HAS_STEP	P_1138
PP_227	HAS_STEP	P_1139
PP_227	HAS_STEP	P_1140
PP_227	HAS_STEP	P_1141
PP_227	HAS_STEP	P_1142
PP_227	HAS_STEP	P_1143
PP_227	HAS_STEP	P_1144
PP_227	HAS_STEP	P_1146
PP_227	HAS_STEP	P_1147
PP_227	HAS_STEP	P_1148
PP_227	HAS_STEP	P_1149
PP_227	HAS_STEP	P_1150
PP_228	HAS_STEP	P_1152
PP_228	HAS_STEP	P_1153
PP_229	HAS_STEP	P_1155
PP_229	HAS_STEP	P_1156
PP_229	HAS_STEP	P_1157
PP_229	HAS_STEP	P_1158
PP_229	HAS_STEP	P_1159
PP_230	HAS_STEP	P_1160
PP_230	HAS_STEP	P_1161
PP_230	HAS_STEP	P_1162
PP_230	HAS_STEP	P_1163
PP_231	HAS_STEP	P_1164
PP_231	HAS_STEP	P_1165
PP_231	HAS_STEP	P_1166
PP_231	HAS_STEP	P_1167
PP_231	HAS_STEP	P_1168
PP_232	HAS_STEP	P_1169
PP_232	HAS_STEP	P_1170
PP_270	HAS_STEP	P_1380
PP_270	HAS_STEP	P_1381
PP_270	HAS_STEP	P_1382
PP_270	HAS_STEP	P_1383
PP_276	HAS_STEP	P_1399
PP_276	HAS_STEP	P_1400
PP_276	HAS_STEP	P_1401
PP_276	HAS_STEP	P_1402
PP_276	HAS_STEP	P_1403
PP_276	HAS_STEP	P_1404
PP_276	HAS_STEP	P_1405
PP_276	HAS_STEP	P_1406
PP_328	HAS_STEP	P_1667
PP_329	HAS_STEP	P_1668
PP_330	HAS_STEP	P_1670
PP_331	HAS_STEP	P_1671
PP_331	HAS_STEP	P_1672
PP_332	HAS_STEP	P_1673
PP_332	HAS_STEP	P_1681
PP_332	HAS_STEP	P_1682
PP_332	HAS_STEP	P_1683
PP_332	HAS_STEP	P_1684
PP_332	HAS_STEP	P_1686
PP_332	HAS_STEP	P_1687
PP_332	HAS_STEP	P_1688
PP_332	HAS_STEP	P_1689
PP_332	HAS_STEP	P_1690
PP_333	HAS_STEP	P_1675
PP_334	HAS_STEP	P_1676
PP_334	HAS_STEP	P_1677
PP_335	HAS_STEP	P_1678
PP_335	HAS_STEP	P_1679
PP_335	HAS_STEP	P_1680
PP_349	HAS_STEP	P_1691
PP_349	HAS_STEP	P_1692
PP_349	HAS_STEP	P_1693
PP_349	HAS_STEP	P_1694
PP_349	HAS_STEP	P_1695
PP_349	HAS_STEP	P_1696
PP_349	HAS_STEP	P_1697
PP_349	HAS_STEP	P_1698
PP_349	HAS_STEP	P_1699
PP_349	HAS_STEP	P_1700
PP_349	HAS_STEP	P_1701
PP_349	HAS_STEP	P_1702
PP_349	HAS_STEP	P_1703
PP_349	HAS_STEP	P_1704
PP_349	HAS_STEP	P_1705
PP_350	HAS_STEP	P_1706
PP_350	HAS_STEP	P_1707
PP_350	HAS_STEP	P_1708
PP_350	HAS_STEP	P_1711
PP_350	HAS_STEP	P_1712
PP_351	HAS_STEP	P_1713
PP_351	HAS_STEP	P_1714
PP_351	HAS_STEP	P_1715
PP_351	HAS_STEP	P_1717
PP_351	HAS_STEP	P_1718
PP_352	HAS_STEP	P_1720
PP_352	HAS_STEP	P_1721
PP_352	HAS_STEP	P_1723
PP_352	HAS_STEP	P_1724
PP_353	HAS_STEP	P_1725
PP_354	HAS_STEP	P_1729
PP_354	HAS_STEP	P_1730
PP_354	HAS_STEP	P_1731
PP_355	HAS_STEP	P_1732
PP_355	HAS_STEP	P_1733
PP_355	HAS_STEP	P_1734
PP_355	HAS_STEP	P_1735
PP_355	HAS_STEP	P_1736
PP_355	HAS_STEP	P_1737
PP_355	HAS_STEP	P_1738
PP_355	HAS_STEP	P_1739
PP_355	HAS_STEP	P_1740
PP_355	HAS_STEP	P_1741
PP_356	HAS_STEP	P_1742
PP_356	HAS_STEP	P_1743
PP_356	HAS_STEP	P_1744
PP_356	HAS_STEP	P_1745
PP_356	HAS_STEP	P_1746
PP_356	HAS_STEP	P_1747
PP_357	HAS_STEP	P_1749
PP_358	HAS_STEP	P_1751
PP_359	HAS_STEP	P_1754
PP_360	HAS_STEP	P_1755
PP_360	HAS_STEP	P_1756
PP_361	HAS_STEP	P_1757
PP_361	HAS_STEP	P_1758
PP_361	HAS_STEP	P_1759
PP_361	HAS_STEP	P_1761
PP_361	HAS_STEP	P_1762
PP_362	HAS_STEP	P_1763
PP_362	HAS_STEP	P_1765
PP_362	HAS_STEP	P_1766
PP_362	HAS_STEP	P_1768
PP_362	HAS_STEP	P_1769
PP_363	HAS_STEP	P_1770
PP_363	HAS_STEP	P_1771
PP_363	HAS_STEP	P_1772
PP_364	HAS_STEP	P_1773
PP_364	HAS_STEP	P_1774
PP_364	HAS_STEP	P_1775
PP_364	HAS_STEP	P_1776
PP_365	HAS_STEP	P_1777
PP_365	HAS_STEP	P_1778
PP_365	HAS_STEP	P_1779
PP_365	HAS_STEP	P_1780
PP_365	HAS_STEP	P_1782
PP_365	HAS_STEP	P_1783
PP_366	HAS_STEP	P_1784
PP_366	HAS_STEP	P_1785
PP_366	HAS_STEP	P_1786
PP_366	HAS_STEP	P_1787
PP_366	HAS_STEP	P_1788
PP_367	HAS_STEP	P_1789
PP_367	HAS_STEP	P_1790
PP_367	HAS_STEP	P_1791
PP_367	HAS_STEP	P_1792
PP_367	HAS_STEP	P_1793
PP_367	HAS_STEP	P_1794
PP_367	HAS_STEP	P_1795
PP_367	HAS_STEP	P_1796
PP_367	HAS_STEP	P_1797
PP_367	HAS_STEP	P_1798
PP_368	HAS_STEP	P_1800
PP_368	HAS_STEP	P_1801
PP_368	HAS_STEP	P_1802
PP_369	HAS_STEP	P_1804
PP_369	HAS_STEP	P_1805
PP_369	HAS_STEP	P_1806
PP_369	HAS_STEP	P_1808
PP_369	HAS_STEP	P_1809
PP_369	HAS_STEP	P_1810
PP_369	HAS_STEP	P_1811
PP_369	HAS_STEP	P_1812
PP_370	HAS_STEP	P_1814
PP_370	HAS_STEP	P_1815
PP_370	HAS_STEP	P_1816
PP_370	HAS_STEP	P_1817
PP_370	HAS_STEP	P_1818
PP_371	HAS_STEP	P_1819
PP_371	HAS_STEP	P_1820
PP_371	HAS_STEP	P_1821
PP_371	HAS_STEP	P_1823
PP_371	HAS_STEP	P_1824
PP_371	HAS_STEP	P_1825
PP_371	HAS_STEP	P_1826
PP_371	HAS_STEP	P_1827
PP_371	HAS_STEP	P_1828
PP_371	HAS_STEP	P_1829
PP_371	HAS_STEP	P_1830
PP_371	HAS_STEP	P_1831
PP_372	HAS_STEP	P_1832
PP_372	HAS_STEP	P_1833
PP_372	HAS_STEP	P_1834
PP_372	HAS_STEP	P_1835
PP_372	HAS_STEP	P_1836
PP_372	HAS_STEP	P_1837
PP_372	HAS_STEP	P_1838
PP_372	HAS_STEP	P_1839
PP_372	HAS_STEP	P_1840
PP_372	HAS_STEP	P_1841
PP_372	HAS_STEP	P_1842
PP_373	HAS_STEP	P_1843
PP_373	HAS_STEP	P_1845
PP_373	HAS_STEP	P_1846
PP_373	HAS_STEP	P_1847
PP_373	HAS_STEP	P_1848
PP_373	HAS_STEP	P_1849
PP_373	HAS_STEP	P_1850
PP_373	HAS_STEP	P_1851
PP_374	HAS_STEP	P_1852
PP_374	HAS_STEP	P_1853
PP_375	HAS_STEP	P_1855
PP_375	HAS_STEP	P_1856
PP_375	HAS_STEP	P_1857
PP_375	HAS_STEP	P_1858
PP_375	HAS_STEP	P_1859
PP_376	HAS_STEP	P_1860
PP_376	HAS_STEP	P_1861
PP_376	HAS_STEP	P_1862
PP_377	HAS_STEP	P_1863
PP_377	HAS_STEP	P_1864
PP_377	HAS_STEP	P_1865
PP_378	HAS_STEP	P_1866
PP_378	HAS_STEP	P_1867
PP_379	HAS_STEP	P_1868
PP_379	HAS_STEP	P_1869
PP_379	HAS_STEP	P_1870
PP_379	HAS_STEP	P_1871
PP_379	HAS_STEP	P_1873
PP_379	HAS_STEP	P_1874
PP_380	HAS_STEP	P_1875
PP_380	HAS_STEP	P_1876
PP_380	HAS_STEP	P_1877
PP_381	HAS_STEP	P_1879
PP_381	HAS_STEP	P_1880
PP_381	HAS_STEP	P_1881
PP_381	HAS_STEP	P_1882
PP_382	HAS_STEP	P_1883
PP_382	HAS_STEP	P_1886
PP_382	HAS_STEP	P_1887
PP_383	HAS_STEP	P_1888
PP_383	HAS_STEP	P_1889
PP_384	HAS_STEP	P_1890
PP_384	HAS_STEP	P_1891
PP_384	HAS_STEP	P_1892
PP_385	HAS_STEP	P_1894
PP_385	HAS_STEP	P_1896
PP_386	HAS_STEP	P_1897
PP_386	HAS_STEP	P_1898
PP_387	HAS_STEP	P_1900
PP_387	HAS_STEP	P_1901
PP_388	HAS_STEP	P_1902
PP_388	HAS_STEP	P_1903
PP_388	HAS_STEP	P_1904
PP_388	HAS_STEP	P_1905
PP_388	HAS_STEP	P_1906
PP_388	HAS_STEP	P_1907
PP_388	HAS_STEP	P_1908
PP_388	HAS_STEP	P_1909
PP_388	HAS_STEP	P_1910
PP_388	HAS_STEP	P_1911
PP_389	HAS_STEP	P_1912
PP_389	HAS_STEP	P_1913
PP_389	HAS_STEP	P_1914
PP_389	HAS_STEP	P_1915
PP_389	HAS_STEP	P_1916
PP_390	HAS_STEP	P_1919
PP_390	HAS_STEP	P_1920
PP_391	HAS_STEP	P_1921
PP_391	HAS_STEP	P_1922
PP_391	HAS_STEP	P_1923
PP_391	HAS_STEP	P_1924
PP_392	HAS_STEP	P_1925
PP_392	HAS_STEP	P_1926
PP_392	HAS_STEP	P_1927
PP_393	HAS_STEP	P_1928
PP_393	HAS_STEP	P_1929
PP_393	HAS_STEP	P_1930
PP_394	HAS_STEP	P_1931
PP_394	HAS_STEP	P_1932
PP_395	HAS_STEP	P_1933
PP_395	HAS_STEP	P_1934
PP_396	HAS_STEP	P_1935
PP_397	HAS_STEP	P_1936
PP_397	HAS_STEP	P_1937
PP_397	HAS_STEP	P_1939
PP_398	HAS_STEP	P_1940
PP_398	HAS_STEP	P_1941
PP_398	HAS_STEP	P_1942
PP_399	HAS_STEP	P_1943
PP_400	HAS_STEP	P_1944
PP_400	HAS_STEP	P_1945
PP_401	HAS_STEP	P_1946
PP_401	HAS_STEP	P_1947
PP_401	HAS_STEP	P_1948
PP_401	HAS_STEP	P_1949
PP_402	HAS_STEP	P_1950
PP_405	HAS_STEP	P_1953
PP_405	HAS_STEP	P_1954
PP_405	HAS_STEP	P_1955
PP_406	HAS_STEP	P_1956
PP_406	HAS_STEP	P_1957
PP_406	HAS_STEP	P_1958
PP_406	HAS_STEP	P_1959
PP_406	HAS_STEP	P_1960
PP_406	HAS_STEP	P_1961
PP_406	HAS_STEP	P_1962
PP_406	HAS_STEP	P_1963
PP_406	HAS_STEP	P_1964
PP_407	HAS_STEP	P_1965
PP_407	HAS_STEP	P_1966
PP_407	HAS_STEP	P_1967
PP_407	HAS_STEP	P_1968
PP_407	HAS_STEP	P_1969
PP_407	HAS_STEP	P_1971
PP_407	HAS_STEP	P_1972
PP_408	HAS_STEP	P_1973
PP_408	HAS_STEP	P_1974
PP_408	HAS_STEP	P_1975
PP_408	HAS_STEP	P_1976
PP_408	HAS_STEP	P_1977
PP_408	HAS_STEP	P_1978
PP_408	HAS_STEP	P_1979
PP_409	HAS_STEP	P_1980
PP_409	HAS_STEP	P_1981
PP_409	HAS_STEP	P_1982
PP_410	HAS_STEP	P_1983
PP_410	HAS_STEP	P_1984
PP_410	HAS_STEP	P_1985
PP_410	HAS_STEP	P_1986
PP_410	HAS_STEP	P_1987
PP_410	HAS_STEP	P_1988
PP_410	HAS_STEP	P_1989
PP_411	HAS_STEP	P_1991
PP_411	HAS_STEP	P_1992
PP_411	HAS_STEP	P_1994
PP_411	HAS_STEP	P_1995
PP_412	HAS_STEP	P_1998
PP_413	HAS_STEP	P_1999
PP_414	HAS_STEP	P_2001
PP_414	HAS_STEP	P_2002
PP_414	HAS_STEP	P_2003
PP_414	HAS_STEP	P_2004
PP_415	HAS_STEP	P_2005
PP_415	HAS_STEP	P_2006
PP_416	HAS_STEP	P_2008
PP_416	HAS_STEP	P_2009
PP_416	HAS_STEP	P_2010
PP_416	HAS_STEP	P_2011
PP_416	HAS_STEP	P_2012
PP_416	REQUIRES	T_043
PP_416	REQUIRES	T_252
PP_416	REQUIRES	T_255
PP_417	HAS_STEP	P_2014
PP_417	HAS_STEP	P_2015
PP_417	HAS_STEP	P_2016
PP_417	HAS_STEP	P_2017
PP_417	HAS_STEP	P_2018
PP_418	HAS_STEP	P_2019
PP_418	HAS_STEP	P_2020
PP_418	HAS_STEP	P_2021
PP_418	HAS_STEP	P_2022
PP_418	HAS_STEP	P_2023
PP_418	HAS_STEP	P_2024
PP_418	REQUIRES	T_043
PP_418	REQUIRES	T_252
PP_418	REQUIRES	T_255
PP_419	HAS_STEP	P_2025
PP_419	HAS_STEP	P_2026
PP_420	HAS_STEP	P_2027
PP_420	HAS_STEP	P_2028
PP_420	HAS_STEP	P_2029
PP_420	HAS_STEP	P_2030
PP_420	HAS_STEP	P_2031
PP_420	HAS_STEP	P_2032
PP_420	REQUIRES	T_043
PP_420	REQUIRES	T_072
PP_420	REQUIRES	T_254
PP_420	REQUIRES	T_255
PP_420	REQUIRES	T_256
PP_421	HAS_STEP	P_2034
PP_422	HAS_STEP	P_2037
PP_422	HAS_STEP	P_2038
PP_423	HAS_STEP	P_2039
PP_424	HAS_STEP	P_2040
PP_425	HAS_STEP	P_2041
PP_425	HAS_STEP	P_2043
PP_425	HAS_STEP	P_2044
PP_425	HAS_STEP	P_2045
PP_426	HAS_STEP	P_2046
PP_426	HAS_STEP	P_2047
PP_426	HAS_STEP	P_2048
PP_426	HAS_STEP	P_2049
PP_427	HAS_STEP	P_2050
PP_427	HAS_STEP	P_2052
PP_427	REQUIRES	T_253
PP_428	HAS_STEP	P_2054
PP_428	HAS_STEP	P_2055
PP_428	HAS_STEP	P_2056
PP_429	HAS_STEP	P_2057
PP_429	HAS_STEP	P_2058
PP_430	HAS_STEP	P_2059
PP_430	HAS_STEP	P_2060
PP_430	HAS_STEP	P_2061
PP_430	HAS_STEP	P_2062
PP_430	HAS_STEP	P_2063
PP_430	REQUIRES	T_037
PP_430	REQUIRES	T_258
PP_431	HAS_STEP	P_2064
PP_431	HAS_STEP	P_2066
PP_432	HAS_STEP	P_2067
PP_432	HAS_STEP	P_2068
PP_432	HAS_STEP	P_2069
PP_432	HAS_STEP	P_2070
PP_432	HAS_STEP	P_2071
PP_433	HAS_STEP	P_2072
PP_433	HAS_STEP	P_2073
PP_433	HAS_STEP	P_2075
PP_434	HAS_STEP	P_2076
PP_434	HAS_STEP	P_2078
PP_434	HAS_STEP	P_2079
PP_434	HAS_STEP	P_2080
PP_434	REQUIRES	T_037
PP_434	REQUIRES	T_257
PP_434	REQUIRES	T_258
PP_435	HAS_STEP	P_2081
PP_435	HAS_STEP	P_2082
PP_435	HAS_STEP	P_2083
PP_436	HAS_STEP	P_2084
PP_436	HAS_STEP	P_2085
PP_437	HAS_STEP	P_2086
PP_437	HAS_STEP	P_2087
PP_437	HAS_STEP	P_2088
PP_438	HAS_STEP	P_2089
PP_439	HAS_STEP	P_2091
PP_439	HAS_STEP	P_2093
PP_439	REQUIRES	T_037
PP_439	REQUIRES	T_258
PP_440	HAS_STEP	P_2094
PP_440	HAS_STEP	P_2095
PP_440	HAS_STEP	P_2096
PP_441	HAS_STEP	P_2097
PP_441	HAS_STEP	P_2099
PP_442	HAS_STEP	P_2100
PP_442	HAS_STEP	P_2102
PP_443	HAS_STEP	P_2103
PP_443	HAS_STEP	P_2105
PP_444	HAS_STEP	P_2106
PP_444	HAS_STEP	P_2107
PP_444	HAS_STEP	P_2108
PP_444	HAS_STEP	P_2109
PP_445	HAS_STEP	P_2110
PP_445	HAS_STEP	P_2111
PP_445	HAS_STEP	P_2112
PP_446	HAS_STEP	P_2114
PP_446	HAS_STEP	P_2115
PP_446	HAS_STEP	P_2116
PP_446	HAS_STEP	P_2117
PP_447	HAS_STEP	P_2118
PP_448	HAS_STEP	P_2120
PP_448	HAS_STEP	P_2121
PP_449	HAS_STEP	P_2122
PP_449	HAS_STEP	P_2123
PP_450	HAS_STEP	P_2124
PP_451	HAS_STEP	P_2125
PP_451	HAS_STEP	P_2126
PP_452	HAS_STEP	P_2127
PP_452	HAS_STEP	P_2128
PP_452	HAS_STEP	P_2129
PP_453	HAS_STEP	P_2130
PP_453	HAS_STEP	P_2131
PP_453	HAS_STEP	P_2132
PP_453	HAS_STEP	P_2133
PP_454	HAS_STEP	P_2134
PP_454	HAS_STEP	P_2136
PP_454	HAS_STEP	P_2137
PP_455	HAS_STEP	P_2138
PP_455	HAS_STEP	P_2139
PP_455	HAS_STEP	P_2140
PP_455	REQUIRES	T_254
PP_456	HAS_STEP	P_2141
PP_456	HAS_STEP	P_2142
PP_456	HAS_STEP	P_2143
PP_456	HAS_STEP	P_2144
PP_456	HAS_STEP	P_2145
PP_456	HAS_STEP	P_2146
PP_456	HAS_STEP	P_2147
PP_456	REQUIRES	T_103
PP_456	REQUIRES	T_259
PP_456	REQUIRES	T_260
PP_457	HAS_STEP	P_2149
PP_457	HAS_STEP	P_2150
PP_457	REQUIRES	T_259
PP_458	HAS_STEP	P_2152
PP_458	HAS_STEP	P_2153
PP_458	HAS_STEP	P_2154
PP_458	HAS_STEP	P_2155
PP_458	HAS_STEP	P_2156
PP_459	HAS_STEP	P_2158
PP_459	HAS_STEP	P_2159
PP_459	HAS_STEP	P_2160
PP_459	HAS_STEP	P_2161
PP_459	REQUIRES	T_139
PP_459	REQUIRES	T_264
PP_460	HAS_STEP	P_2162
PP_461	HAS_STEP	P_2164
PP_462	HAS_STEP	P_2166
PP_462	HAS_STEP	P_2167
PP_462	HAS_STEP	P_2168
PP_462	REQUIRES	T_183
PP_463	HAS_STEP	P_2169
PP_463	HAS_STEP	P_2170
PP_463	HAS_STEP	P_2171
PP_463	REQUIRES	T_183
PP_463	REQUIRES	T_261
PP_463	REQUIRES	T_262
PP_463	REQUIRES	T_263
PP_464	HAS_STEP	P_2172
PP_464	HAS_STEP	P_2173
PP_464	HAS_STEP	P_2174
PP_464	REQUIRES	T_043
PP_464	REQUIRES	T_150
PP_464	REQUIRES	T_265
PP_465	HAS_STEP	P_2175
PP_465	HAS_STEP	P_2176
PP_465	HAS_STEP	P_2177
PP_465	HAS_STEP	P_2178
PP_465	HAS_STEP	P_2180
PP_465	REQUIRES	T_043
PP_465	REQUIRES	T_267
PP_465	REQUIRES	T_268
PP_466	HAS_STEP	P_2181
PP_466	HAS_STEP	P_2182
PP_466	HAS_STEP	P_2183
PP_466	HAS_STEP	P_2184
PP_466	HAS_STEP	P_2185
PP_466	HAS_STEP	P_2186
PP_466	HAS_STEP	P_2187
PP_466	HAS_STEP	P_2189
PP_466	HAS_STEP	P_2190
PP_466	REQUIRES	T_254
PP_466	REQUIRES	T_266
PP_467	HAS_STEP	P_2192
PP_467	HAS_STEP	P_2193
PP_467	HAS_STEP	P_2194
PP_467	HAS_STEP	P_2195
PP_467	HAS_STEP	P_2196
PP_467	HAS_STEP	P_2197
PP_467	HAS_STEP	P_2198
PP_467	HAS_STEP	P_2199
PP_467	HAS_STEP	P_2200
PP_467	HAS_STEP	P_2202
PP_467	HAS_STEP	P_2204
PP_467	HAS_STEP	P_2205
PP_467	HAS_STEP	P_2206
PP_467	HAS_STEP	P_2208
PP_467	HAS_STEP	P_2210
PP_467	HAS_STEP	P_2212
PP_467	HAS_STEP	P_2213
PP_467	HAS_STEP	P_2214
PP_467	HAS_STEP	P_2215
PP_467	HAS_STEP	P_2216
PP_467	REQUIRES	T_254
PP_467	REQUIRES	T_269
PP_467	REQUIRES	T_270
PP_468	HAS_STEP	P_2203
PP_469	HAS_STEP	P_2218
PP_469	HAS_STEP	P_2219
PP_469	HAS_STEP	P_2222
PP_470	HAS_STEP	P_2223
PP_470	HAS_STEP	P_2224
PP_470	HAS_STEP	P_2226
PP_470	HAS_STEP	P_2227
PP_470	HAS_STEP	P_2228
PP_471	HAS_STEP	P_2229
PP_472	HAS_STEP	P_2230
PP_472	REQUIRES	T_001
PP_473	HAS_STEP	P_2231
PP_473	REQUIRES	T_001
PP_474	HAS_STEP	P_2232
PP_475	HAS_STEP	P_2233
PP_475	REQUIRES	T_001
PP_476	HAS_STEP	P_2234
PP_476	REQUIRES	T_001
PP_477	HAS_STEP	P_2235
PP_477	REQUIRES	T_001
PP_478	HAS_STEP	P_2236
PP_478	REQUIRES	T_001
PP_479	HAS_STEP	P_2237
PP_479	REQUIRES	T_020
PP_480	HAS_STEP	P_2238
PP_480	REQUIRES	T_001
PP_481	HAS_STEP	P_2239
PP_481	HAS_STEP	P_2240
PP_481	HAS_STEP	P_2241
PP_481	REQUIRES	T_001
PP_481	REQUIRES	T_007
PP_482	HAS_STEP	P_2242
PP_482	REQUIRES	T_007
PP_483	HAS_STEP	P_2243
PP_483	REQUIRES	T_001
PP_484	HAS_STEP	P_2244
PP_484	REQUIRES	T_001
PP_485	HAS_STEP	P_2245
PP_485	REQUIRES	T_001
PP_486	HAS_STEP	P_2246
PP_486	REQUIRES	T_001
PP_487	HAS_STEP	P_2247
PP_487	REQUIRES	T_001
PP_488	HAS_STEP	P_2248
PP_488	REQUIRES	T_001
PP_489	HAS_STEP	P_2249
PP_489	REQUIRES	T_001
PP_490	HAS_STEP	P_2250
PP_490	REQUIRES	T_001
PP_491	HAS_STEP	P_2251
PP_491	REQUIRES	T_001
PP_492	HAS_STEP	P_2252
PP_492	REQUIRES	T_001
PP_493	HAS_STEP	P_2253
PP_493	REQUIRES	T_001
PP_494	HAS_STEP	P_2254
PP_494	REQUIRES	T_001
PP_495	HAS_STEP	P_2255
PP_495	REQUIRES	T_020
PP_496	HAS_STEP	P_2256
PP_496	HAS_STEP	P_2257
PP_496	HAS_STEP	P_2258
PP_497	HAS_STEP	P_2259
PP_497	HAS_STEP	P_2260
PP_498	HAS_STEP	P_2261
PP_498	HAS_STEP	P_2262
PP_498	HAS_STEP	P_2264
PP_498	HAS_STEP	P_2265
PP_499	HAS_STEP	P_2266
PP_499	HAS_STEP	P_2267
PP_499	HAS_STEP	P_2268
PP_499	HAS_STEP	P_2269
PP_499	HAS_STEP	P_2271
PP_499	HAS_STEP	P_2272
PP_499	HAS_STEP	P_2273
PP_499	HAS_STEP	P_2276
PP_499	HAS_STEP	P_2277
PP_499	HAS_STEP	P_2278
PP_499	HAS_STEP	P_2279
PP_499	HAS_STEP	P_2280
PP_499	HAS_STEP	P_2282
PP_500	HAS_STEP	P_2283
PP_500	HAS_STEP	P_2284
PP_500	HAS_STEP	P_2285
PP_501	HAS_STEP	P_2286
PP_501	HAS_STEP	P_2287
PP_502	HAS_STEP	P_2288
PP_503	HAS_STEP	P_2289
PP_503	HAS_STEP	P_2290
PP_503	HAS_STEP	P_2291
PP_503	HAS_STEP	P_2292
PP_503	HAS_STEP	P_2293
PP_504	HAS_STEP	P_2294
PP_504	HAS_STEP	P_2295
PP_504	HAS_STEP	P_2296
PP_505	HAS_STEP	P_2298
PP_505	HAS_STEP	P_2299
PP_505	REQUIRES	T_099
PP_505	REQUIRES	T_271
PP_505	REQUIRES	T_272
PP_505	REQUIRES	T_273
PP_506	HAS_STEP	P_2301
PP_507	HAS_STEP	P_2302
PP_508	HAS_STEP	P_2303
PP_509	HAS_STEP	P_2304
PP_510	HAS_STEP	P_2305
PP_511	HAS_STEP	P_2307
PP_512	HAS_STEP	P_2308
PP_513	HAS_STEP	P_2309
PP_513	HAS_STEP	P_2310
PP_514	HAS_STEP	P_2313
PP_515	HAS_STEP	P_2315
PP_516	HAS_STEP	P_2316
PP_517	HAS_STEP	P_2317
PP_517	HAS_STEP	P_2318
PP_518	HAS_STEP	P_2319
PP_519	HAS_STEP	P_2320
PP_520	HAS_STEP	P_2321
PP_520	HAS_STEP	P_2322
PP_521	HAS_STEP	P_2323
PP_522	HAS_STEP	P_2324
PP_523	HAS_STEP	P_2325
PP_524	HAS_STEP	P_2326
PP_524	HAS_STEP	P_2327
PP_525	HAS_STEP	P_2328
PP_525	HAS_STEP	P_2329
PP_526	HAS_STEP	P_2330
PP_526	HAS_STEP	P_2331
PP_527	HAS_STEP	P_2332
PP_527	HAS_STEP	P_2333
PP_528	HAS_STEP	P_2334
PP_528	HAS_STEP	P_2335
PP_529	HAS_STEP	P_2336
PP_529	HAS_STEP	P_2337
PP_530	HAS_STEP	P_2338
PP_530	HAS_STEP	P_2339
PP_531	HAS_STEP	P_2340
PP_532	HAS_STEP	P_2342
PP_533	HAS_STEP	P_2343
PP_534	HAS_STEP	P_2344
PP_534	HAS_STEP	P_2345
PP_535	HAS_STEP	P_2347
PP_536	HAS_STEP	P_2348
PP_537	HAS_STEP	P_2350
PP_538	HAS_STEP	P_2351
PP_538	HAS_STEP	P_2352
PP_539	HAS_STEP	P_2353
PP_539	HAS_STEP	P_2354
PP_540	HAS_STEP	P_2355
PP_540	HAS_STEP	P_2356
PP_541	HAS_STEP	P_2357
PP_541	HAS_STEP	P_2358
PP_542	HAS_STEP	P_2359
PP_542	HAS_STEP	P_2360
PP_543	HAS_STEP	P_2361
PP_544	HAS_STEP	P_2362
PP_545	HAS_STEP	P_2363
PP_546	HAS_STEP	P_2364
PP_546	HAS_STEP	P_2365
PP_547	HAS_STEP	P_2366
PP_547	HAS_STEP	P_2367
PP_548	HAS_STEP	P_2368
PP_549	HAS_STEP	P_2369
PP_550	HAS_STEP	P_2370
PP_551	HAS_STEP	P_2371
PP_552	HAS_STEP	P_2373
PP_553	HAS_STEP	P_2374
PP_554	HAS_STEP	P_2375
PP_555	HAS_STEP	P_2376
PP_555	HAS_STEP	P_2377
PP_556	HAS_STEP	P_2378
PP_557	HAS_STEP	P_2380
PP_558	HAS_STEP	P_2381
PP_559	HAS_STEP	P_2382
PP_559	HAS_STEP	P_2383
PP_560	HAS_STEP	P_2384
PP_561	HAS_STEP	P_2385
PP_562	HAS_STEP	P_2386
PP_563	HAS_STEP	P_2387
PP_564	HAS_STEP	P_2388
PP_565	HAS_STEP	P_2389
PP_565	HAS_STEP	P_2390
PP_566	HAS_STEP	P_2391
PP_566	HAS_STEP	P_2392
PP_567	HAS_STEP	P_2393
PP_567	HAS_STEP	P_2394
PP_568	HAS_STEP	P_2395
PP_568	HAS_STEP	P_2396
PP_569	HAS_STEP	P_2397
PP_569	HAS_STEP	P_2398
PP_570	HAS_STEP	P_2401
PP_571	HAS_STEP	P_2402
PP_572	HAS_STEP	P_2404
PP_572	HAS_STEP	P_2405
PP_573	HAS_STEP	P_2406
PP_573	HAS_STEP	P_2407
PP_574	HAS_STEP	P_2408
PP_575	HAS_STEP	P_2409
PP_575	HAS_STEP	P_2410
PP_576	HAS_STEP	P_2411
PP_576	HAS_STEP	P_2412
PP_577	HAS_STEP	P_2413
PP_577	HAS_STEP	P_2414
PP_578	HAS_STEP	P_2415
PP_578	HAS_STEP	P_2416
PP_578	HAS_STEP	P_2417
PP_579	HAS_STEP	P_2418
PP_579	HAS_STEP	P_2419
PP_580	HAS_STEP	P_2422
PP_581	HAS_STEP	P_2423
PP_582	HAS_STEP	P_2424
PP_583	HAS_STEP	P_2425
PP_584	HAS_STEP	P_2426
PP_584	HAS_STEP	P_2427
PP_584	HAS_STEP	P_2428
PP_585	HAS_STEP	P_2429
PP_585	HAS_STEP	P_2430
PP_586	HAS_STEP	P_2431
PP_586	HAS_STEP	P_2432
PP_586	HAS_STEP	P_2433
PP_587	HAS_STEP	P_2434
PP_587	HAS_STEP	P_2435
PP_587	HAS_STEP	P_2436
PP_588	HAS_STEP	P_2437
PP_588	HAS_STEP	P_2438
PP_589	HAS_STEP	P_2439
PP_589	HAS_STEP	P_2440
PP_589	HAS_STEP	P_2441
PP_590	HAS_STEP	P_2442
PP_590	HAS_STEP	P_2443
PP_591	HAS_STEP	P_2444
PP_592	HAS_STEP	P_2445
PP_593	HAS_STEP	P_2446
PP_594	HAS_STEP	P_2447
PP_595	HAS_STEP	P_2448
PP_596	HAS_STEP	P_2450
PP_596	HAS_STEP	P_2451
PP_597	HAS_STEP	P_2452
PP_597	HAS_STEP	P_2453
PP_598	HAS_STEP	P_2454
PP_598	HAS_STEP	P_2455
PP_598	HAS_STEP	P_2456
PP_599	HAS_STEP	P_2457
PP_600	HAS_STEP	P_2460
PP_600	HAS_STEP	P_2461
PP_600	HAS_STEP	P_2462
PP_601	HAS_STEP	P_2463
PP_601	HAS_STEP	P_2464
PP_601	HAS_STEP	P_2465
PP_602	HAS_STEP	P_2467
PP_603	HAS_STEP	P_2468
PP_604	HAS_STEP	P_2469
PP_604	HAS_STEP	P_2470
PP_604	HAS_STEP	P_2471
PP_605	HAS_STEP	P_2472
PP_605	HAS_STEP	P_2473
PP_606	HAS_STEP	P_2474
PP_606	HAS_STEP	P_2475
PP_607	HAS_STEP	P_2476
PP_607	HAS_STEP	P_2477
PP_608	HAS_STEP	P_2478
PP_609	HAS_STEP	P_2479
PP_610	HAS_STEP	P_2480
PP_611	HAS_STEP	P_2481
PP_612	HAS_STEP	P_2482
PP_613	HAS_STEP	P_2483
PP_614	HAS_STEP	P_2484
PP_614	HAS_STEP	P_2485
PP_615	HAS_STEP	P_2486
PP_615	HAS_STEP	P_2487
PP_616	HAS_STEP	P_2488
PP_616	HAS_STEP	P_2489
PP_617	HAS_STEP	P_2491
PP_618	HAS_STEP	P_2492
PP_619	HAS_STEP	P_2493
PP_619	HAS_STEP	P_2494
PP_620	HAS_STEP	P_2495
PP_620	HAS_STEP	P_2496
PP_621	HAS_STEP	P_2497
PP_622	HAS_STEP	P_2499
PP_622	HAS_STEP	P_2500
PP_623	HAS_STEP	P_2501
PP_624	HAS_STEP	P_2502
PP_624	HAS_STEP	P_2503
PP_624	HAS_STEP	P_2504
PP_625	HAS_STEP	P_2506
PP_625	HAS_STEP	P_2507
PP_626	HAS_STEP	P_2508
PP_627	HAS_STEP	P_2509
PP_628	HAS_STEP	P_2511
PP_628	HAS_STEP	P_2512
PP_629	HAS_STEP	P_2513
PP_629	HAS_STEP	P_2514
PP_630	HAS_STEP	P_2515
PP_630	HAS_STEP	P_2516
PP_631	HAS_STEP	P_2517
PP_632	HAS_STEP	P_2518
PP_633	HAS_STEP	P_2519
PP_633	HAS_STEP	P_2520
PP_634	HAS_STEP	P_2521
PP_635	HAS_STEP	P_2523
PP_636	HAS_STEP	P_2524
PP_637	HAS_STEP	P_2525
PP_638	HAS_STEP	P_2526
PP_639	HAS_STEP	P_2527
PP_639	HAS_STEP	P_2528
PP_640	HAS_STEP	P_2529
PP_641	HAS_STEP	P_2530
PP_641	HAS_STEP	P_2531
PP_642	HAS_STEP	P_2532
PP_642	HAS_STEP	P_2533
PP_643	HAS_STEP	P_2534
PP_644	HAS_STEP	P_2535
PP_645	HAS_STEP	P_2536
PP_646	HAS_STEP	P_2538
PP_647	HAS_STEP	P_2539
PP_647	HAS_STEP	P_2540
PP_648	HAS_STEP	P_2541
PP_648	HAS_STEP	P_2542
PP_649	HAS_STEP	P_2543
PP_649	HAS_STEP	P_2544
PP_650	HAS_STEP	P_2545
PP_651	HAS_STEP	P_2546
PP_651	HAS_STEP	P_2547
PP_652	HAS_STEP	P_2548
PP_652	HAS_STEP	P_2549
PP_653	HAS_STEP	P_2550
PP_654	HAS_STEP	P_2551
PP_654	HAS_STEP	P_2552
PP_655	HAS_STEP	P_2553
PP_656	HAS_STEP	P_2554
PP_657	HAS_STEP	P_2555
PP_658	HAS_STEP	P_2556
PP_659	HAS_STEP	P_2558
PP_660	HAS_STEP	P_2560
PP_660	HAS_STEP	P_2561
PP_661	HAS_STEP	P_2562
PP_661	HAS_STEP	P_2563
PP_662	HAS_STEP	P_2564
PP_662	HAS_STEP	P_2565
PP_662	HAS_STEP	P_2566
PP_663	HAS_STEP	P_2567
PP_663	HAS_STEP	P_2568
PP_664	HAS_STEP	P_2570
PP_664	HAS_STEP	P_2571
PP_665	HAS_STEP	P_2572
PP_665	HAS_STEP	P_2573
PP_666	HAS_STEP	P_2574
PP_666	HAS_STEP	P_2575
PP_667	HAS_STEP	P_2576
PP_667	HAS_STEP	P_2577
PP_668	HAS_STEP	P_2578
PP_669	HAS_STEP	P_2580
PP_670	HAS_STEP	P_2581
PP_671	HAS_STEP	P_2582
PP_672	HAS_STEP	P_2583
PP_673	HAS_STEP	P_2584
PP_674	HAS_STEP	P_2585
PP_675	HAS_STEP	P_2586
PP_676	HAS_STEP	P_2587
PP_677	HAS_STEP	P_2588
PP_678	HAS_STEP	P_2589
PP_679	HAS_STEP	P_2590
PP_680	HAS_STEP	P_2591
PP_680	HAS_STEP	P_2592
PP_681	HAS_STEP	P_2593
PP_682	HAS_STEP	P_2594
PP_682	HAS_STEP	P_2595
PP_683	HAS_STEP	P_2596
PP_683	HAS_STEP	P_2598
PP_683	HAS_STEP	P_2599
PP_683	HAS_STEP	P_2601
PP_683	HAS_STEP	P_2602
PP_683	HAS_STEP	P_2603
PP_683	HAS_STEP	P_2604
PP_684	HAS_STEP	P_2605
PP_684	HAS_STEP	P_2606
PP_684	HAS_STEP	P_2608
PP_684	HAS_STEP	P_2609
PP_684	HAS_STEP	P_2610
PP_684	HAS_STEP	P_2611
PP_684	HAS_STEP	P_2612
PP_684	HAS_STEP	P_2613
PP_684	HAS_STEP	P_2614
PP_684	HAS_STEP	P_2615
PP_684	HAS_STEP	P_2616
PP_684	HAS_STEP	P_2617
PP_684	HAS_STEP	P_2618
PP_684	HAS_STEP	P_2619
PP_684	HAS_STEP	P_2620
PP_684	HAS_STEP	P_2621
PP_684	HAS_STEP	P_2622
PP_684	HAS_STEP	P_2624
PP_685	HAS_STEP	P_2605
PP_685	HAS_STEP	P_2606
PP_685	HAS_STEP	P_2607
PP_686	HAS_STEP	P_2608
PP_686	HAS_STEP	P_2609
PP_686	HAS_STEP	P_2610
PP_686	HAS_STEP	P_2611
PP_686	HAS_STEP	P_2612
PP_686	HAS_STEP	P_2614
PP_686	HAS_STEP	P_2615
PP_686	HAS_STEP	P_2616
PP_687	HAS_STEP	P_2617
PP_687	HAS_STEP	P_2618
PP_687	HAS_STEP	P_2619
PP_688	HAS_STEP	P_2620
PP_688	HAS_STEP	P_2621
PP_689	HAS_STEP	P_2623
PP_690	HAS_STEP	P_2624
PP_691	HAS_STEP	P_2641
PP_691	HAS_STEP	P_2642
PP_691	HAS_STEP	P_2643
PP_691	HAS_STEP	P_2644
PP_691	HAS_STEP	P_2645
PP_692	HAS_STEP	P_2625
PP_692	HAS_STEP	P_2626
PP_692	HAS_STEP	P_2627
PP_692	HAS_STEP	P_2628
PP_692	REQUIRES	T_040
PP_692	REQUIRES	T_277
PP_692	REQUIRES	T_278
PP_693	HAS_STEP	P_2629
PP_693	HAS_STEP	P_2630
PP_693	HAS_STEP	P_2631
PP_693	HAS_STEP	P_2633
PP_693	REQUIRES	T_279
PP_693	REQUIRES	T_280
PP_693	REQUIRES	T_281
PP_693	REQUIRES	T_282
PP_693	REQUIRES	T_283
PP_693	REQUIRES	T_284
PP_694	HAS_STEP	P_2634
PP_694	HAS_STEP	P_2635
PP_694	HAS_STEP	P_2636
PP_694	HAS_STEP	P_2638
PP_694	REQUIRES	T_280
PP_694	REQUIRES	T_283
PP_695	HAS_STEP	P_2639
PP_695	HAS_STEP	P_2640
PP_695	REQUIRES	T_006
PP_696	HAS_STEP	P_2646
PP_696	HAS_STEP	P_2647
PP_696	HAS_STEP	P_2648
PP_696	HAS_STEP	P_2649
PP_696	HAS_STEP	P_2650
PP_696	HAS_STEP	P_2651
PP_696	HAS_STEP	P_2652
PP_696	HAS_STEP	P_2653
PP_696	HAS_STEP	P_2654
PP_696	HAS_STEP	P_2655
PP_696	HAS_STEP	P_2656
PP_696	HAS_STEP	P_2657
PP_696	HAS_STEP	P_2658
PP_696	HAS_STEP	P_2659
PP_696	HAS_STEP	P_2660
PP_696	HAS_STEP	P_2661
PP_696	HAS_STEP	P_2662
PP_696	HAS_STEP	P_2663
PP_696	HAS_STEP	P_2664
PP_696	HAS_STEP	P_2665
PP_696	HAS_STEP	P_2667
PP_696	HAS_STEP	P_2668
PP_696	HAS_STEP	P_2669
PP_696	HAS_STEP	P_2670
PP_696	HAS_STEP	P_2671
PP_696	HAS_STEP	P_2672
PP_696	HAS_STEP	P_2673
PP_696	HAS_STEP	P_2674
PP_696	HAS_STEP	P_2675
PP_696	HAS_STEP	P_2676
PP_696	HAS_STEP	P_2677
PP_696	HAS_STEP	P_2678
PP_696	HAS_STEP	P_2680
PP_696	HAS_STEP	P_2681
PP_696	HAS_STEP	P_2682
PP_696	HAS_STEP	P_2683
PP_696	HAS_STEP	P_2684
PP_696	HAS_STEP	P_2685
PP_696	HAS_STEP	P_2686
PP_696	HAS_STEP	P_2687
PP_696	HAS_STEP	P_2688
PP_696	HAS_STEP	P_2689
PP_696	HAS_STEP	P_2690
PP_696	HAS_STEP	P_2691
PP_696	HAS_STEP	P_2692
PP_696	HAS_STEP	P_2693
PP_696	HAS_STEP	P_2694
PP_696	HAS_STEP	P_2695
PP_696	HAS_STEP	P_2696
PP_696	HAS_STEP	P_2698
PP_696	HAS_STEP	P_2699
PP_696	HAS_STEP	P_2700
PP_696	HAS_STEP	P_2701
PP_696	HAS_STEP	P_2702
PP_696	HAS_STEP	P_2703
PP_696	HAS_STEP	P_2705
PP_696	HAS_STEP	P_2706
PP_696	HAS_STEP	P_2707
PP_696	HAS_STEP	P_2708
PP_696	HAS_STEP	P_2709
PP_696	HAS_STEP	P_2710
PP_696	HAS_STEP	P_2711
PP_696	HAS_STEP	P_2712
PP_696	HAS_STEP	P_2713
PP_696	HAS_STEP	P_2714
PP_696	HAS_STEP	P_2715
PP_696	HAS_STEP	P_2716
PP_696	HAS_STEP	P_2717
PP_696	HAS_STEP	P_2718
PP_696	HAS_STEP	P_2719
PP_696	HAS_STEP	P_2720
PP_696	HAS_STEP	P_2721
PP_696	HAS_STEP	P_2722
PP_696	HAS_STEP	P_2723
PP_696	HAS_STEP	P_2724
PP_696	HAS_STEP	P_2725
PP_696	HAS_STEP	P_2726
PP_696	HAS_STEP	P_2727
PP_696	HAS_STEP	P_2728
PP_696	HAS_STEP	P_2729
PP_696	HAS_STEP	P_2730
PP_696	HAS_STEP	P_2731
PP_696	HAS_STEP	P_2732
PP_696	HAS_STEP	P_2734
PP_696	HAS_STEP	P_2735
PP_696	HAS_STEP	P_2736
PP_696	HAS_STEP	P_2738
PP_696	HAS_STEP	P_2739
PP_696	HAS_STEP	P_2740
PP_696	HAS_STEP	P_2741
PP_696	HAS_STEP	P_2742
PP_696	HAS_STEP	P_2743
PP_696	HAS_STEP	P_2744
PP_696	HAS_STEP	P_2745
PP_696	HAS_STEP	P_2746
PP_696	HAS_STEP	P_2747
PP_696	HAS_STEP	P_2749
PP_696	HAS_STEP	P_2750
PP_696	HAS_STEP	P_2751
PP_696	HAS_STEP	P_2752
PP_696	HAS_STEP	P_2753
PP_696	HAS_STEP	P_2754
PP_696	HAS_STEP	P_2755
PP_696	HAS_STEP	P_2756
PP_696	HAS_STEP	P_2757
PP_696	HAS_STEP	P_2758
PP_696	HAS_STEP	P_2759
PP_696	HAS_STEP	P_2760
PP_696	HAS_STEP	P_2761
PP_696	HAS_STEP	P_2762
PP_696	HAS_STEP	P_2763
PP_696	HAS_STEP	P_2764
PP_696	HAS_STEP	P_2765
PP_696	HAS_STEP	P_2766
PP_696	HAS_STEP	P_2769
PP_696	HAS_STEP	P_2770
PP_696	HAS_STEP	P_2771
PP_696	HAS_STEP	P_2772
PP_696	HAS_STEP	P_2774
PP_696	HAS_STEP	P_2775
PP_697	HAS_STEP	P_2776
PP_697	HAS_STEP	P_2777
PP_697	HAS_STEP	P_2778
PP_697	HAS_STEP	P_2779
PP_697	HAS_STEP	P_2780
PP_697	HAS_STEP	P_2781
PP_697	HAS_STEP	P_2782
PP_698	HAS_STEP	P_2783
PP_698	HAS_STEP	P_2784
PP_698	HAS_STEP	P_2785
PP_698	HAS_STEP	P_2786
PP_698	HAS_STEP	P_2787
PP_698	HAS_STEP	P_2788
PP_698	HAS_STEP	P_2789
PP_698	HAS_STEP	P_2791
PP_698	HAS_STEP	P_2792
PP_698	HAS_STEP	P_2793
PP_699	HAS_STEP	P_2794
PP_699	HAS_STEP	P_2795
PP_699	HAS_STEP	P_2796
PP_699	HAS_STEP	P_2797
PP_699	HAS_STEP	P_2798
PP_699	HAS_STEP	P_2799
PP_699	HAS_STEP	P_2800
PP_700	HAS_STEP	P_2801
PP_700	HAS_STEP	P_2802
PP_701	HAS_STEP	P_2803
PP_702	HAS_STEP	P_2805
PP_702	HAS_STEP	P_2806
PP_703	HAS_STEP	P_2807
PP_704	HAS_STEP	P_2808
P_003	NEXT_STEP	P_004
P_004	NEXT_STEP	P_005
P_005	NEXT_STEP	P_006
P_006	NEXT_STEP	P_007
P_007	NEXT_STEP	P_008
P_009	NEXT_STEP	P_010
P_010	NEXT_STEP	P_011
P_013	NEXT_STEP	P_014
P_013	NEXT_STEP	P_015
P_013	NEXT_STEP	P_017
P_014	REQUIRES	T_003
P_015	REQUIRES	T_002
P_016	REQUIRES	T_001
P_018	NEXT_STEP	P_019
P_020	REQUIRES	T_001
P_021	NEXT_STEP	P_022
P_021	REQUIRES	T_001
P_022	REQUIRES	T_001
P_024	NEXT_STEP	P_025
P_026	NEXT_STEP	P_027
P_027	NEXT_STEP	P_028
P_028	NEXT_STEP	P_029
P_029	REQUIRES	T_004
P_030	NEXT_STEP	P_031
P_031	REQUIRES	T_005
P_031	REQUIRES	T_006
P_034	NEXT_STEP	P_035
P_035	REQUIRES	T_007
P_036	NEXT_STEP	P_037
P_036	REQUIRES	T_008
P_037	NEXT_STEP	P_038
P_038	NEXT_STEP	P_039
P_038	REQUIRES	T_008
P_038	REQUIRES	T_013
P_038	REQUIRES	T_014
P_038	REQUIRES	T_015
P_039	NEXT_STEP	P_040
P_039	REQUIRES	T_009
P_041	NEXT_STEP	P_042
P_041	REQUIRES	T_010
P_043	REQUIRES	T_003
P_044	NEXT_STEP	P_045
P_045	REQUIRES	T_011
P_045	REQUIRES	T_012
P_046	NEXT_STEP	P_047
P_047	REQUIRES	T_001
P_048	NEXT_STEP	P_049
P_049	NEXT_STEP	P_050
P_051	NEXT_STEP	P_052
P_051	REQUIRES	T_016
P_052	NEXT_STEP	P_053
P_053	NEXT_STEP	P_054
P_053	REQUIRES	T_017
P_054	NEXT_STEP	P_055
P_054	REQUIRES	T_016
P_056	NEXT_STEP	P_057
P_056	REQUIRES	T_003
P_057	REQUIRES	T_018
P_058	NEXT_STEP	P_059
P_058	REQUIRES	T_014
P_059	NEXT_STEP	P_060
P_059	REQUIRES	T_008
P_060	NEXT_STEP	P_061
P_060	REQUIRES	T_015
P_061	NEXT_STEP	P_062
P_063	NEXT_STEP	P_064
P_064	REQUIRES	T_020
P_066	REQUIRES	T_016
P_067	REQUIRES	T_001
P_068	REQUIRES	T_008
P_068	REQUIRES	T_015
P_069	NEXT_STEP	P_070
P_069	REQUIRES	T_001
P_070	NEXT_STEP	P_071
P_070	REQUIRES	T_008
P_071	REQUIRES	T_005
P_072	REQUIRES	T_001
P_073	NEXT_STEP	P_074
P_073	REQUIRES	T_005
P_073	REQUIRES	T_022
P_074	NEXT_STEP	P_075
P_074	REQUIRES	T_027
P_075	NEXT_STEP	P_076
P_075	REQUIRES	T_008
P_076	REQUIRES	T_021
P_077	REQUIRES	T_021
P_078	NEXT_STEP	P_079
P_078	REQUIRES	T_023
P_078	REQUIRES	T_024
P_079	NEXT_STEP	P_080
P_079	REQUIRES	T_021
P_081	NEXT_STEP	P_082
P_081	REQUIRES	T_020
P_082	NEXT_STEP	P_083
P_082	REQUIRES	T_008
P_083	REQUIRES	T_006
P_085	NEXT_STEP	P_086
P_086	NEXT_STEP	P_087
P_087	REQUIRES	T_025
P_087	REQUIRES	T_026
P_088	REQUIRES	T_028
P_088	REQUIRES	T_031
P_089	NEXT_STEP	P_090
P_089	REQUIRES	T_020
P_090	REQUIRES	T_001
P_090	REQUIRES	T_031
P_091	NEXT_STEP	P_092
P_091	REQUIRES	T_001
P_091	REQUIRES	T_026
P_091	REQUIRES	T_029
P_091	REQUIRES	T_030
P_092	REQUIRES	T_029
P_093	NEXT_STEP	P_094
P_093	REQUIRES	T_001
P_094	NEXT_STEP	P_095
P_094	REQUIRES	T_034
P_094	REQUIRES	T_035
P_095	REQUIRES	T_034
P_095	REQUIRES	T_035
P_096	NEXT_STEP	P_097
P_097	REQUIRES	T_001
P_098	REQUIRES	T_034
P_099	REQUIRES	T_032
P_099	REQUIRES	T_033
P_100	REQUIRES	T_015
P_1000	NEXT_STEP	P_1001
P_1001	NEXT_STEP	P_1002
P_1003	NEXT_STEP	P_1004
P_1004	NEXT_STEP	P_1005
P_1004	REQUIRES	T_150
P_1005	NEXT_STEP	P_1006
P_1006	REQUIRES	T_150
P_1007	NEXT_STEP	P_1008
P_1007	REQUIRES	T_150
P_1008	NEXT_STEP	P_1009
P_1008	REQUIRES	T_150
P_1009	NEXT_STEP	P_1010
P_1009	REQUIRES	T_150
P_101	REQUIRES	T_039
P_1010	NEXT_STEP	P_1011
P_1010	REQUIRES	T_150
P_1011	NEXT_STEP	P_1012
P_1011	REQUIRES	T_150
P_1012	REQUIRES	T_150
P_1013	NEXT_STEP	P_1014
P_1014	NEXT_STEP	P_1015
P_1015	NEXT_STEP	P_1016
P_1016	NEXT_STEP	P_1017
P_1017	NEXT_STEP	P_1018
P_1018	NEXT_STEP	P_1019
P_1019	NEXT_STEP	P_1020
P_1020	NEXT_STEP	P_1021
P_1021	NEXT_STEP	P_1022
P_1023	NEXT_STEP	P_1024
P_1023	REQUIRES	T_150
P_1024	NEXT_STEP	P_1025
P_1024	REQUIRES	T_150
P_1025	NEXT_STEP	P_1026
P_1025	REQUIRES	T_150
P_1026	NEXT_STEP	P_1027
P_1026	REQUIRES	T_043
P_1028	NEXT_STEP	P_1029
P_1029	NEXT_STEP	P_1030
P_103	REQUIRES	T_001
P_1030	NEXT_STEP	P_1031
P_1031	NEXT_STEP	P_1032
P_1032	NEXT_STEP	P_1033
P_1034	NEXT_STEP	P_1035
P_1034	REQUIRES	T_020
P_1034	REQUIRES	T_075
P_1035	NEXT_STEP	P_1036
P_1036	NEXT_STEP	P_1037
P_1037	NEXT_STEP	P_1038
P_1037	REQUIRES	T_002
P_1038	NEXT_STEP	P_1039
P_1038	REQUIRES	T_020
P_1038	REQUIRES	T_075
P_1039	NEXT_STEP	P_1040
P_1039	REQUIRES	T_002
P_1040	NEXT_STEP	P_1041
P_1041	NEXT_STEP	P_1042
P_1042	NEXT_STEP	P_1043
P_1042	REQUIRES	T_183
P_1043	REQUIRES	T_002
P_1044	NEXT_STEP	P_1045
P_1046	NEXT_STEP	P_1047
P_1047	NEXT_STEP	P_1048
P_1048	NEXT_STEP	P_1049
P_1049	NEXT_STEP	P_1050
P_105	REQUIRES	T_032
P_1050	NEXT_STEP	P_1051
P_1051	NEXT_STEP	P_1052
P_1052	NEXT_STEP	P_1053
P_1054	NEXT_STEP	P_1055
P_1055	NEXT_STEP	P_1056
P_1057	NEXT_STEP	P_1058
P_1059	NEXT_STEP	P_1060
P_1060	NEXT_STEP	P_1061
P_1061	NEXT_STEP	P_1062
P_1062	NEXT_STEP	P_1063
P_1063	NEXT_STEP	P_1064
P_1064	REQUIRES	T_043
P_1065	NEXT_STEP	P_1066
P_1065	REQUIRES	T_184
P_1066	NEXT_STEP	P_1067
P_1067	NEXT_STEP	P_1068
P_1069	NEXT_STEP	P_1070
P_1070	NEXT_STEP	P_1071
P_1071	NEXT_STEP	P_1072
P_1072	NEXT_STEP	P_1073
P_1073	NEXT_STEP	P_1074
P_1075	NEXT_STEP	P_1076
P_1076	NEXT_STEP	P_1077
P_1077	NEXT_STEP	P_1078
P_1078	NEXT_STEP	P_1079
P_1079	NEXT_STEP	P_1080
P_1080	NEXT_STEP	P_1081
P_1081	NEXT_STEP	P_1082
P_1084	NEXT_STEP	P_1085
P_1085	NEXT_STEP	P_1086
P_1089	NEXT_STEP	P_1090
P_1090	NEXT_STEP	P_1091
P_1091	NEXT_STEP	P_1092
P_1095	NEXT_STEP	P_1096
P_1096	NEXT_STEP	P_1097
P_1098	NEXT_STEP	P_1099
P_1099	NEXT_STEP	P_1100
P_1102	NEXT_STEP	P_1103
P_1103	NEXT_STEP	P_1104
P_1104	NEXT_STEP	P_1105
P_1106	NEXT_STEP	P_1107
P_1107	NEXT_STEP	P_1108
P_1108	NEXT_STEP	P_1109
P_111	REQUIRES	T_015
P_1110	NEXT_STEP	P_1111
P_1111	NEXT_STEP	P_1112
P_1112	NEXT_STEP	P_1113
P_1114	NEXT_STEP	P_1115
P_1114	REQUIRES	T_185
P_1115	NEXT_STEP	P_1116
P_1117	NEXT_STEP	P_1118
P_112	REQUIRES	T_037
P_1120	NEXT_STEP	P_1121
P_1122	NEXT_STEP	P_1123
P_1123	NEXT_STEP	P_1124
P_1125	NEXT_STEP	P_1126
P_1128	NEXT_STEP	P_1129
P_1129	NEXT_STEP	P_1130
P_1131	NEXT_STEP	P_1132
P_1133	NEXT_STEP	P_1134
P_1135	NEXT_STEP	P_1136
P_1136	NEXT_STEP	P_1137
P_1137	NEXT_STEP	P_1138
P_1139	NEXT_STEP	P_1140
P_114	REQUIRES	T_014
P_1140	NEXT_STEP	P_1141
P_1141	NEXT_STEP	P_1142
P_1142	NEXT_STEP	P_1143
P_1143	NEXT_STEP	P_1144
P_1144	NEXT_STEP	P_1145
P_1145	NEXT_STEP	P_1146
P_1146	NEXT_STEP	P_1147
P_1147	NEXT_STEP	P_1148
P_1148	NEXT_STEP	P_1149
P_115	REQUIRES	T_010
P_1151	NEXT_STEP	P_1152
P_1152	NEXT_STEP	P_1153
P_1153	NEXT_STEP	P_1154
P_1155	NEXT_STEP	P_1156
P_1156	NEXT_STEP	P_1157
P_1157	NEXT_STEP	P_1158
P_1158	NEXT_STEP	P_1159
P_116	REQUIRES	T_041
P_1161	NEXT_STEP	P_1162
P_1162	NEXT_STEP	P_1163
P_1164	NEXT_STEP	P_1165
P_1165	NEXT_STEP	P_1166
P_1166	NEXT_STEP	P_1167
P_1169	NEXT_STEP	P_1170
P_117	REQUIRES	T_015
P_118	REQUIRES	T_015
P_118	REQUIRES	T_031
P_118	REQUIRES	T_041
P_120	REQUIRES	T_014
P_120	REQUIRES	T_040
P_122	REQUIRES	T_003
P_122	REQUIRES	T_012
P_123	NEXT_STEP	P_130
P_125	NEXT_STEP	P_132
P_127	NEXT_STEP	P_128
P_129	NEXT_STEP	P_123
P_130	NEXT_STEP	P_131
P_132	NEXT_STEP	P_133
P_133	NEXT_STEP	P_128
P_134	NEXT_STEP	P_135
P_135	NEXT_STEP	P_136
P_136	NEXT_STEP	P_137
P_138	NEXT_STEP	P_139
P_1380	NEXT_STEP	P_1381
P_1382	NEXT_STEP	P_1383
P_139	NEXT_STEP	P_140
P_1399	NEXT_STEP	P_1400
P_140	REQUIRES	T_042
P_1400	NEXT_STEP	P_1401
P_1401	NEXT_STEP	P_1402
P_1402	NEXT_STEP	P_1403
P_1404	NEXT_STEP	P_1405
P_1405	NEXT_STEP	P_1406
P_142	NEXT_STEP	P_143
P_143	NEXT_STEP	P_144
P_143	REQUIRES	T_043
P_144	NEXT_STEP	P_145
P_146	NEXT_STEP	P_147
P_147	NEXT_STEP	P_148
P_148	NEXT_STEP	P_149
P_148	REQUIRES	T_043
P_150	NEXT_STEP	P_151
P_152	NEXT_STEP	P_153
P_153	NEXT_STEP	P_154
P_153	REQUIRES	T_042
P_154	REQUIRES	T_043
P_155	NEXT_STEP	P_156
P_156	NEXT_STEP	P_157
P_158	NEXT_STEP	P_159
P_158	REQUIRES	T_044
P_159	NEXT_STEP	P_160
P_159	REQUIRES	T_045
P_160	NEXT_STEP	P_161
P_160	REQUIRES	T_001
P_161	REQUIRES	T_045
P_162	NEXT_STEP	P_163
P_163	NEXT_STEP	P_164
P_165	NEXT_STEP	P_166
P_165	REQUIRES	T_042
P_166	NEXT_STEP	P_167
P_1667	REQUIRES	T_094
P_1668	REQUIRES	T_095
P_1669	NEXT_STEP	P_1670
P_1669	REQUIRES	T_043
P_167	NEXT_STEP	P_168
P_1671	NEXT_STEP	P_1672
P_1672	REQUIRES	T_043
P_1673	NEXT_STEP	P_1681
P_1674	NEXT_STEP	P_1675
P_1676	NEXT_STEP	P_1677
P_1676	REQUIRES	T_186
P_1678	NEXT_STEP	P_1679
P_1678	REQUIRES	T_043
P_1679	NEXT_STEP	P_1680
P_1679	REQUIRES	T_043
P_168	NEXT_STEP	P_169
P_168	REQUIRES	T_048
P_1681	NEXT_STEP	P_1682
P_1682	NEXT_STEP	P_1683
P_1683	NEXT_STEP	P_1684
P_1684	NEXT_STEP	P_1685
P_1686	NEXT_STEP	P_1687
P_1687	NEXT_STEP	P_1688
P_1688	NEXT_STEP	P_1689
P_1689	NEXT_STEP	P_1690
P_169	REQUIRES	T_043
P_169	REQUIRES	T_046
P_169	REQUIRES	T_047
P_1691	NEXT_STEP	P_1692
P_1692	NEXT_STEP	P_1693
P_1692	REQUIRES	T_187
P_1693	NEXT_STEP	P_1694
P_1694	NEXT_STEP	P_1695
P_1695	NEXT_STEP	P_1696
P_1696	NEXT_STEP	P_1697
P_1697	NEXT_STEP	P_1698
P_1699	NEXT_STEP	P_1700
P_170	NEXT_STEP	P_171
P_1700	NEXT_STEP	P_1701
P_1701	NEXT_STEP	P_1702
P_1702	NEXT_STEP	P_1703
P_1703	NEXT_STEP	P_1704
P_1704	NEXT_STEP	P_1705
P_1706	NEXT_STEP	P_1707
P_1707	REQUIRES	T_043
P_1708	REQUIRES	T_043
P_1709	NEXT_STEP	P_1710
P_171	NEXT_STEP	P_172
P_1710	NEXT_STEP	P_1711
P_1711	NEXT_STEP	P_1712
P_1713	NEXT_STEP	P_1714
P_1714	NEXT_STEP	P_1715
P_1714	REQUIRES	T_188
P_1714	REQUIRES	T_189
P_1714	REQUIRES	T_190
P_1715	NEXT_STEP	P_1716
P_1716	NEXT_STEP	P_1717
P_1717	NEXT_STEP	P_1718
P_1717	REQUIRES	T_043
P_1717	REQUIRES	T_150
P_1719	NEXT_STEP	P_1720
P_1720	NEXT_STEP	P_1721
P_1720	REQUIRES	T_191
P_1721	NEXT_STEP	P_1722
P_1722	NEXT_STEP	P_1723
P_1723	NEXT_STEP	P_1724
P_1725	NEXT_STEP	P_1726
P_1726	NEXT_STEP	P_1727
P_1728	NEXT_STEP	P_1729
P_1729	NEXT_STEP	P_1730
P_1729	REQUIRES	T_192
P_1729	REQUIRES	T_193
P_173	NEXT_STEP	P_174
P_1730	NEXT_STEP	P_1731
P_1731	REQUIRES	T_043
P_1732	NEXT_STEP	P_1733
P_1733	NEXT_STEP	P_1734
P_1734	NEXT_STEP	P_1735
P_1736	NEXT_STEP	P_1737
P_1737	NEXT_STEP	P_1738
P_1737	REQUIRES	T_150
P_1738	NEXT_STEP	P_1739
P_1738	REQUIRES	T_194
P_1738	REQUIRES	T_195
P_1738	REQUIRES	T_196
P_1738	REQUIRES	T_197
P_1739	NEXT_STEP	P_1740
P_174	NEXT_STEP	P_175
P_1740	NEXT_STEP	P_1741
P_1742	NEXT_STEP	P_1743
P_1742	REQUIRES	T_198
P_1743	NEXT_STEP	P_1744
P_1745	NEXT_STEP	P_1746
P_1746	NEXT_STEP	P_1747
P_1748	NEXT_STEP	P_1749
P_1749	REQUIRES	T_199
P_175	NEXT_STEP	P_176
P_1750	NEXT_STEP	P_1751
P_1752	NEXT_STEP	P_1753
P_1753	NEXT_STEP	P_1754
P_1753	REQUIRES	T_200
P_1753	REQUIRES	T_201
P_1755	NEXT_STEP	P_1756
P_1757	NEXT_STEP	P_1758
P_1758	NEXT_STEP	P_1759
P_176	NEXT_STEP	P_177
P_176	REQUIRES	T_049
P_1760	NEXT_STEP	P_1761
P_1761	NEXT_STEP	P_1762
P_1762	REQUIRES	T_043
P_1762	REQUIRES	T_202
P_1763	NEXT_STEP	P_1764
P_1764	NEXT_STEP	P_1765
P_1765	NEXT_STEP	P_1766
P_1765	REQUIRES	T_203
P_1766	NEXT_STEP	P_1767
P_1767	NEXT_STEP	P_1768
P_1768	NEXT_STEP	P_1769
P_1770	NEXT_STEP	P_1771
P_1771	NEXT_STEP	P_1772
P_1774	NEXT_STEP	P_1775
P_1775	NEXT_STEP	P_1776
P_1777	NEXT_STEP	P_1778
P_1778	NEXT_STEP	P_1779
P_1779	NEXT_STEP	P_1780
P_1779	REQUIRES	T_204
P_178	NEXT_STEP	P_179
P_1780	NEXT_STEP	P_1781
P_1781	NEXT_STEP	P_1782
P_1782	NEXT_STEP	P_1783
P_1782	REQUIRES	T_205
P_1784	NEXT_STEP	P_1785
P_1785	NEXT_STEP	P_1786
P_1786	NEXT_STEP	P_1787
P_1787	NEXT_STEP	P_1788
P_1788	REQUIRES	T_067
P_1789	NEXT_STEP	P_1790
P_179	NEXT_STEP	P_180
P_1790	NEXT_STEP	P_1791
P_1792	NEXT_STEP	P_1793
P_1795	NEXT_STEP	P_1796
P_1796	NEXT_STEP	P_1797
P_1798	NEXT_STEP	P_1799
P_180	REQUIRES	T_050
P_1800	NEXT_STEP	P_1801
P_1801	NEXT_STEP	P_1802
P_1802	REQUIRES	T_043
P_1803	NEXT_STEP	P_1804
P_1804	NEXT_STEP	P_1805
P_1804	REQUIRES	T_208
P_1805	NEXT_STEP	P_1806
P_1805	REQUIRES	T_206
P_1805	REQUIRES	T_207
P_1806	NEXT_STEP	P_1807
P_1806	REQUIRES	T_209
P_1807	REQUIRES	T_210
P_1808	NEXT_STEP	P_1809
P_1809	NEXT_STEP	P_1810
P_181	NEXT_STEP	P_182
P_181	REQUIRES	T_051
P_1810	NEXT_STEP	P_1811
P_1811	NEXT_STEP	P_1812
P_1811	REQUIRES	T_211
P_1812	REQUIRES	T_212
P_1813	NEXT_STEP	P_1814
P_1814	NEXT_STEP	P_1815
P_1815	NEXT_STEP	P_1816
P_1816	NEXT_STEP	P_1817
P_1817	NEXT_STEP	P_1818
P_1819	NEXT_STEP	P_1820
P_182	NEXT_STEP	P_187
P_182	REQUIRES	T_050
P_1820	NEXT_STEP	P_1821
P_1822	NEXT_STEP	P_1823
P_1823	NEXT_STEP	P_1824
P_1824	NEXT_STEP	P_1825
P_1825	NEXT_STEP	P_1826
P_1825	REQUIRES	T_065
P_1825	REQUIRES	T_213
P_1825	REQUIRES	T_215
P_1826	NEXT_STEP	P_1827
P_1826	REQUIRES	T_018
P_1827	NEXT_STEP	P_1828
P_1828	NEXT_STEP	P_1829
P_1829	NEXT_STEP	P_1830
P_183	NEXT_STEP	P_184
P_1830	NEXT_STEP	P_1831
P_1832	NEXT_STEP	P_1833
P_1833	NEXT_STEP	P_1834
P_1834	NEXT_STEP	P_1835
P_1835	NEXT_STEP	P_1836
P_1835	REQUIRES	T_018
P_1836	NEXT_STEP	P_1837
P_1837	NEXT_STEP	P_1838
P_1839	NEXT_STEP	P_1840
P_184	NEXT_STEP	P_185
P_1840	NEXT_STEP	P_1841
P_1841	NEXT_STEP	P_1842
P_1842	REQUIRES	T_065
P_1842	REQUIRES	T_213
P_1842	REQUIRES	T_214
P_1842	REQUIRES	T_215
P_1844	NEXT_STEP	P_1845
P_1844	REQUIRES	T_214
P_1845	NEXT_STEP	P_1846
P_1846	NEXT_STEP	P_1847
P_1847	NEXT_STEP	P_1848
P_1848	NEXT_STEP	P_1849
P_1849	NEXT_STEP	P_1850
P_185	NEXT_STEP	P_186
P_1850	NEXT_STEP	P_1851
P_1852	NEXT_STEP	P_1853
P_1853	NEXT_STEP	P_1854
P_1853	REQUIRES	T_214
P_1855	NEXT_STEP	P_1856
P_1856	NEXT_STEP	P_1857
P_1857	NEXT_STEP	P_1858
P_1858	NEXT_STEP	P_1859
P_186	REQUIRES	T_055
P_1860	NEXT_STEP	P_1861
P_1861	NEXT_STEP	P_1862
P_1863	NEXT_STEP	P_1864
P_1864	NEXT_STEP	P_1865
P_1868	NEXT_STEP	P_1869
P_1869	NEXT_STEP	P_1870
P_1869	REQUIRES	T_020
P_187	NEXT_STEP	P_188
P_1870	NEXT_STEP	P_1871
P_1870	REQUIRES	T_020
P_1871	NEXT_STEP	P_1872
P_1871	REQUIRES	T_102
P_1871	REQUIRES	T_103
P_1872	NEXT_STEP	P_1873
P_1873	NEXT_STEP	P_1874
P_1874	REQUIRES	T_217
P_1876	NEXT_STEP	P_1877
P_1877	NEXT_STEP	P_1878
P_1878	REQUIRES	T_043
P_1879	NEXT_STEP	P_1880
P_1879	REQUIRES	T_216
P_1880	NEXT_STEP	P_1881
P_1881	NEXT_STEP	P_1882
P_1883	NEXT_STEP	P_1884
P_1884	NEXT_STEP	P_1885
P_1885	NEXT_STEP	P_1886
P_1886	NEXT_STEP	P_1887
P_1886	REQUIRES	T_218
P_1888	NEXT_STEP	P_1889
P_189	REQUIRES	T_053
P_1890	NEXT_STEP	P_1891
P_1890	REQUIRES	T_219
P_1890	REQUIRES	T_220
P_1890	REQUIRES	T_221
P_1890	REQUIRES	T_222
P_1890	REQUIRES	T_223
P_1891	NEXT_STEP	P_1892
P_1891	REQUIRES	T_224
P_1891	REQUIRES	T_225
P_1892	NEXT_STEP	P_1893
P_1894	NEXT_STEP	P_1895
P_1894	REQUIRES	T_226
P_1895	NEXT_STEP	P_1896
P_1895	REQUIRES	T_227
P_1897	NEXT_STEP	P_1898
P_1897	REQUIRES	T_228
P_1899	NEXT_STEP	P_1900
P_1899	REQUIRES	T_229
P_190	NEXT_STEP	P_191
P_1900	NEXT_STEP	P_1901
P_1901	REQUIRES	T_043
P_1902	NEXT_STEP	P_1903
P_1902	REQUIRES	T_102
P_1902	REQUIRES	T_103
P_1903	NEXT_STEP	P_1904
P_1903	REQUIRES	T_103
P_1904	REQUIRES	T_103
P_1905	NEXT_STEP	P_1906
P_1905	REQUIRES	T_043
P_1906	NEXT_STEP	P_1907
P_1907	NEXT_STEP	P_1908
P_1908	NEXT_STEP	P_1909
P_191	REQUIRES	T_052
P_1911	REQUIRES	T_006
P_1912	NEXT_STEP	P_1913
P_1913	NEXT_STEP	P_1914
P_1914	NEXT_STEP	P_1915
P_1914	REQUIRES	T_230
P_1914	REQUIRES	T_231
P_1914	REQUIRES	T_232
P_1915	NEXT_STEP	P_1916
P_1915	REQUIRES	T_020
P_1916	NEXT_STEP	P_1917
P_1918	NEXT_STEP	P_1919
P_1918	REQUIRES	T_234
P_1919	REQUIRES	T_233
P_192	REQUIRES	T_015
P_192	REQUIRES	T_046
P_1921	NEXT_STEP	P_1922
P_1921	REQUIRES	T_237
P_1922	NEXT_STEP	P_1923
P_1922	REQUIRES	T_237
P_1922	REQUIRES	T_238
P_1923	NEXT_STEP	P_1924
P_1924	REQUIRES	T_237
P_1925	NEXT_STEP	P_1926
P_1925	REQUIRES	T_236
P_1926	NEXT_STEP	P_1927
P_1926	REQUIRES	T_239
P_1926	REQUIRES	T_240
P_1929	NEXT_STEP	P_1930
P_193	NEXT_STEP	P_194
P_1931	NEXT_STEP	P_1932
P_1933	NEXT_STEP	P_1934
P_1936	NEXT_STEP	P_1937
P_1937	NEXT_STEP	P_1938
P_1938	NEXT_STEP	P_1939
P_1939	REQUIRES	T_241
P_1940	NEXT_STEP	P_1941
P_1941	NEXT_STEP	P_1942
P_1944	NEXT_STEP	P_1945
P_1947	NEXT_STEP	P_1948
P_1948	NEXT_STEP	P_1949
P_1949	REQUIRES	T_242
P_195	NEXT_STEP	P_196
P_195	REQUIRES	T_057
P_195	REQUIRES	T_058
P_1950	REQUIRES	T_243
P_1951	REQUIRES	T_244
P_1952	NEXT_STEP	P_1953
P_1953	NEXT_STEP	P_1954
P_1953	REQUIRES	T_245
P_1954	NEXT_STEP	P_1955
P_1956	NEXT_STEP	P_1957
P_1957	NEXT_STEP	P_1958
P_1958	NEXT_STEP	P_1959
P_1959	NEXT_STEP	P_1960
P_1960	NEXT_STEP	P_1961
P_1961	NEXT_STEP	P_1962
P_1962	NEXT_STEP	P_1963
P_1962	REQUIRES	T_250
P_1963	NEXT_STEP	P_1964
P_1963	REQUIRES	T_247
P_1965	NEXT_STEP	P_1966
P_1966	NEXT_STEP	P_1967
P_1967	NEXT_STEP	P_1968
P_1967	REQUIRES	T_246
P_1968	NEXT_STEP	P_1969
P_1969	NEXT_STEP	P_1970
P_197	NEXT_STEP	P_198
P_197	REQUIRES	T_056
P_1970	NEXT_STEP	P_1971
P_1971	NEXT_STEP	P_1972
P_1973	NEXT_STEP	P_1974
P_1976	NEXT_STEP	P_1977
P_1977	NEXT_STEP	P_1978
P_1977	REQUIRES	T_251
P_1978	NEXT_STEP	P_1979
P_198	NEXT_STEP	P_199
P_198	REQUIRES	T_056
P_1980	NEXT_STEP	P_1981
P_1980	REQUIRES	T_248
P_1981	NEXT_STEP	P_1982
P_1983	NEXT_STEP	P_1984
P_1984	NEXT_STEP	P_1985
P_1986	NEXT_STEP	P_1987
P_1987	NEXT_STEP	P_1988
P_1988	NEXT_STEP	P_1989
P_199	NEXT_STEP	P_200
P_1990	NEXT_STEP	P_1991
P_1991	NEXT_STEP	P_1992
P_1992	NEXT_STEP	P_1993
P_1993	NEXT_STEP	P_1994
P_1994	NEXT_STEP	P_1995
P_1994	REQUIRES	T_109
P_1995	REQUIRES	T_249
P_1996	NEXT_STEP	P_1997
P_1997	NEXT_STEP	P_1998
P_1999	NEXT_STEP	P_2000
P_2001	NEXT_STEP	P_2002
P_2002	NEXT_STEP	P_2003
P_2003	NEXT_STEP	P_2004
P_2005	NEXT_STEP	P_2006
P_2006	NEXT_STEP	P_2007
P_2009	NEXT_STEP	P_2010
P_2010	NEXT_STEP	P_2011
P_2012	NEXT_STEP	P_2013
P_2014	NEXT_STEP	P_2015
P_2015	NEXT_STEP	P_2016
P_2016	NEXT_STEP	P_2017
P_2017	NEXT_STEP	P_2018
P_2019	NEXT_STEP	P_2020
P_202	NEXT_STEP	P_203
P_2020	NEXT_STEP	P_2021
P_2021	NEXT_STEP	P_2022
P_2025	NEXT_STEP	P_2026
P_2027	NEXT_STEP	P_2028
P_2028	NEXT_STEP	P_2029
P_2029	NEXT_STEP	P_2030
P_203	NEXT_STEP	P_204
P_203	REQUIRES	T_061
P_203	REQUIRES	T_062
P_2030	NEXT_STEP	P_2031
P_2031	NEXT_STEP	P_2032
P_2033	NEXT_STEP	P_2034
P_2034	NEXT_STEP	P_2035
P_2035	NEXT_STEP	P_2036
P_204	NEXT_STEP	P_205
P_2041	NEXT_STEP	P_2042
P_2042	NEXT_STEP	P_2043
P_2043	NEXT_STEP	P_2044
P_2044	NEXT_STEP	P_2045
P_2046	NEXT_STEP	P_2047
P_2047	NEXT_STEP	P_2048
P_2048	NEXT_STEP	P_2049
P_2050	NEXT_STEP	P_2051
P_2051	NEXT_STEP	P_2052
P_2053	NEXT_STEP	P_2054
P_2054	NEXT_STEP	P_2055
P_2055	NEXT_STEP	P_2056
P_2057	NEXT_STEP	P_2058
P_2059	NEXT_STEP	P_2060
P_206	NEXT_STEP	P_207
P_2060	NEXT_STEP	P_2061
P_2061	NEXT_STEP	P_2062
P_2062	NEXT_STEP	P_2063
P_2064	NEXT_STEP	P_2065
P_2065	NEXT_STEP	P_2066
P_2067	NEXT_STEP	P_2068
P_2068	NEXT_STEP	P_2069
P_2069	NEXT_STEP	P_2070
P_207	NEXT_STEP	P_208
P_2070	NEXT_STEP	P_2071
P_2072	NEXT_STEP	P_2073
P_2073	NEXT_STEP	P_2074
P_2074	NEXT_STEP	P_2075
P_2076	NEXT_STEP	P_2077
P_2077	NEXT_STEP	P_2078
P_2078	NEXT_STEP	P_2079
P_2079	NEXT_STEP	P_2080
P_208	NEXT_STEP	P_209
P_2081	NEXT_STEP	P_2082
P_2082	NEXT_STEP	P_2083
P_2084	NEXT_STEP	P_2085
P_2087	NEXT_STEP	P_2088
P_2089	NEXT_STEP	P_2090
P_209	NEXT_STEP	P_210
P_2091	NEXT_STEP	P_2092
P_2092	NEXT_STEP	P_2093
P_2094	NEXT_STEP	P_2095
P_2095	NEXT_STEP	P_2096
P_2098	NEXT_STEP	P_2099
P_210	NEXT_STEP	P_211
P_210	REQUIRES	T_059
P_2101	NEXT_STEP	P_2102
P_2104	NEXT_STEP	P_2105
P_2106	NEXT_STEP	P_2107
P_2107	NEXT_STEP	P_2108
P_211	NEXT_STEP	P_212
P_2111	NEXT_STEP	P_2112
P_2112	NEXT_STEP	P_2113
P_2114	NEXT_STEP	P_2115
P_2115	NEXT_STEP	P_2116
P_2116	NEXT_STEP	P_2117
P_2118	NEXT_STEP	P_2119
P_2120	NEXT_STEP	P_2121
P_2122	NEXT_STEP	P_2123
P_2125	NEXT_STEP	P_2126
P_2127	NEXT_STEP	P_2128
P_2128	NEXT_STEP	P_2129
P_2131	NEXT_STEP	P_2132
P_2134	NEXT_STEP	P_2135
P_2135	NEXT_STEP	P_2136
P_2136	NEXT_STEP	P_2137
P_2138	NEXT_STEP	P_2139
P_2139	NEXT_STEP	P_2140
P_214	NEXT_STEP	P_215
P_2141	NEXT_STEP	P_2142
P_2143	NEXT_STEP	P_2144
P_2144	NEXT_STEP	P_2145
P_2145	NEXT_STEP	P_2146
P_2146	NEXT_STEP	P_2147
P_2148	NEXT_STEP	P_2149
P_2149	NEXT_STEP	P_2150
P_215	NEXT_STEP	P_216
P_2150	NEXT_STEP	P_2151
P_2152	NEXT_STEP	P_2153
P_2153	NEXT_STEP	P_2154
P_2154	NEXT_STEP	P_2155
P_2155	NEXT_STEP	P_2156
P_2157	NEXT_STEP	P_2158
P_2158	NEXT_STEP	P_2159
P_2159	NEXT_STEP	P_2160
P_216	NEXT_STEP	P_217
P_2160	NEXT_STEP	P_2161
P_2163	NEXT_STEP	P_2164
P_2164	NEXT_STEP	P_2165
P_2166	NEXT_STEP	P_2167
P_2167	NEXT_STEP	P_2168
P_2169	NEXT_STEP	P_2170
P_217	NEXT_STEP	P_218
P_217	REQUIRES	T_059
P_2175	NEXT_STEP	P_2176
P_2176	NEXT_STEP	P_2177
P_2177	NEXT_STEP	P_2178
P_2178	NEXT_STEP	P_2179
P_2179	NEXT_STEP	P_2180
P_218	NEXT_STEP	P_219
P_2181	NEXT_STEP	P_2182
P_2182	NEXT_STEP	P_2183
P_2184	NEXT_STEP	P_2185
P_2185	NEXT_STEP	P_2186
P_2186	NEXT_STEP	P_2187
P_2187	NEXT_STEP	P_2188
P_2188	NEXT_STEP	P_2189
P_2189	NEXT_STEP	P_2190
P_2191	NEXT_STEP	P_2192
P_2193	NEXT_STEP	P_2194
P_2194	NEXT_STEP	P_2195
P_2195	NEXT_STEP	P_2196
P_2196	NEXT_STEP	P_2197
P_2197	NEXT_STEP	P_2198
P_2198	NEXT_STEP	P_2199
P_2199	NEXT_STEP	P_2200
P_220	NEXT_STEP	P_221
P_2200	NEXT_STEP	P_2201
P_2201	NEXT_STEP	P_2202
P_2202	NEXT_STEP	P_2204
P_2204	NEXT_STEP	P_2205
P_2205	NEXT_STEP	P_2206
P_2206	NEXT_STEP	P_2207
P_2207	NEXT_STEP	P_2208
P_2208	NEXT_STEP	P_2209
P_2209	NEXT_STEP	P_2210
P_221	NEXT_STEP	P_222
P_2210	NEXT_STEP	P_2211
P_2211	NEXT_STEP	P_2212
P_2213	NEXT_STEP	P_2214
P_2214	NEXT_STEP	P_2215
P_2215	NEXT_STEP	P_2216
P_2216	NEXT_STEP	P_2217
P_2218	NEXT_STEP	P_2219
P_2219	NEXT_STEP	P_2220
P_222	NEXT_STEP	P_223
P_2220	NEXT_STEP	P_2221
P_2221	NEXT_STEP	P_2222
P_2224	NEXT_STEP	P_2225
P_2225	NEXT_STEP	P_2226
P_2226	NEXT_STEP	P_2227
P_2239	NEXT_STEP	P_2240
P_224	NEXT_STEP	P_225
P_2240	NEXT_STEP	P_2241
P_2257	NEXT_STEP	P_2258
P_2259	NEXT_STEP	P_2260
P_226	NEXT_STEP	P_227
P_2261	NEXT_STEP	P_2262
P_2262	NEXT_STEP	P_2263
P_2263	NEXT_STEP	P_2264
P_2266	NEXT_STEP	P_2267
P_2267	NEXT_STEP	P_2268
P_2268	NEXT_STEP	P_2269
P_2269	NEXT_STEP	P_2270
P_227	NEXT_STEP	P_228
P_2270	NEXT_STEP	P_2271
P_2271	NEXT_STEP	P_2272
P_2272	NEXT_STEP	P_2273
P_2273	NEXT_STEP	P_2274
P_2274	NEXT_STEP	P_2275
P_2275	NEXT_STEP	P_2276
P_2276	NEXT_STEP	P_2277
P_2277	NEXT_STEP	P_2278
P_2278	NEXT_STEP	P_2279
P_2279	NEXT_STEP	P_2280
P_228	NEXT_STEP	P_229
P_2280	NEXT_STEP	P_2281
P_2284	NEXT_STEP	P_2285
P_2286	NEXT_STEP	P_2287
P_2289	NEXT_STEP	P_2290
P_2291	NEXT_STEP	P_2292
P_2292	NEXT_STEP	P_2293
P_2294	NEXT_STEP	P_2295
P_2295	NEXT_STEP	P_2296
P_2296	NEXT_STEP	P_2297
P_230	NEXT_STEP	P_231
P_2300	NEXT_STEP	P_2301
P_2305	NEXT_STEP	P_2306
P_2309	NEXT_STEP	P_2310
P_231	NEXT_STEP	P_232
P_2310	NEXT_STEP	P_2311
P_2312	NEXT_STEP	P_2313
P_2314	NEXT_STEP	P_2315
P_2317	NEXT_STEP	P_2318
P_2321	NEXT_STEP	P_2322
P_2326	NEXT_STEP	P_2327
P_2328	NEXT_STEP	P_2329
P_233	NEXT_STEP	P_234
P_2330	NEXT_STEP	P_2331
P_2332	NEXT_STEP	P_2333
P_2334	NEXT_STEP	P_2335
P_2336	NEXT_STEP	P_2337
P_2338	NEXT_STEP	P_2339
P_234	NEXT_STEP	P_235
P_2340	NEXT_STEP	P_2341
P_2344	NEXT_STEP	P_2345
P_2346	NEXT_STEP	P_2347
P_2349	NEXT_STEP	P_2350
P_235	NEXT_STEP	P_236
P_2355	NEXT_STEP	P_2356
P_2357	NEXT_STEP	P_2358
P_2359	NEXT_STEP	P_2360
P_236	NEXT_STEP	P_237
P_236	REQUIRES	T_060
P_2364	NEXT_STEP	P_2365
P_2366	NEXT_STEP	P_2367
P_237	NEXT_STEP	P_238
P_2371	NEXT_STEP	P_2372
P_2376	NEXT_STEP	P_2377
P_2378	NEXT_STEP	P_2379
P_238	NEXT_STEP	P_239
P_2382	NEXT_STEP	P_2383
P_239	NEXT_STEP	P_240
P_2391	NEXT_STEP	P_2392
P_2393	NEXT_STEP	P_2394
P_2395	NEXT_STEP	P_2396
P_2397	NEXT_STEP	P_2398
P_2398	NEXT_STEP	P_2399
P_240	REQUIRES	T_060
P_2400	NEXT_STEP	P_2401
P_2402	NEXT_STEP	P_2403
P_2404	NEXT_STEP	P_2405
P_2406	NEXT_STEP	P_2407
P_2409	NEXT_STEP	P_2410
P_241	NEXT_STEP	P_242
P_2411	NEXT_STEP	P_2412
P_2413	NEXT_STEP	P_2414
P_2416	NEXT_STEP	P_2417
P_2418	NEXT_STEP	P_2419
P_242	NEXT_STEP	P_243
P_2420	NEXT_STEP	P_2421
P_2421	NEXT_STEP	P_2422
P_2426	NEXT_STEP	P_2427
P_2427	NEXT_STEP	P_2428
P_2429	NEXT_STEP	P_2430
P_243	NEXT_STEP	P_244
P_2431	NEXT_STEP	P_2432
P_2432	NEXT_STEP	P_2433
P_2434	NEXT_STEP	P_2435
P_2435	NEXT_STEP	P_2436
P_2437	NEXT_STEP	P_2438
P_244	REQUIRES	T_005
P_244	REQUIRES	T_006
P_2440	NEXT_STEP	P_2441
P_2442	NEXT_STEP	P_2443
P_2448	NEXT_STEP	P_2449
P_245	NEXT_STEP	P_246
P_2450	NEXT_STEP	P_2451
P_2452	NEXT_STEP	P_2453
P_2454	NEXT_STEP	P_2455
P_2455	NEXT_STEP	P_2456
P_2457	NEXT_STEP	P_2458
P_2458	NEXT_STEP	P_2459
P_246	NEXT_STEP	P_247
P_246	REQUIRES	T_015
P_2460	NEXT_STEP	P_2461
P_2461	NEXT_STEP	P_2462
P_2463	NEXT_STEP	P_2464
P_2464	NEXT_STEP	P_2465
P_2466	NEXT_STEP	P_2467
P_2469	NEXT_STEP	P_2470
P_247	NEXT_STEP	P_248
P_247	REQUIRES	T_063
P_2470	NEXT_STEP	P_2471
P_2472	NEXT_STEP	P_2473
P_2474	NEXT_STEP	P_2475
P_2476	NEXT_STEP	P_2477
P_248	REQUIRES	T_063
P_2484	NEXT_STEP	P_2485
P_2486	NEXT_STEP	P_2487
P_2488	NEXT_STEP	P_2489
P_2489	NEXT_STEP	P_2490
P_249	NEXT_STEP	P_250
P_2493	NEXT_STEP	P_2494
P_2495	NEXT_STEP	P_2496
P_2497	NEXT_STEP	P_2498
P_2499	NEXT_STEP	P_2500
P_250	NEXT_STEP	P_251
P_250	REQUIRES	T_069
P_2502	NEXT_STEP	P_2503
P_2505	NEXT_STEP	P_2506
P_2506	NEXT_STEP	P_2507
P_2509	NEXT_STEP	P_2510
P_251	NEXT_STEP	P_252
P_251	REQUIRES	T_015
P_2511	NEXT_STEP	P_2512
P_2515	NEXT_STEP	P_2516
P_2519	NEXT_STEP	P_2520
P_252	NEXT_STEP	P_253
P_2521	NEXT_STEP	P_2522
P_2527	NEXT_STEP	P_2528
P_253	NEXT_STEP	P_254
P_253	REQUIRES	T_063
P_2532	NEXT_STEP	P_2533
P_2536	NEXT_STEP	P_2537
P_254	NEXT_STEP	P_255
P_254	REQUIRES	T_063
P_2543	NEXT_STEP	P_2544
P_2546	NEXT_STEP	P_2547
P_2548	NEXT_STEP	P_2549
P_255	REQUIRES	T_043
P_2551	NEXT_STEP	P_2552
P_2557	NEXT_STEP	P_2558
P_2559	NEXT_STEP	P_2560
P_256	NEXT_STEP	P_257
P_2560	NEXT_STEP	P_2561
P_2565	NEXT_STEP	P_2566
P_2567	NEXT_STEP	P_2568
P_2569	NEXT_STEP	P_2570
P_257	NEXT_STEP	P_258
P_2570	NEXT_STEP	P_2571
P_2572	NEXT_STEP	P_2573
P_2574	NEXT_STEP	P_2575
P_2576	NEXT_STEP	P_2577
P_2578	NEXT_STEP	P_2579
P_258	NEXT_STEP	P_259
P_259	NEXT_STEP	P_260
P_2591	NEXT_STEP	P_2592
P_2594	NEXT_STEP	P_2595
P_2596	NEXT_STEP	P_2597
P_2597	NEXT_STEP	P_2598
P_2598	NEXT_STEP	P_2599
P_2599	NEXT_STEP	P_2600
P_260	NEXT_STEP	P_261
P_2600	NEXT_STEP	P_2601
P_2601	NEXT_STEP	P_2602
P_2602	NEXT_STEP	P_2603
P_2603	NEXT_STEP	P_2604
P_2605	NEXT_STEP	P_2606
P_2607	NEXT_STEP	P_2608
P_2608	NEXT_STEP	P_2609
P_2609	NEXT_STEP	P_2610
P_2610	NEXT_STEP	P_2611
P_2611	NEXT_STEP	P_2612
P_2611	REQUIRES	T_019
P_2614	NEXT_STEP	P_2615
P_2614	REQUIRES	T_055
P_2615	NEXT_STEP	P_2616
P_2616	NEXT_STEP	P_2617
P_2616	REQUIRES	T_274
P_2617	NEXT_STEP	P_2618
P_2618	NEXT_STEP	P_2619
P_2619	NEXT_STEP	P_2620
P_262	NEXT_STEP	P_263
P_262	REQUIRES	T_064
P_262	REQUIRES	T_065
P_262	REQUIRES	T_066
P_262	REQUIRES	T_067
P_262	REQUIRES	T_068
P_2620	NEXT_STEP	P_2621
P_2620	REQUIRES	T_276
P_2621	NEXT_STEP	P_2622
P_2622	NEXT_STEP	P_2623
P_2622	REQUIRES	T_055
P_2623	NEXT_STEP	P_2624
P_2623	REQUIRES	T_275
P_2625	NEXT_STEP	P_2626
P_2626	NEXT_STEP	P_2627
P_2627	NEXT_STEP	P_2628
P_2629	NEXT_STEP	P_2630
P_263	NEXT_STEP	P_264
P_2630	NEXT_STEP	P_2631
P_2631	NEXT_STEP	P_2632
P_2632	NEXT_STEP	P_2633
P_2634	NEXT_STEP	P_2635
P_2635	NEXT_STEP	P_2636
P_2636	NEXT_STEP	P_2637
P_2637	NEXT_STEP	P_2638
P_2639	NEXT_STEP	P_2640
P_264	REQUIRES	T_005
P_264	REQUIRES	T_006
P_2641	NEXT_STEP	P_2642
P_2642	NEXT_STEP	P_2643
P_2644	NEXT_STEP	P_2645
P_2646	REQUIRES	T_019
P_2646	REQUIRES	T_055
P_2646	REQUIRES	T_288
P_2647	NEXT_STEP	P_2648
P_2647	REQUIRES	T_288
P_2648	REQUIRES	T_019
P_2648	REQUIRES	T_055
P_2648	REQUIRES	T_288
P_2649	NEXT_STEP	P_2650
P_2649	REQUIRES	T_055
P_2649	REQUIRES	T_288
P_265	REQUIRES	T_018
P_2650	NEXT_STEP	P_2651
P_2650	REQUIRES	T_019
P_2650	REQUIRES	T_055
P_2650	REQUIRES	T_288
P_2651	NEXT_STEP	P_2652
P_2651	REQUIRES	T_019
P_2651	REQUIRES	T_055
P_2651	REQUIRES	T_288
P_2652	NEXT_STEP	P_2653
P_2652	REQUIRES	T_019
P_2652	REQUIRES	T_055
P_2652	REQUIRES	T_288
P_2653	NEXT_STEP	P_2654
P_2653	REQUIRES	T_019
P_2653	REQUIRES	T_055
P_2653	REQUIRES	T_288
P_2654	NEXT_STEP	P_2655
P_2654	REQUIRES	T_019
P_2654	REQUIRES	T_288
P_2655	NEXT_STEP	P_2656
P_2655	REQUIRES	T_019
P_2655	REQUIRES	T_055
P_2656	NEXT_STEP	P_2657
P_2656	REQUIRES	T_019
P_2656	REQUIRES	T_288
P_2657	NEXT_STEP	P_2658
P_2657	REQUIRES	T_019
P_2657	REQUIRES	T_288
P_2658	NEXT_STEP	P_2659
P_2658	REQUIRES	T_288
P_2659	NEXT_STEP	P_2660
P_2659	REQUIRES	T_019
P_2660	NEXT_STEP	P_2661
P_2660	REQUIRES	T_019
P_2660	REQUIRES	T_288
P_2661	REQUIRES	T_019
P_2661	REQUIRES	T_288
P_2662	NEXT_STEP	P_2663
P_2662	REQUIRES	T_019
P_2662	REQUIRES	T_288
P_2663	NEXT_STEP	P_2664
P_2663	REQUIRES	T_019
P_2664	REQUIRES	T_019
P_2664	REQUIRES	T_288
P_2665	NEXT_STEP	P_2666
P_2665	REQUIRES	T_288
P_2666	NEXT_STEP	P_2667
P_2666	REQUIRES	T_019
P_2666	REQUIRES	T_055
P_2666	REQUIRES	T_288
P_2667	NEXT_STEP	P_2668
P_2667	REQUIRES	T_019
P_2667	REQUIRES	T_055
P_2668	NEXT_STEP	P_2669
P_2668	REQUIRES	T_019
P_2668	REQUIRES	T_055
P_2669	NEXT_STEP	P_2670
P_2669	REQUIRES	T_019
P_2669	REQUIRES	T_055
P_2669	REQUIRES	T_288
P_267	NEXT_STEP	P_268
P_267	REQUIRES	T_070
P_2670	REQUIRES	T_019
P_2670	REQUIRES	T_288
P_2671	NEXT_STEP	P_2672
P_2671	REQUIRES	T_019
P_2671	REQUIRES	T_288
P_2672	NEXT_STEP	P_2673
P_2672	REQUIRES	T_019
P_2672	REQUIRES	T_288
P_2673	NEXT_STEP	P_2674
P_2673	REQUIRES	T_019
P_2673	REQUIRES	T_288
P_2674	NEXT_STEP	P_2675
P_2674	REQUIRES	T_019
P_2674	REQUIRES	T_288
P_2675	NEXT_STEP	P_2676
P_2675	REQUIRES	T_019
P_2675	REQUIRES	T_288
P_2676	NEXT_STEP	P_2677
P_2676	REQUIRES	T_019
P_2676	REQUIRES	T_055
P_2677	REQUIRES	T_019
P_2677	REQUIRES	T_055
P_2677	REQUIRES	T_288
P_2678	NEXT_STEP	P_2679
P_2678	REQUIRES	T_019
P_2678	REQUIRES	T_055
P_2678	REQUIRES	T_288
P_2679	NEXT_STEP	P_2680
P_2679	REQUIRES	T_019
P_2680	REQUIRES	T_019
P_2680	REQUIRES	T_288
P_2681	NEXT_STEP	P_2682
P_2681	REQUIRES	T_285
P_2681	REQUIRES	T_288
P_2682	NEXT_STEP	P_2683
P_2682	REQUIRES	T_019
P_2682	REQUIRES	T_055
P_2682	REQUIRES	T_288
P_2683	NEXT_STEP	P_2684
P_2683	REQUIRES	T_019
P_2683	REQUIRES	T_288
P_2684	NEXT_STEP	P_2685
P_2684	REQUIRES	T_019
P_2684	REQUIRES	T_055
P_2684	REQUIRES	T_288
P_2685	NEXT_STEP	P_2686
P_2685	REQUIRES	T_055
P_2685	REQUIRES	T_288
P_2686	REQUIRES	T_019
P_2686	REQUIRES	T_055
P_2687	NEXT_STEP	P_2688
P_2687	REQUIRES	T_055
P_2687	REQUIRES	T_288
P_2688	NEXT_STEP	P_2689
P_2688	REQUIRES	T_055
P_2688	REQUIRES	T_288
P_2689	NEXT_STEP	P_2690
P_2689	REQUIRES	T_019
P_2689	REQUIRES	T_055
P_2689	REQUIRES	T_288
P_269	NEXT_STEP	P_270
P_2690	NEXT_STEP	P_2691
P_2690	REQUIRES	T_019
P_2690	REQUIRES	T_288
P_2691	NEXT_STEP	P_2692
P_2691	REQUIRES	T_019
P_2691	REQUIRES	T_288
P_2692	REQUIRES	T_055
P_2693	NEXT_STEP	P_2694
P_2694	NEXT_STEP	P_2695
P_2694	REQUIRES	T_055
P_2695	NEXT_STEP	P_2696
P_2695	REQUIRES	T_055
P_2695	REQUIRES	T_288
P_2696	NEXT_STEP	P_2697
P_2696	REQUIRES	T_288
P_2697	REQUIRES	T_288
P_2698	NEXT_STEP	P_2699
P_2698	REQUIRES	T_288
P_2699	NEXT_STEP	P_2700
P_2699	REQUIRES	T_055
P_2699	REQUIRES	T_288
P_270	NEXT_STEP	P_271
P_2700	NEXT_STEP	P_2701
P_2700	REQUIRES	T_055
P_2701	REQUIRES	T_055
P_2701	REQUIRES	T_288
P_2702	NEXT_STEP	P_2703
P_2702	REQUIRES	T_055
P_2702	REQUIRES	T_288
P_2703	NEXT_STEP	P_2704
P_2703	REQUIRES	T_288
P_2704	NEXT_STEP	P_2705
P_2704	REQUIRES	T_288
P_2705	NEXT_STEP	P_2706
P_2705	REQUIRES	T_288
P_2706	NEXT_STEP	P_2707
P_2706	REQUIRES	T_288
P_2707	NEXT_STEP	P_2708
P_2707	REQUIRES	T_288
P_2708	NEXT_STEP	P_2709
P_2708	REQUIRES	T_288
P_2709	NEXT_STEP	P_2710
P_2709	REQUIRES	T_288
P_2710	NEXT_STEP	P_2711
P_2710	REQUIRES	T_288
P_2711	NEXT_STEP	P_2712
P_2711	REQUIRES	T_288
P_2712	NEXT_STEP	P_2713
P_2712	REQUIRES	T_055
P_2713	NEXT_STEP	P_2714
P_2713	REQUIRES	T_019
P_2713	REQUIRES	T_055
P_2713	REQUIRES	T_288
P_2714	NEXT_STEP	P_2715
P_2714	REQUIRES	T_019
P_2714	REQUIRES	T_288
P_2715	NEXT_STEP	P_2716
P_2715	REQUIRES	T_287
P_2715	REQUIRES	T_288
P_2716	REQUIRES	T_287
P_2716	REQUIRES	T_288
P_2717	NEXT_STEP	P_2718
P_2717	REQUIRES	T_287
P_2717	REQUIRES	T_288
P_2718	NEXT_STEP	P_2719
P_2718	REQUIRES	T_288
P_2719	NEXT_STEP	P_2720
P_2719	REQUIRES	T_288
P_2720	NEXT_STEP	P_2721
P_2720	REQUIRES	T_287
P_2720	REQUIRES	T_288
P_2721	NEXT_STEP	P_2722
P_2721	REQUIRES	T_287
P_2722	NEXT_STEP	P_2723
P_2722	REQUIRES	T_287
P_2722	REQUIRES	T_288
P_2723	NEXT_STEP	P_2724
P_2723	REQUIRES	T_287
P_2723	REQUIRES	T_288
P_2724	NEXT_STEP	P_2725
P_2724	REQUIRES	T_287
P_2725	NEXT_STEP	P_2726
P_2725	REQUIRES	T_288
P_2726	NEXT_STEP	P_2727
P_2726	REQUIRES	T_288
P_2727	NEXT_STEP	P_2728
P_2727	REQUIRES	T_287
P_2728	REQUIRES	T_287
P_2728	REQUIRES	T_288
P_2729	NEXT_STEP	P_2730
P_2729	REQUIRES	T_287
P_2729	REQUIRES	T_288
P_273	NEXT_STEP	P_274
P_2730	NEXT_STEP	P_2731
P_2730	REQUIRES	T_287
P_2730	REQUIRES	T_288
P_2731	REQUIRES	T_287
P_2731	REQUIRES	T_288
P_2732	REQUIRES	T_287
P_2732	REQUIRES	T_288
P_2733	NEXT_STEP	P_2734
P_2733	REQUIRES	T_287
P_2733	REQUIRES	T_288
P_2734	NEXT_STEP	P_2735
P_2734	REQUIRES	T_287
P_2734	REQUIRES	T_288
P_2735	NEXT_STEP	P_2736
P_2735	REQUIRES	T_287
P_2736	NEXT_STEP	P_2737
P_2736	REQUIRES	T_287
P_2736	REQUIRES	T_288
P_2737	NEXT_STEP	P_2738
P_2737	REQUIRES	T_019
P_2737	REQUIRES	T_286
P_2737	REQUIRES	T_288
P_2738	NEXT_STEP	P_2739
P_2738	REQUIRES	T_019
P_2738	REQUIRES	T_286
P_2738	REQUIRES	T_288
P_2739	NEXT_STEP	P_2740
P_2739	REQUIRES	T_019
P_2739	REQUIRES	T_286
P_2739	REQUIRES	T_288
P_274	NEXT_STEP	P_275
P_2740	REQUIRES	T_019
P_2740	REQUIRES	T_286
P_2740	REQUIRES	T_288
P_2741	NEXT_STEP	P_2742
P_2741	REQUIRES	T_019
P_2742	NEXT_STEP	P_2743
P_2742	REQUIRES	T_288
P_2743	NEXT_STEP	P_2744
P_2743	REQUIRES	T_019
P_2743	REQUIRES	T_286
P_2743	REQUIRES	T_288
P_2744	NEXT_STEP	P_2745
P_2744	REQUIRES	T_019
P_2744	REQUIRES	T_286
P_2744	REQUIRES	T_288
P_2745	NEXT_STEP	P_2746
P_2745	REQUIRES	T_019
P_2745	REQUIRES	T_286
P_2745	REQUIRES	T_288
P_2746	NEXT_STEP	P_2747
P_2746	REQUIRES	T_019
P_2746	REQUIRES	T_286
P_2746	REQUIRES	T_288
P_2747	NEXT_STEP	P_2748
P_2747	REQUIRES	T_019
P_2747	REQUIRES	T_286
P_2747	REQUIRES	T_288
P_2748	REQUIRES	T_019
P_2748	REQUIRES	T_288
P_2749	NEXT_STEP	P_2750
P_2749	REQUIRES	T_286
P_2749	REQUIRES	T_288
P_2750	NEXT_STEP	P_2751
P_2750	REQUIRES	T_019
P_2750	REQUIRES	T_286
P_2750	REQUIRES	T_288
P_2751	NEXT_STEP	P_2752
P_2751	REQUIRES	T_286
P_2751	REQUIRES	T_288
P_2752	NEXT_STEP	P_2753
P_2752	REQUIRES	T_019
P_2752	REQUIRES	T_286
P_2752	REQUIRES	T_288
P_2753	NEXT_STEP	P_2754
P_2753	REQUIRES	T_019
P_2753	REQUIRES	T_286
P_2753	REQUIRES	T_288
P_2754	NEXT_STEP	P_2755
P_2755	NEXT_STEP	P_2756
P_2755	REQUIRES	T_288
P_2756	REQUIRES	T_288
P_2757	NEXT_STEP	P_2758
P_2757	REQUIRES	T_287
P_2757	REQUIRES	T_288
P_2758	NEXT_STEP	P_2759
P_2758	REQUIRES	T_287
P_2758	REQUIRES	T_288
P_2759	NEXT_STEP	P_2760
P_2759	REQUIRES	T_287
P_2759	REQUIRES	T_288
P_276	NEXT_STEP	P_277
P_2760	NEXT_STEP	P_2761
P_2760	REQUIRES	T_287
P_2760	REQUIRES	T_288
P_2761	NEXT_STEP	P_2762
P_2762	NEXT_STEP	P_2763
P_2762	REQUIRES	T_288
P_2763	NEXT_STEP	P_2764
P_2763	REQUIRES	T_288
P_2764	NEXT_STEP	P_2765
P_2764	REQUIRES	T_288
P_2765	NEXT_STEP	P_2766
P_2765	REQUIRES	T_288
P_2766	NEXT_STEP	P_2767
P_2766	REQUIRES	T_288
P_2767	NEXT_STEP	P_2768
P_2768	NEXT_STEP	P_2769
P_2768	REQUIRES	T_288
P_2769	NEXT_STEP	P_2770
P_2769	REQUIRES	T_288
P_2770	NEXT_STEP	P_2771
P_2771	NEXT_STEP	P_2772
P_2771	REQUIRES	T_288
P_2772	NEXT_STEP	P_2773
P_2772	REQUIRES	T_288
P_2773	NEXT_STEP	P_2774
P_2773	REQUIRES	T_288
P_2774	NEXT_STEP	P_2775
P_2774	REQUIRES	T_288
P_2775	REQUIRES	T_288
P_2776	NEXT_STEP	P_2777
P_2777	NEXT_STEP	P_2778
P_2778	NEXT_STEP	P_2779
P_2779	NEXT_STEP	P_2780
P_278	NEXT_STEP	P_279
P_278	REQUIRES	T_001
P_2780	NEXT_STEP	P_2781
P_2781	NEXT_STEP	P_2782
P_2783	NEXT_STEP	P_2784
P_2784	NEXT_STEP	P_2785
P_2785	NEXT_STEP	P_2786
P_2786	NEXT_STEP	P_2787
P_2787	NEXT_STEP	P_2788
P_2788	NEXT_STEP	P_2789
P_2789	NEXT_STEP	P_2790
P_279	NEXT_STEP	P_280
P_2791	NEXT_STEP	P_2792
P_2792	NEXT_STEP	P_2793
P_2794	NEXT_STEP	P_2795
P_2795	NEXT_STEP	P_2796
P_2795	REQUIRES	T_018
P_2796	NEXT_STEP	P_2797
P_2797	NEXT_STEP	P_2798
P_2798	NEXT_STEP	P_2799
P_2798	REQUIRES	T_018
P_2799	NEXT_STEP	P_2800
P_280	NEXT_STEP	P_281
P_2800	REQUIRES	T_018
P_2801	REQUIRES	T_289
P_2803	NEXT_STEP	P_2804
P_2805	NEXT_STEP	P_2806
P_2805	REQUIRES	T_290
P_2806	REQUIRES	T_292
P_2807	REQUIRES	T_291
P_281	NEXT_STEP	P_282
P_281	REQUIRES	T_072
P_282	NEXT_STEP	P_283
P_282	REQUIRES	T_072
P_283	NEXT_STEP	P_284
P_283	REQUIRES	T_071
P_283	REQUIRES	T_073
P_284	REQUIRES	T_074
P_285	NEXT_STEP	P_286
P_286	NEXT_STEP	P_287
P_287	NEXT_STEP	P_288
P_288	NEXT_STEP	P_289
P_288	REQUIRES	T_001
P_289	NEXT_STEP	P_290
P_291	NEXT_STEP	P_292
P_291	REQUIRES	T_001
P_292	NEXT_STEP	P_293
P_292	REQUIRES	T_001
P_293	REQUIRES	T_001
P_295	NEXT_STEP	P_296
P_297	REQUIRES	T_015
P_298	NEXT_STEP	P_299
P_298	REQUIRES	T_074
P_299	NEXT_STEP	P_300
P_301	NEXT_STEP	P_302
P_302	NEXT_STEP	P_303
P_302	REQUIRES	T_001
P_303	NEXT_STEP	P_304
P_303	REQUIRES	T_001
P_304	NEXT_STEP	P_305
P_307	NEXT_STEP	P_308
P_308	NEXT_STEP	P_309
P_309	NEXT_STEP	P_310
P_310	REQUIRES	T_018
P_311	NEXT_STEP	P_312
P_312	NEXT_STEP	P_313
P_313	NEXT_STEP	P_314
P_314	REQUIRES	T_074
P_315	NEXT_STEP	P_316
P_316	NEXT_STEP	P_317
P_317	NEXT_STEP	P_318
P_318	NEXT_STEP	P_319
P_318	REQUIRES	T_018
P_319	REQUIRES	T_074
P_321	NEXT_STEP	P_322
P_321	REQUIRES	T_015
P_325	NEXT_STEP	P_326
P_326	NEXT_STEP	P_327
P_329	NEXT_STEP	P_330
P_330	NEXT_STEP	P_331
P_330	REQUIRES	T_076
P_331	NEXT_STEP	P_332
P_331	REQUIRES	T_015
P_333	NEXT_STEP	P_334
P_334	NEXT_STEP	P_335
P_334	REQUIRES	T_075
P_337	NEXT_STEP	P_338
P_338	NEXT_STEP	P_339
P_341	REQUIRES	T_077
P_342	NEXT_STEP	P_343
P_342	REQUIRES	T_078
P_343	NEXT_STEP	P_344
P_343	REQUIRES	T_079
P_344	NEXT_STEP	P_345
P_344	REQUIRES	T_080
P_344	REQUIRES	T_081
P_346	NEXT_STEP	P_347
P_348	NEXT_STEP	P_349
P_349	NEXT_STEP	P_350
P_349	REQUIRES	T_054
P_349	REQUIRES	T_082
P_350	REQUIRES	T_074
P_351	NEXT_STEP	P_352
P_352	NEXT_STEP	P_353
P_353	NEXT_STEP	P_354
P_354	NEXT_STEP	P_355
P_355	NEXT_STEP	P_356
P_356	NEXT_STEP	P_357
P_357	NEXT_STEP	P_358
P_358	NEXT_STEP	P_359
P_359	NEXT_STEP	P_360
P_360	NEXT_STEP	P_361
P_362	NEXT_STEP	P_363
P_363	NEXT_STEP	P_364
P_364	NEXT_STEP	P_365
P_365	NEXT_STEP	P_366
P_366	NEXT_STEP	P_367
P_368	NEXT_STEP	P_369
P_369	NEXT_STEP	P_370
P_370	NEXT_STEP	P_371
P_371	NEXT_STEP	P_372
P_372	NEXT_STEP	P_373
P_373	NEXT_STEP	P_374
P_374	NEXT_STEP	P_375
P_375	NEXT_STEP	P_376
P_376	NEXT_STEP	P_377
P_378	NEXT_STEP	P_379
P_379	NEXT_STEP	P_380
P_379	REQUIRES	T_021
P_379	REQUIRES	T_083
P_380	NEXT_STEP	P_381
P_380	REQUIRES	T_083
P_381	NEXT_STEP	P_382
P_381	REQUIRES	T_088
P_382	REQUIRES	T_083
P_383	NEXT_STEP	P_384
P_384	NEXT_STEP	P_385
P_384	REQUIRES	T_021
P_384	REQUIRES	T_083
P_386	REQUIRES	T_083
P_387	NEXT_STEP	P_388
P_388	NEXT_STEP	P_389
P_389	NEXT_STEP	P_390
P_390	REQUIRES	T_021
P_390	REQUIRES	T_083
P_391	NEXT_STEP	P_392
P_391	REQUIRES	T_006
P_392	NEXT_STEP	P_393
P_393	NEXT_STEP	P_394
P_394	NEXT_STEP	P_395
P_395	REQUIRES	T_043
P_395	REQUIRES	T_083
P_396	NEXT_STEP	P_397
P_396	REQUIRES	T_083
P_397	NEXT_STEP	P_398
P_397	REQUIRES	T_083
P_398	NEXT_STEP	P_399
P_398	REQUIRES	T_043
P_398	REQUIRES	T_083
P_398	REQUIRES	T_084
P_399	REQUIRES	T_083
P_400	NEXT_STEP	P_401
P_401	NEXT_STEP	P_402
P_401	REQUIRES	T_087
P_402	NEXT_STEP	P_403
P_403	NEXT_STEP	P_404
P_404	NEXT_STEP	P_405
P_404	REQUIRES	T_021
P_404	REQUIRES	T_083
P_405	REQUIRES	T_005
P_405	REQUIRES	T_006
P_406	REQUIRES	T_083
P_407	REQUIRES	T_074
P_408	NEXT_STEP	P_409
P_408	REQUIRES	T_083
P_409	NEXT_STEP	P_410
P_409	REQUIRES	T_083
P_410	NEXT_STEP	P_411
P_410	REQUIRES	T_083
P_411	NEXT_STEP	P_412
P_411	REQUIRES	T_085
P_412	NEXT_STEP	P_413
P_412	REQUIRES	T_043
P_413	NEXT_STEP	P_414
P_413	REQUIRES	T_083
P_414	NEXT_STEP	P_415
P_414	REQUIRES	T_086
P_415	REQUIRES	T_083
P_416	NEXT_STEP	P_417
P_417	NEXT_STEP	P_418
P_418	NEXT_STEP	P_419
P_419	REQUIRES	T_083
P_420	REQUIRES	T_005
P_420	REQUIRES	T_006
P_420	REQUIRES	T_083
P_421	NEXT_STEP	P_422
P_422	NEXT_STEP	P_423
P_423	NEXT_STEP	P_424
P_425	NEXT_STEP	P_426
P_426	NEXT_STEP	P_427
P_427	NEXT_STEP	P_428
P_427	REQUIRES	T_034
P_427	REQUIRES	T_062
P_429	REQUIRES	T_021
P_430	NEXT_STEP	P_431
P_433	NEXT_STEP	P_434
P_434	NEXT_STEP	P_435
P_434	REQUIRES	T_034
P_435	REQUIRES	T_043
P_436	NEXT_STEP	P_437
P_437	NEXT_STEP	P_438
P_437	REQUIRES	T_083
P_438	REQUIRES	T_043
P_439	NEXT_STEP	P_440
P_440	NEXT_STEP	P_441
P_440	REQUIRES	T_083
P_441	REQUIRES	T_043
P_442	NEXT_STEP	P_443
P_443	NEXT_STEP	P_444
P_443	REQUIRES	T_087
P_444	NEXT_STEP	P_445
P_445	NEXT_STEP	P_446
P_445	REQUIRES	T_062
P_446	NEXT_STEP	P_447
P_448	NEXT_STEP	P_449
P_449	NEXT_STEP	P_450
P_449	REQUIRES	T_089
P_449	REQUIRES	T_090
P_449	REQUIRES	T_091
P_449	REQUIRES	T_092
P_450	NEXT_STEP	P_451
P_451	NEXT_STEP	P_452
P_453	NEXT_STEP	P_454
P_455	NEXT_STEP	P_456
P_456	NEXT_STEP	P_457
P_458	NEXT_STEP	P_459
P_459	NEXT_STEP	P_460
P_461	NEXT_STEP	P_462
P_462	NEXT_STEP	P_463
P_463	NEXT_STEP	P_464
P_463	REQUIRES	T_072
P_464	REQUIRES	T_072
P_465	NEXT_STEP	P_466
P_466	NEXT_STEP	P_467
P_467	NEXT_STEP	P_468
P_468	NEXT_STEP	P_469
P_468	REQUIRES	T_093
P_469	REQUIRES	T_072
P_470	NEXT_STEP	P_471
P_471	NEXT_STEP	P_472
P_472	NEXT_STEP	P_473
P_474	NEXT_STEP	P_475
P_474	REQUIRES	T_072
P_476	NEXT_STEP	P_477
P_477	NEXT_STEP	P_478
P_478	NEXT_STEP	P_479
P_479	NEXT_STEP	P_480
P_479	REQUIRES	T_072
P_481	REQUIRES	T_098
P_482	NEXT_STEP	P_483
P_483	NEXT_STEP	P_484
P_484	NEXT_STEP	P_485
P_484	REQUIRES	T_043
P_485	NEXT_STEP	P_486
P_486	NEXT_STEP	P_487
P_489	NEXT_STEP	P_490
P_490	NEXT_STEP	P_491
P_491	NEXT_STEP	P_492
P_492	NEXT_STEP	P_493
P_494	NEXT_STEP	P_495
P_495	NEXT_STEP	P_496
P_496	NEXT_STEP	P_497
P_498	REQUIRES	T_087
P_500	NEXT_STEP	P_501
P_500	REQUIRES	T_062
P_501	NEXT_STEP	P_502
P_502	REQUIRES	T_099
P_503	NEXT_STEP	P_504
P_504	REQUIRES	T_062
P_506	NEXT_STEP	P_507
P_507	NEXT_STEP	P_508
P_507	REQUIRES	T_097
P_509	NEXT_STEP	P_510
P_509	REQUIRES	T_097
P_510	NEXT_STEP	P_511
P_511	NEXT_STEP	P_512
P_512	NEXT_STEP	P_513
P_513	REQUIRES	T_097
P_514	NEXT_STEP	P_515
P_515	NEXT_STEP	P_516
P_518	NEXT_STEP	P_519
P_519	REQUIRES	T_062
P_519	REQUIRES	T_096
P_519	REQUIRES	T_100
P_520	NEXT_STEP	P_521
P_520	REQUIRES	T_043
P_521	NEXT_STEP	P_522
P_521	REQUIRES	T_105
P_522	NEXT_STEP	P_523
P_523	NEXT_STEP	P_524
P_524	NEXT_STEP	P_525
P_525	NEXT_STEP	P_526
P_526	NEXT_STEP	P_527
P_528	NEXT_STEP	P_529
P_530	NEXT_STEP	P_531
P_532	NEXT_STEP	P_533
P_533	NEXT_STEP	P_534
P_534	NEXT_STEP	P_535
P_536	NEXT_STEP	P_537
P_537	NEXT_STEP	P_538
P_538	NEXT_STEP	P_539
P_541	NEXT_STEP	P_542
P_542	NEXT_STEP	P_543
P_543	NEXT_STEP	P_544
P_545	NEXT_STEP	P_546
P_546	NEXT_STEP	P_547
P_546	REQUIRES	T_043
P_547	NEXT_STEP	P_548
P_548	NEXT_STEP	P_549
P_549	NEXT_STEP	P_550
P_550	NEXT_STEP	P_551
P_552	NEXT_STEP	P_553
P_553	NEXT_STEP	P_554
P_553	REQUIRES	T_043
P_554	REQUIRES	T_105
P_556	NEXT_STEP	P_557
P_557	NEXT_STEP	P_558
P_560	NEXT_STEP	P_561
P_563	NEXT_STEP	P_564
P_563	REQUIRES	T_101
P_564	NEXT_STEP	P_565
P_565	NEXT_STEP	P_566
P_567	NEXT_STEP	P_568
P_568	NEXT_STEP	P_569
P_569	NEXT_STEP	P_570
P_570	NEXT_STEP	P_571
P_570	REQUIRES	T_104
P_572	NEXT_STEP	P_573
P_573	NEXT_STEP	P_574
P_574	NEXT_STEP	P_575
P_575	NEXT_STEP	P_576
P_577	NEXT_STEP	P_578
P_578	NEXT_STEP	P_579
P_579	NEXT_STEP	P_580
P_580	NEXT_STEP	P_581
P_581	NEXT_STEP	P_582
P_582	NEXT_STEP	P_583
P_583	NEXT_STEP	P_584
P_583	REQUIRES	T_043
P_583	REQUIRES	T_105
P_584	NEXT_STEP	P_585
P_584	REQUIRES	T_103
P_586	NEXT_STEP	P_587
P_587	NEXT_STEP	P_588
P_588	NEXT_STEP	P_589
P_589	NEXT_STEP	P_590
P_590	NEXT_STEP	P_591
P_591	NEXT_STEP	P_592
P_592	NEXT_STEP	P_593
P_594	NEXT_STEP	P_595
P_595	NEXT_STEP	P_596
P_596	REQUIRES	T_038
P_597	NEXT_STEP	P_598
P_598	NEXT_STEP	P_599
P_600	NEXT_STEP	P_601
P_601	NEXT_STEP	P_602
P_602	NEXT_STEP	P_603
P_602	REQUIRES	T_111
P_603	NEXT_STEP	P_604
P_604	NEXT_STEP	P_605
P_606	NEXT_STEP	P_607
P_607	NEXT_STEP	P_608
P_608	NEXT_STEP	P_609
P_609	NEXT_STEP	P_610
P_609	REQUIRES	T_106
P_609	REQUIRES	T_107
P_611	NEXT_STEP	P_612
P_614	NEXT_STEP	P_615
P_615	REQUIRES	T_105
P_616	NEXT_STEP	P_617
P_616	REQUIRES	T_056
P_618	NEXT_STEP	P_619
P_621	REQUIRES	T_108
P_622	NEXT_STEP	P_623
P_623	NEXT_STEP	P_624
P_625	NEXT_STEP	P_626
P_625	REQUIRES	T_112
P_627	NEXT_STEP	P_628
P_627	REQUIRES	T_022
P_627	REQUIRES	T_062
P_627	REQUIRES	T_113
P_627	REQUIRES	T_114
P_628	NEXT_STEP	P_629
P_630	NEXT_STEP	P_631
P_631	REQUIRES	T_043
P_631	REQUIRES	T_105
P_632	NEXT_STEP	P_633
P_633	NEXT_STEP	P_634
P_634	NEXT_STEP	P_635
P_636	NEXT_STEP	P_637
P_637	NEXT_STEP	P_638
P_639	NEXT_STEP	P_640
P_640	NEXT_STEP	P_641
P_640	REQUIRES	T_109
P_642	NEXT_STEP	P_643
P_643	NEXT_STEP	P_644
P_644	NEXT_STEP	P_645
P_646	NEXT_STEP	P_647
P_647	NEXT_STEP	P_648
P_648	NEXT_STEP	P_649
P_649	NEXT_STEP	P_650
P_650	NEXT_STEP	P_651
P_651	NEXT_STEP	P_652
P_652	NEXT_STEP	P_653
P_653	NEXT_STEP	P_654
P_654	NEXT_STEP	P_655
P_654	REQUIRES	T_115
P_655	NEXT_STEP	P_656
P_656	NEXT_STEP	P_657
P_656	REQUIRES	T_062
P_658	NEXT_STEP	P_659
P_659	NEXT_STEP	P_660
P_661	NEXT_STEP	P_662
P_662	NEXT_STEP	P_663
P_662	REQUIRES	T_105
P_663	REQUIRES	T_105
P_664	NEXT_STEP	P_665
P_665	NEXT_STEP	P_666
P_666	NEXT_STEP	P_667
P_666	REQUIRES	T_110
P_667	REQUIRES	T_110
P_668	REQUIRES	T_109
P_669	NEXT_STEP	P_670
P_670	NEXT_STEP	P_671
P_670	REQUIRES	T_109
P_672	NEXT_STEP	P_673
P_672	REQUIRES	T_093
P_672	REQUIRES	T_116
P_672	REQUIRES	T_117
P_673	NEXT_STEP	P_674
P_674	NEXT_STEP	P_675
P_675	NEXT_STEP	P_676
P_677	NEXT_STEP	P_678
P_678	NEXT_STEP	P_679
P_679	NEXT_STEP	P_680
P_679	REQUIRES	T_100
P_679	REQUIRES	T_113
P_679	REQUIRES	T_118
P_679	REQUIRES	T_119
P_680	NEXT_STEP	P_681
P_680	REQUIRES	T_120
P_682	NEXT_STEP	P_683
P_683	NEXT_STEP	P_684
P_685	NEXT_STEP	P_686
P_685	REQUIRES	T_121
P_686	NEXT_STEP	P_687
P_687	NEXT_STEP	P_688
P_688	NEXT_STEP	P_689
P_688	REQUIRES	T_062
P_688	REQUIRES	T_100
P_688	REQUIRES	T_113
P_688	REQUIRES	T_122
P_691	NEXT_STEP	P_692
P_692	NEXT_STEP	P_693
P_693	NEXT_STEP	P_694
P_693	REQUIRES	T_123
P_693	REQUIRES	T_124
P_694	NEXT_STEP	P_695
P_694	REQUIRES	T_126
P_694	REQUIRES	T_127
P_695	NEXT_STEP	P_696
P_696	NEXT_STEP	P_697
P_697	NEXT_STEP	P_698
P_697	REQUIRES	T_125
P_697	REQUIRES	T_128
P_697	REQUIRES	T_129
P_698	NEXT_STEP	P_699
P_699	NEXT_STEP	P_700
P_700	NEXT_STEP	P_701
P_700	REQUIRES	T_130
P_701	NEXT_STEP	P_702
P_701	REQUIRES	T_131
P_702	NEXT_STEP	P_703
P_702	REQUIRES	T_132
P_704	NEXT_STEP	P_705
P_705	NEXT_STEP	P_706
P_706	NEXT_STEP	P_707
P_707	NEXT_STEP	P_708
P_708	REQUIRES	T_133
P_709	NEXT_STEP	P_710
P_710	NEXT_STEP	P_711
P_712	NEXT_STEP	P_713
P_713	NEXT_STEP	P_714
P_714	NEXT_STEP	P_715
P_715	NEXT_STEP	P_716
P_717	NEXT_STEP	P_718
P_717	REQUIRES	T_134
P_717	REQUIRES	T_135
P_718	NEXT_STEP	P_719
P_719	NEXT_STEP	P_720
P_719	REQUIRES	T_141
P_720	NEXT_STEP	P_721
P_721	NEXT_STEP	P_722
P_722	NEXT_STEP	P_723
P_722	REQUIRES	T_136
P_723	NEXT_STEP	P_724
P_724	NEXT_STEP	P_725
P_725	NEXT_STEP	P_726
P_725	REQUIRES	T_137
P_725	REQUIRES	T_138
P_725	REQUIRES	T_139
P_725	REQUIRES	T_140
P_726	NEXT_STEP	P_727
P_728	NEXT_STEP	P_729
P_729	NEXT_STEP	P_730
P_731	NEXT_STEP	P_732
P_731	REQUIRES	T_065
P_731	REQUIRES	T_121
P_732	NEXT_STEP	P_733
P_733	NEXT_STEP	P_734
P_733	REQUIRES	T_018
P_734	NEXT_STEP	P_735
P_734	REQUIRES	T_144
P_735	NEXT_STEP	P_736
P_736	NEXT_STEP	P_737
P_736	REQUIRES	T_143
P_737	NEXT_STEP	P_738
P_737	REQUIRES	T_139
P_739	NEXT_STEP	P_740
P_740	NEXT_STEP	P_741
P_741	REQUIRES	T_139
P_742	NEXT_STEP	P_743
P_743	NEXT_STEP	P_744
P_745	NEXT_STEP	P_746
P_747	NEXT_STEP	P_748
P_747	REQUIRES	T_142
P_748	NEXT_STEP	P_749
P_749	NEXT_STEP	P_750
P_750	NEXT_STEP	P_751
P_752	REQUIRES	T_145
P_753	NEXT_STEP	P_754
P_754	NEXT_STEP	P_755
P_755	NEXT_STEP	P_756
P_756	NEXT_STEP	P_757
P_756	REQUIRES	T_018
P_757	REQUIRES	T_146
P_757	REQUIRES	T_147
P_757	REQUIRES	T_148
P_757	REQUIRES	T_149
P_759	NEXT_STEP	P_760
P_761	NEXT_STEP	P_762
P_762	NEXT_STEP	P_763
P_763	NEXT_STEP	P_764
P_766	NEXT_STEP	P_767
P_767	NEXT_STEP	P_768
P_768	NEXT_STEP	P_769
P_769	REQUIRES	T_150
P_771	NEXT_STEP	P_772
P_771	REQUIRES	T_123
P_771	REQUIRES	T_124
P_773	NEXT_STEP	P_774
P_774	NEXT_STEP	P_775
P_775	NEXT_STEP	P_776
P_776	NEXT_STEP	P_777
P_777	REQUIRES	T_151
P_779	NEXT_STEP	P_780
P_780	NEXT_STEP	P_781
P_781	NEXT_STEP	P_782
P_781	REQUIRES	T_152
P_782	REQUIRES	T_152
P_783	NEXT_STEP	P_784
P_784	NEXT_STEP	P_785
P_785	NEXT_STEP	P_786
P_786	REQUIRES	T_153
P_786	REQUIRES	T_154
P_786	REQUIRES	T_155
P_787	NEXT_STEP	P_788
P_788	NEXT_STEP	P_789
P_791	NEXT_STEP	P_792
P_792	NEXT_STEP	P_793
P_793	NEXT_STEP	P_794
P_794	NEXT_STEP	P_795
P_794	REQUIRES	T_156
P_794	REQUIRES	T_157
P_795	REQUIRES	T_158
P_796	NEXT_STEP	P_797
P_797	REQUIRES	T_159
P_798	NEXT_STEP	P_799
P_799	NEXT_STEP	P_800
P_800	NEXT_STEP	P_801
P_801	NEXT_STEP	P_802
P_802	NEXT_STEP	P_803
P_803	NEXT_STEP	P_804
P_803	REQUIRES	T_015
P_803	REQUIRES	T_160
P_804	REQUIRES	T_161
P_805	NEXT_STEP	P_806
P_805	REQUIRES	T_162
P_805	REQUIRES	T_163
P_806	NEXT_STEP	P_807
P_807	NEXT_STEP	P_808
P_807	REQUIRES	T_164
P_808	NEXT_STEP	P_809
P_810	NEXT_STEP	P_811
P_811	NEXT_STEP	P_812
P_811	REQUIRES	T_043
P_812	NEXT_STEP	P_813
P_813	REQUIRES	T_056
P_814	NEXT_STEP	P_815
P_815	NEXT_STEP	P_816
P_816	REQUIRES	T_097
P_817	NEXT_STEP	P_818
P_818	NEXT_STEP	P_819
P_819	REQUIRES	T_165
P_820	REQUIRES	T_166
P_821	NEXT_STEP	P_822
P_821	REQUIRES	T_166
P_821	REQUIRES	T_167
P_822	NEXT_STEP	P_823
P_822	REQUIRES	T_168
P_823	NEXT_STEP	P_824
P_823	REQUIRES	T_169
P_824	NEXT_STEP	P_825
P_826	NEXT_STEP	P_827
P_826	REQUIRES	T_171
P_827	NEXT_STEP	P_828
P_827	REQUIRES	T_170
P_828	NEXT_STEP	P_829
P_830	NEXT_STEP	P_831
P_831	NEXT_STEP	P_832
P_833	NEXT_STEP	P_834
P_834	NEXT_STEP	P_835
P_835	NEXT_STEP	P_836
P_836	NEXT_STEP	P_837
P_837	NEXT_STEP	P_838
P_838	NEXT_STEP	P_839
P_839	NEXT_STEP	P_840
P_841	NEXT_STEP	P_842
P_842	NEXT_STEP	P_843
P_844	NEXT_STEP	P_845
P_844	REQUIRES	T_177
P_846	NEXT_STEP	P_847
P_847	NEXT_STEP	P_848
P_848	NEXT_STEP	P_849
P_849	NEXT_STEP	P_850
P_849	REQUIRES	T_043
P_850	NEXT_STEP	P_851
P_851	NEXT_STEP	P_852
P_852	NEXT_STEP	P_853
P_852	REQUIRES	T_176
P_853	NEXT_STEP	P_854
P_853	REQUIRES	T_175
P_854	NEXT_STEP	P_855
P_855	NEXT_STEP	P_856
P_855	REQUIRES	T_176
P_856	NEXT_STEP	P_857
P_857	NEXT_STEP	P_858
P_857	REQUIRES	T_173
P_858	NEXT_STEP	P_859
P_858	REQUIRES	T_174
P_859	REQUIRES	T_172
P_860	NEXT_STEP	P_861
P_861	NEXT_STEP	P_862
P_861	REQUIRES	T_150
P_862	NEXT_STEP	P_863
P_863	NEXT_STEP	P_864
P_864	NEXT_STEP	P_865
P_866	NEXT_STEP	P_867
P_867	NEXT_STEP	P_868
P_868	NEXT_STEP	P_869
P_869	NEXT_STEP	P_870
P_870	NEXT_STEP	P_871
P_871	NEXT_STEP	P_872
P_873	NEXT_STEP	P_874
P_874	NEXT_STEP	P_875
P_875	NEXT_STEP	P_876
P_876	NEXT_STEP	P_877
P_877	NEXT_STEP	P_878
P_879	NEXT_STEP	P_880
P_880	NEXT_STEP	P_881
P_881	NEXT_STEP	P_882
P_882	NEXT_STEP	P_883
P_884	NEXT_STEP	P_885
P_885	NEXT_STEP	P_886
P_886	NEXT_STEP	P_887
P_889	NEXT_STEP	P_890
P_890	NEXT_STEP	P_891
P_891	NEXT_STEP	P_892
P_892	NEXT_STEP	P_893
P_893	NEXT_STEP	P_894
P_895	NEXT_STEP	P_896
P_896	NEXT_STEP	P_897
P_897	NEXT_STEP	P_898
P_898	NEXT_STEP	P_899
P_900	NEXT_STEP	P_901
P_901	NEXT_STEP	P_902
P_902	NEXT_STEP	P_903
P_903	NEXT_STEP	P_904
P_906	NEXT_STEP	P_907
P_907	NEXT_STEP	P_908
P_909	NEXT_STEP	P_910
P_911	NEXT_STEP	P_912
P_911	REQUIRES	T_150
P_912	NEXT_STEP	P_913
P_912	REQUIRES	T_150
P_913	NEXT_STEP	P_914
P_913	REQUIRES	T_043
P_914	REQUIRES	T_043
P_915	NEXT_STEP	P_916
P_916	NEXT_STEP	P_917
P_917	NEXT_STEP	P_918
P_918	NEXT_STEP	P_919
P_920	NEXT_STEP	P_921
P_922	NEXT_STEP	P_923
P_923	NEXT_STEP	P_924
P_924	NEXT_STEP	P_925
P_925	NEXT_STEP	P_926
P_926	NEXT_STEP	P_927
P_927	NEXT_STEP	P_928
P_928	NEXT_STEP	P_929
P_929	NEXT_STEP	P_930
P_930	NEXT_STEP	P_931
P_933	NEXT_STEP	P_934
P_934	NEXT_STEP	P_935
P_936	NEXT_STEP	P_937
P_937	NEXT_STEP	P_938
P_939	NEXT_STEP	P_940
P_940	NEXT_STEP	P_941
P_941	NEXT_STEP	P_942
P_942	NEXT_STEP	P_943
P_945	NEXT_STEP	P_946
P_946	NEXT_STEP	P_947
P_947	NEXT_STEP	P_948
P_947	REQUIRES	T_043
P_948	NEXT_STEP	P_949
P_948	REQUIRES	T_178
P_949	NEXT_STEP	P_950
P_950	NEXT_STEP	P_951
P_951	NEXT_STEP	P_952
P_951	REQUIRES	T_178
P_951	REQUIRES	T_179
P_953	NEXT_STEP	P_954
P_954	NEXT_STEP	P_955
P_956	NEXT_STEP	P_957
P_957	NEXT_STEP	P_958
P_958	NEXT_STEP	P_959
P_961	NEXT_STEP	P_962
P_961	REQUIRES	T_180
P_962	REQUIRES	T_181
P_963	NEXT_STEP	P_964
P_964	REQUIRES	T_182
P_965	NEXT_STEP	P_966
P_966	NEXT_STEP	P_967
P_966	REQUIRES	T_150
P_967	REQUIRES	T_043
P_968	REQUIRES	T_150
P_969	NEXT_STEP	P_970
P_970	NEXT_STEP	P_971
P_971	NEXT_STEP	P_972
P_972	NEXT_STEP	P_973
P_973	NEXT_STEP	P_974
P_974	NEXT_STEP	P_975
P_975	NEXT_STEP	P_976
P_976	NEXT_STEP	P_977
P_977	NEXT_STEP	P_978
P_980	NEXT_STEP	P_981
P_980	REQUIRES	T_183
P_981	NEXT_STEP	P_982
P_982	NEXT_STEP	P_983
P_983	NEXT_STEP	P_984
P_984	NEXT_STEP	P_985
P_986	NEXT_STEP	P_987
P_987	NEXT_STEP	P_988
P_989	NEXT_STEP	P_990
P_990	NEXT_STEP	P_991
P_991	NEXT_STEP	P_992
P_993	NEXT_STEP	P_994
P_994	NEXT_STEP	P_995
P_995	NEXT_STEP	P_996
P_996	NEXT_STEP	P_997
P_997	NEXT_STEP	P_998
P_999	NEXT_STEP	P_1000
SY_001	INDICATES	F_068
SY_001	INDICATES	F_069
SY_001	INDICATES	F_072
SY_001	INDICATES	F_073
SY_001	INDICATES	F_074
SY_001	INDICATES	F_075
SY_001	INDICATES	F_1146
SY_002	INDICATES	F_068
SY_003	INDICATES	F_071
SY_003	INDICATES	F_078
SY_003	INDICATES	F_080
SY_004	INDICATES	F_063
SY_005	INDICATES	F_079
SY_005	INDICATES	F_086
SY_005	INDICATES	F_1141
SY_006	INDICATES	F_064
SY_006	INDICATES	F_070
SY_006	INDICATES	F_071
SY_006	INDICATES	F_077
SY_006	INDICATES	F_078
SY_006	INDICATES	F_1139
SY_007	INDICATES	F_065
SY_007	INDICATES	F_066
SY_007	INDICATES	F_067
SY_007	INDICATES	F_081
SY_008	INDICATES	F_063
SY_008	INDICATES	F_082
SY_008	INDICATES	F_084
SY_009	INDICATES	F_1140
SY_010	INDICATES	F_1139
SY_011	INDICATES	F_1143
SY_011	INDICATES	F_1145
SY_011	INDICATES	F_1146
SY_012	INDICATES	F_1141
S_001	APPLIES_UNDER	CR_001
S_001	HAS_DISPOSITION	DR_003
S_002	APPLIES_UNDER	CR_891
S_002	HAS_DISPOSITION	DR_004
S_002	HAS_DISPOSITION	DR_005
S_003	APPLIES_UNDER	CR_003
S_003	HAS_DISPOSITION	DR_015
S_003	HAS_DISPOSITION	DR_105
S_004	APPLIES_UNDER	CR_004
S_004	HAS_DISPOSITION	DR_105
S_005	APPLIES_UNDER	CR_005
S_006	APPLIES_UNDER	CR_006
S_006	HAS_DISPOSITION	DR_006
S_007	APPLIES_UNDER	CR_008
S_007	HAS_DISPOSITION	DR_007
S_008	APPLIES_UNDER	CR_007
S_008	HAS_DISPOSITION	DR_008
S_008	HAS_DISPOSITION	DR_105
S_009	APPLIES_UNDER	CR_009
S_009	HAS_DISPOSITION	DR_009
S_009	HAS_DISPOSITION	DR_010
S_010	APPLIES_UNDER	CR_010
S_010	HAS_DISPOSITION	DR_013
S_011	APPLIES_UNDER	CR_011
S_011	APPLIES_UNDER	CR_012
S_012	APPLIES_UNDER	CR_013
S_012	HAS_DISPOSITION	DR_014
S_014	HAS_DISPOSITION	DR_020
S_015	HAS_DISPOSITION	DR_021
S_016	APPLIES_UNDER	CR_016
S_020	APPLIES_UNDER	CR_017
S_021	APPLIES_UNDER	CR_018
S_023	HAS_DISPOSITION	DR_023
S_024	HAS_DISPOSITION	DR_023
S_025	HAS_DISPOSITION	DR_023
S_026	HAS_DISPOSITION	DR_023
S_027	HAS_DISPOSITION	DR_024
S_028	APPLIES_UNDER	CR_019
S_028	HAS_DISPOSITION	DR_024
S_029	HAS_DISPOSITION	DR_024
S_030	APPLIES_UNDER	CR_020
S_030	APPLIES_UNDER	CR_021
S_030	HAS_DISPOSITION	DR_024
S_032	HAS_DISPOSITION	DR_025
S_034	HAS_DISPOSITION	DR_026
S_035	HAS_DISPOSITION	DR_026
S_037	HAS_DISPOSITION	DR_027
S_040	HAS_DISPOSITION	DR_027
S_041	HAS_DISPOSITION	DR_027
S_043	APPLIES_UNDER	CR_026
S_043	HAS_DISPOSITION	DR_028
S_043	HAS_DISPOSITION	DR_029
S_044	HAS_DISPOSITION	DR_029
S_045	HAS_DISPOSITION	DR_028
S_046	HAS_DISPOSITION	DR_030
S_047	HAS_DISPOSITION	DR_031
S_048	HAS_DISPOSITION	DR_033
S_049	HAS_DISPOSITION	DR_033
S_051	APPLIES_UNDER	CR_027
S_052	HAS_DISPOSITION	DR_033
S_053	HAS_DISPOSITION	DR_033
S_054	APPLIES_UNDER	CR_028
S_054	HAS_DISPOSITION	DR_033
S_057	HAS_DISPOSITION	DR_035
S_058	HAS_DISPOSITION	DR_035
S_059	APPLIES_UNDER	CR_029
S_060	HAS_DISPOSITION	DR_036
S_061	HAS_DISPOSITION	DR_036
S_062	HAS_DISPOSITION	DR_036
S_063	HAS_DISPOSITION	DR_036
S_065	HAS_DISPOSITION	DR_036
S_066	HAS_DISPOSITION	DR_036
S_071	HAS_DISPOSITION	DR_037
S_072	HAS_DISPOSITION	DR_037
S_073	HAS_DISPOSITION	DR_037
S_074	APPLIES_UNDER	CR_025
S_074	HAS_DISPOSITION	DR_037
S_075	HAS_DISPOSITION	DR_037
S_077	HAS_DISPOSITION	DR_037
S_078	APPLIES_UNDER	CR_031
S_078	HAS_DISPOSITION	DR_044
S_079	APPLIES_UNDER	CR_032
S_080	APPLIES_UNDER	CR_033
S_081	APPLIES_UNDER	CR_034
S_081	HAS_DISPOSITION	DR_044
S_082	HAS_DISPOSITION	DR_044
S_083	APPLIES_UNDER	CR_036
S_086	HAS_DISPOSITION	DR_044
S_087	HAS_DISPOSITION	DR_044
S_091	HAS_DISPOSITION	DR_044
S_094	HAS_DISPOSITION	DR_044
S_095	HAS_DISPOSITION	DR_044
S_096	APPLIES_UNDER	CR_035
S_097	HAS_DISPOSITION	DR_044
S_098	HAS_DISPOSITION	DR_044
S_099	HAS_DISPOSITION	DR_044
S_100	HAS_DISPOSITION	DR_049
S_1000	APPLIES_UNDER	CR_629
S_1000	HAS_DISPOSITION	DR_650
S_1001	APPLIES_UNDER	CR_630
S_1001	HAS_DISPOSITION	DR_651
S_1002	APPLIES_UNDER	CR_631
S_1002	HAS_DISPOSITION	DR_652
S_1003	APPLIES_UNDER	CR_632
S_1003	HAS_DISPOSITION	DR_653
S_1004	APPLIES_UNDER	CR_633
S_1004	HAS_DISPOSITION	DR_654
S_1005	APPLIES_UNDER	CR_634
S_1005	HAS_DISPOSITION	DR_655
S_1006	APPLIES_UNDER	CR_635
S_1006	HAS_DISPOSITION	DR_656
S_1007	APPLIES_UNDER	CR_636
S_1007	HAS_DISPOSITION	DR_657
S_1008	APPLIES_UNDER	CR_637
S_1008	HAS_DISPOSITION	DR_658
S_1009	APPLIES_UNDER	CR_638
S_1009	HAS_DISPOSITION	DR_659
S_1010	APPLIES_UNDER	CR_639
S_1010	HAS_DISPOSITION	DR_660
S_1011	APPLIES_UNDER	CR_640
S_1011	HAS_DISPOSITION	DR_661
S_1012	APPLIES_UNDER	CR_641
S_1012	HAS_DISPOSITION	DR_662
S_1013	APPLIES_UNDER	CR_642
S_1013	HAS_DISPOSITION	DR_663
S_1014	APPLIES_UNDER	CR_643
S_1014	HAS_DISPOSITION	DR_664
S_1015	APPLIES_UNDER	CR_644
S_1015	HAS_DISPOSITION	DR_665
S_1016	APPLIES_UNDER	CR_645
S_1016	HAS_DISPOSITION	DR_666
S_1017	APPLIES_UNDER	CR_646
S_1017	HAS_DISPOSITION	DR_667
S_1018	APPLIES_UNDER	CR_647
S_1018	HAS_DISPOSITION	DR_668
S_1019	APPLIES_UNDER	CR_648
S_1019	HAS_DISPOSITION	DR_669
S_1020	APPLIES_UNDER	CR_649
S_1020	HAS_DISPOSITION	DR_670
S_1021	APPLIES_UNDER	CR_650
S_1021	HAS_DISPOSITION	DR_671
S_1022	APPLIES_UNDER	CR_651
S_1022	HAS_DISPOSITION	DR_672
S_1023	APPLIES_UNDER	CR_652
S_1023	HAS_DISPOSITION	DR_673
S_1024	APPLIES_UNDER	CR_653
S_1024	HAS_DISPOSITION	DR_674
S_1025	APPLIES_UNDER	CR_654
S_1025	HAS_DISPOSITION	DR_675
S_1026	APPLIES_UNDER	CR_655
S_1026	HAS_DISPOSITION	DR_676
S_1027	APPLIES_UNDER	CR_656
S_1027	HAS_DISPOSITION	DR_677
S_1028	APPLIES_UNDER	CR_657
S_1028	HAS_DISPOSITION	DR_678
S_1029	APPLIES_UNDER	CR_658
S_1029	HAS_DISPOSITION	DR_679
S_103	APPLIES_UNDER	CR_037
S_1030	APPLIES_UNDER	CR_659
S_1030	HAS_DISPOSITION	DR_680
S_1031	APPLIES_UNDER	CR_660
S_1031	HAS_DISPOSITION	DR_681
S_1032	APPLIES_UNDER	CR_661
S_1032	HAS_DISPOSITION	DR_682
S_1033	APPLIES_UNDER	CR_662
S_1033	HAS_DISPOSITION	DR_683
S_1034	APPLIES_UNDER	CR_663
S_1034	HAS_DISPOSITION	DR_684
S_1035	APPLIES_UNDER	CR_664
S_1035	HAS_DISPOSITION	DR_685
S_1036	APPLIES_UNDER	CR_665
S_1036	HAS_DISPOSITION	DR_686
S_1037	APPLIES_UNDER	CR_666
S_1037	HAS_DISPOSITION	DR_687
S_1038	APPLIES_UNDER	CR_667
S_1038	HAS_DISPOSITION	DR_688
S_1039	APPLIES_UNDER	CR_668
S_1039	HAS_DISPOSITION	DR_689
S_104	APPLIES_UNDER	CR_038
S_104	HAS_DISPOSITION	DR_050
S_1040	APPLIES_UNDER	CR_669
S_1040	HAS_DISPOSITION	DR_690
S_1041	APPLIES_UNDER	CR_670
S_1041	HAS_DISPOSITION	DR_691
S_1042	APPLIES_UNDER	CR_671
S_1042	HAS_DISPOSITION	DR_692
S_1043	APPLIES_UNDER	CR_672
S_1043	HAS_DISPOSITION	DR_693
S_1044	APPLIES_UNDER	CR_673
S_1044	HAS_DISPOSITION	DR_694
S_1045	APPLIES_UNDER	CR_674
S_1045	HAS_DISPOSITION	DR_695
S_1046	APPLIES_UNDER	CR_675
S_1046	HAS_DISPOSITION	DR_696
S_1047	APPLIES_UNDER	CR_676
S_1047	HAS_DISPOSITION	DR_697
S_1048	APPLIES_UNDER	CR_677
S_1048	HAS_DISPOSITION	DR_698
S_1049	APPLIES_UNDER	CR_678
S_1049	HAS_DISPOSITION	DR_699
S_1050	APPLIES_UNDER	CR_679
S_1050	HAS_DISPOSITION	DR_700
S_1051	APPLIES_UNDER	CR_680
S_1051	HAS_DISPOSITION	DR_701
S_1052	APPLIES_UNDER	CR_681
S_1052	HAS_DISPOSITION	DR_702
S_1053	APPLIES_UNDER	CR_682
S_1053	HAS_DISPOSITION	DR_703
S_1054	APPLIES_UNDER	CR_683
S_1054	HAS_DISPOSITION	DR_704
S_1055	APPLIES_UNDER	CR_684
S_1055	HAS_DISPOSITION	DR_705
S_1056	APPLIES_UNDER	CR_685
S_1056	HAS_DISPOSITION	DR_706
S_1057	APPLIES_UNDER	CR_686
S_1057	HAS_DISPOSITION	DR_707
S_1059	APPLIES_UNDER	CR_688
S_1059	HAS_DISPOSITION	DR_709
S_1061	APPLIES_UNDER	CR_690
S_1061	HAS_DISPOSITION	DR_711
S_1063	APPLIES_UNDER	CR_692
S_1063	HAS_DISPOSITION	DR_713
S_1064	APPLIES_UNDER	CR_693
S_1064	HAS_DISPOSITION	DR_714
S_109	APPLIES_UNDER	CR_040
S_109	HAS_DISPOSITION	DR_048
S_110	HAS_DISPOSITION	DR_051
S_111	APPLIES_UNDER	CR_044
S_111	HAS_DISPOSITION	DR_052
S_1118	APPLIES_UNDER	CR_747
S_1118	HAS_DISPOSITION	DR_768
S_1119	APPLIES_UNDER	CR_748
S_1119	HAS_DISPOSITION	DR_769
S_1120	APPLIES_UNDER	CR_749
S_1120	HAS_DISPOSITION	DR_770
S_1121	APPLIES_UNDER	CR_750
S_1121	HAS_DISPOSITION	DR_771
S_1122	APPLIES_UNDER	CR_751
S_1122	HAS_DISPOSITION	DR_772
S_1123	APPLIES_UNDER	CR_752
S_1123	HAS_DISPOSITION	DR_773
S_1124	APPLIES_UNDER	CR_892
S_1124	HAS_DISPOSITION	DR_774
S_1125	APPLIES_UNDER	CR_893
S_1125	HAS_DISPOSITION	DR_775
S_1126	APPLIES_UNDER	CR_900
S_1127	APPLIES_UNDER	CR_901
S_1128	APPLIES_UNDER	CR_902
S_1128	HAS_DISPOSITION	DR_786
S_1129	APPLIES_UNDER	CR_903
S_1129	HAS_DISPOSITION	DR_786
S_1130	APPLIES_UNDER	CR_904
S_1130	HAS_DISPOSITION	DR_782
S_1131	APPLIES_UNDER	CR_899
S_1131	HAS_DISPOSITION	DR_780
S_1132	APPLIES_UNDER	CR_905
S_1132	HAS_DISPOSITION	DR_781
S_1133	APPLIES_UNDER	CR_894
S_1133	HAS_DISPOSITION	DR_776
S_1134	APPLIES_UNDER	CR_895
S_1134	HAS_DISPOSITION	DR_777
S_1135	APPLIES_UNDER	CR_896
S_1135	HAS_DISPOSITION	DR_777
S_1136	APPLIES_UNDER	CR_897
S_1136	HAS_DISPOSITION	DR_778
S_1137	APPLIES_UNDER	CR_898
S_1137	HAS_DISPOSITION	DR_779
S_1138	APPLIES_UNDER	CR_906
S_1138	HAS_DISPOSITION	DR_783
S_1139	APPLIES_UNDER	CR_907
S_1139	HAS_DISPOSITION	DR_784
S_1140	APPLIES_UNDER	CR_908
S_1140	HAS_DISPOSITION	DR_785
S_1141	APPLIES_UNDER	CR_909
S_1141	HAS_DISPOSITION	DR_787
S_1142	APPLIES_UNDER	CR_910
S_1142	HAS_DISPOSITION	DR_788
S_1143	APPLIES_UNDER	CR_911
S_1143	HAS_DISPOSITION	DR_789
S_1144	APPLIES_UNDER	CR_912
S_1144	HAS_DISPOSITION	DR_790
S_1145	APPLIES_UNDER	CR_913
S_1145	HAS_DISPOSITION	DR_791
S_1146	APPLIES_UNDER	CR_914
S_1146	HAS_DISPOSITION	DR_792
S_1147	APPLIES_UNDER	CR_915
S_1147	HAS_DISPOSITION	DR_793
S_1148	APPLIES_UNDER	CR_916
S_1148	HAS_DISPOSITION	DR_794
S_1149	APPLIES_UNDER	CR_917
S_1149	HAS_DISPOSITION	DR_795
S_1150	APPLIES_UNDER	CR_918
S_1150	HAS_DISPOSITION	DR_796
S_1151	APPLIES_UNDER	CR_919
S_1151	HAS_DISPOSITION	DR_797
S_1152	APPLIES_UNDER	CR_920
S_1152	HAS_DISPOSITION	DR_798
S_1153	APPLIES_UNDER	CR_921
S_1153	HAS_DISPOSITION	DR_799
S_1154	APPLIES_UNDER	CR_922
S_1154	HAS_DISPOSITION	DR_800
S_1155	APPLIES_UNDER	CR_923
S_1155	HAS_DISPOSITION	DR_801
S_1156	APPLIES_UNDER	CR_924
S_1156	HAS_DISPOSITION	DR_802
S_1157	APPLIES_UNDER	CR_925
S_1157	HAS_DISPOSITION	DR_803
S_1158	APPLIES_UNDER	CR_926
S_1158	HAS_DISPOSITION	DR_804
S_1159	APPLIES_UNDER	CR_927
S_1159	HAS_DISPOSITION	DR_805
S_1160	APPLIES_UNDER	CR_928
S_1160	HAS_DISPOSITION	DR_806
S_1161	APPLIES_UNDER	CR_929
S_1161	HAS_DISPOSITION	DR_807
S_1162	APPLIES_UNDER	CR_930
S_1162	HAS_DISPOSITION	DR_808
S_1163	APPLIES_UNDER	CR_931
S_1163	HAS_DISPOSITION	DR_809
S_1164	APPLIES_UNDER	CR_932
S_1164	HAS_DISPOSITION	DR_810
S_1165	APPLIES_UNDER	CR_933
S_1165	HAS_DISPOSITION	DR_811
S_1166	APPLIES_UNDER	CR_934
S_1166	HAS_DISPOSITION	DR_812
S_1167	APPLIES_UNDER	CR_935
S_1167	HAS_DISPOSITION	DR_813
S_1168	APPLIES_UNDER	CR_936
S_1168	HAS_DISPOSITION	DR_814
S_1169	APPLIES_UNDER	CR_937
S_1169	HAS_DISPOSITION	DR_815
S_117	APPLIES_UNDER	CR_042
S_117	APPLIES_UNDER	CR_043
S_1170	APPLIES_UNDER	CR_938
S_1170	HAS_DISPOSITION	DR_816
S_1171	APPLIES_UNDER	CR_939
S_1171	HAS_DISPOSITION	DR_817
S_1172	APPLIES_UNDER	CR_940
S_1172	HAS_DISPOSITION	DR_818
S_1173	APPLIES_UNDER	CR_941
S_1173	HAS_DISPOSITION	DR_819
S_1174	APPLIES_UNDER	CR_942
S_1174	HAS_DISPOSITION	DR_820
S_1175	APPLIES_UNDER	CR_943
S_1175	HAS_DISPOSITION	DR_821
S_1176	APPLIES_UNDER	CR_944
S_1176	HAS_DISPOSITION	DR_822
S_1177	APPLIES_UNDER	CR_945
S_1177	HAS_DISPOSITION	DR_823
S_1178	APPLIES_UNDER	CR_946
S_1178	HAS_DISPOSITION	DR_824
S_1179	APPLIES_UNDER	CR_947
S_1179	HAS_DISPOSITION	DR_825
S_118	APPLIES_UNDER	CR_045
S_118	HAS_DISPOSITION	DR_053
S_1180	APPLIES_UNDER	CR_948
S_1180	HAS_DISPOSITION	DR_826
S_1181	APPLIES_UNDER	CR_949
S_1181	HAS_DISPOSITION	DR_827
S_1182	APPLIES_UNDER	CR_950
S_1182	HAS_DISPOSITION	DR_828
S_1183	APPLIES_UNDER	CR_951
S_1183	HAS_DISPOSITION	DR_829
S_1184	APPLIES_UNDER	CR_952
S_1184	HAS_DISPOSITION	DR_830
S_1185	APPLIES_UNDER	CR_953
S_1185	HAS_DISPOSITION	DR_831
S_1186	APPLIES_UNDER	CR_954
S_1186	HAS_DISPOSITION	DR_832
S_1187	APPLIES_UNDER	CR_955
S_1187	HAS_DISPOSITION	DR_833
S_1188	APPLIES_UNDER	CR_956
S_1188	HAS_DISPOSITION	DR_834
S_1189	APPLIES_UNDER	CR_957
S_1189	HAS_DISPOSITION	DR_835
S_1190	APPLIES_UNDER	CR_958
S_1190	HAS_DISPOSITION	DR_836
S_1191	APPLIES_UNDER	CR_959
S_1191	HAS_DISPOSITION	DR_837
S_1192	APPLIES_UNDER	CR_960
S_1192	HAS_DISPOSITION	DR_838
S_1193	APPLIES_UNDER	CR_961
S_1193	HAS_DISPOSITION	DR_839
S_1194	APPLIES_UNDER	CR_962
S_1194	HAS_DISPOSITION	DR_840
S_1195	APPLIES_UNDER	CR_963
S_1195	HAS_DISPOSITION	DR_841
S_1196	APPLIES_UNDER	CR_964
S_1196	HAS_DISPOSITION	DR_842
S_1197	APPLIES_UNDER	CR_965
S_1197	HAS_DISPOSITION	DR_843
S_1198	APPLIES_UNDER	CR_966
S_1198	HAS_DISPOSITION	DR_843
S_1199	APPLIES_UNDER	CR_967
S_1199	HAS_DISPOSITION	DR_843
S_120	HAS_DISPOSITION	DR_054
S_1200	APPLIES_UNDER	CR_968
S_1200	HAS_DISPOSITION	DR_844
S_1201	APPLIES_UNDER	CR_969
S_1201	HAS_DISPOSITION	DR_845
S_1202	APPLIES_UNDER	CR_970
S_1202	HAS_DISPOSITION	DR_846
S_1203	APPLIES_UNDER	CR_971
S_1203	APPLIES_UNDER	CR_972
S_1203	HAS_DISPOSITION	DR_847
S_1204	APPLIES_UNDER	CR_973
S_1204	APPLIES_UNDER	CR_974
S_1204	HAS_DISPOSITION	DR_848
S_1205	APPLIES_UNDER	CR_975
S_1205	HAS_DISPOSITION	DR_849
S_1206	APPLIES_UNDER	CR_976
S_1206	HAS_DISPOSITION	DR_850
S_1207	APPLIES_UNDER	CR_977
S_1207	HAS_DISPOSITION	DR_851
S_1208	APPLIES_UNDER	CR_978
S_1208	HAS_DISPOSITION	DR_852
S_1209	APPLIES_UNDER	CR_979
S_1209	HAS_DISPOSITION	DR_853
S_1210	APPLIES_UNDER	CR_980
S_1210	HAS_DISPOSITION	DR_854
S_1211	APPLIES_UNDER	CR_981
S_1211	HAS_DISPOSITION	DR_855
S_1212	APPLIES_UNDER	CR_982
S_1212	HAS_DISPOSITION	DR_856
S_1213	APPLIES_UNDER	CR_983
S_1213	HAS_DISPOSITION	DR_857
S_1214	APPLIES_UNDER	CR_984
S_1214	HAS_DISPOSITION	DR_858
S_1215	APPLIES_UNDER	CR_985
S_1215	HAS_DISPOSITION	DR_859
S_1216	APPLIES_UNDER	CR_986
S_1216	HAS_DISPOSITION	DR_860
S_1217	APPLIES_UNDER	CR_987
S_1217	HAS_DISPOSITION	DR_861
S_1218	APPLIES_UNDER	CR_988
S_1218	HAS_DISPOSITION	DR_862
S_1219	APPLIES_UNDER	CR_989
S_1219	HAS_DISPOSITION	DR_863
S_122	HAS_DISPOSITION	DR_056
S_1220	APPLIES_UNDER	CR_990
S_1220	HAS_DISPOSITION	DR_864
S_1221	APPLIES_UNDER	CR_991
S_1221	HAS_DISPOSITION	DR_865
S_1222	APPLIES_UNDER	CR_992
S_1222	HAS_DISPOSITION	DR_866
S_1223	APPLIES_UNDER	CR_993
S_1223	HAS_DISPOSITION	DR_867
S_1224	APPLIES_UNDER	CR_994
S_1224	HAS_DISPOSITION	DR_868
S_1225	APPLIES_UNDER	CR_995
S_1225	HAS_DISPOSITION	DR_869
S_1226	APPLIES_UNDER	CR_996
S_1226	HAS_DISPOSITION	DR_870
S_1227	APPLIES_UNDER	CR_997
S_1227	HAS_DISPOSITION	DR_871
S_1228	APPLIES_UNDER	CR_998
S_1228	HAS_DISPOSITION	DR_872
S_1229	APPLIES_UNDER	CR_999
S_1229	HAS_DISPOSITION	DR_873
S_1230	APPLIES_UNDER	CR_1000
S_1230	HAS_DISPOSITION	DR_874
S_1231	APPLIES_UNDER	CR_1001
S_1231	HAS_DISPOSITION	DR_875
S_1232	APPLIES_UNDER	CR_1002
S_1232	HAS_DISPOSITION	DR_876
S_1233	APPLIES_UNDER	CR_1003
S_1233	HAS_DISPOSITION	DR_877
S_1234	APPLIES_UNDER	CR_1004
S_1234	HAS_DISPOSITION	DR_878
S_1235	APPLIES_UNDER	CR_1005
S_1235	HAS_DISPOSITION	DR_879
S_1236	APPLIES_UNDER	CR_1006
S_1236	HAS_DISPOSITION	DR_880
S_1237	APPLIES_UNDER	CR_1007
S_1237	HAS_DISPOSITION	DR_881
S_1238	APPLIES_UNDER	CR_1008
S_1238	HAS_DISPOSITION	DR_882
S_1239	APPLIES_UNDER	CR_1009
S_1239	HAS_DISPOSITION	DR_883
S_124	APPLIES_UNDER	CR_047
S_1240	APPLIES_UNDER	CR_1010
S_1240	HAS_DISPOSITION	DR_884
S_1241	APPLIES_UNDER	CR_1011
S_1241	HAS_DISPOSITION	DR_885
S_1242	APPLIES_UNDER	CR_1012
S_1242	HAS_DISPOSITION	DR_886
S_1243	APPLIES_UNDER	CR_1013
S_1243	HAS_DISPOSITION	DR_887
S_1244	APPLIES_UNDER	CR_1014
S_1244	HAS_DISPOSITION	DR_888
S_1245	APPLIES_UNDER	CR_1015
S_1245	HAS_DISPOSITION	DR_889
S_1246	APPLIES_UNDER	CR_1016
S_1246	HAS_DISPOSITION	DR_890
S_1247	APPLIES_UNDER	CR_1017
S_1247	HAS_DISPOSITION	DR_891
S_1248	APPLIES_UNDER	CR_1018
S_1248	HAS_DISPOSITION	DR_892
S_1249	APPLIES_UNDER	CR_1019
S_1249	HAS_DISPOSITION	DR_893
S_125	APPLIES_UNDER	CR_048
S_125	HAS_DISPOSITION	DR_057
S_1250	APPLIES_UNDER	CR_1020
S_1250	HAS_DISPOSITION	DR_894
S_1251	APPLIES_UNDER	CR_1021
S_1251	HAS_DISPOSITION	DR_895
S_1252	APPLIES_UNDER	CR_1022
S_1252	HAS_DISPOSITION	DR_896
S_1253	APPLIES_UNDER	CR_1023
S_1253	HAS_DISPOSITION	DR_897
S_1254	APPLIES_UNDER	CR_1024
S_1254	HAS_DISPOSITION	DR_898
S_1255	APPLIES_UNDER	CR_1025
S_1255	HAS_DISPOSITION	DR_899
S_1256	APPLIES_UNDER	CR_1026
S_1256	HAS_DISPOSITION	DR_900
S_1257	APPLIES_UNDER	CR_1027
S_1257	HAS_DISPOSITION	DR_901
S_1258	APPLIES_UNDER	CR_1028
S_1258	HAS_DISPOSITION	DR_902
S_1259	APPLIES_UNDER	CR_1029
S_1259	HAS_DISPOSITION	DR_903
S_126	HAS_DISPOSITION	DR_058
S_1260	APPLIES_UNDER	CR_1030
S_1260	HAS_DISPOSITION	DR_904
S_1261	APPLIES_UNDER	CR_1031
S_1261	HAS_DISPOSITION	DR_905
S_1262	APPLIES_UNDER	CR_1032
S_1262	HAS_DISPOSITION	DR_906
S_1263	APPLIES_UNDER	CR_1033
S_1263	HAS_DISPOSITION	DR_907
S_1264	APPLIES_UNDER	CR_1034
S_1264	HAS_DISPOSITION	DR_908
S_1265	APPLIES_UNDER	CR_1035
S_1265	HAS_DISPOSITION	DR_909
S_1266	APPLIES_UNDER	CR_1036
S_1266	HAS_DISPOSITION	DR_910
S_1267	APPLIES_UNDER	CR_1037
S_1267	HAS_DISPOSITION	DR_911
S_1268	APPLIES_UNDER	CR_1038
S_1268	HAS_DISPOSITION	DR_912
S_1269	APPLIES_UNDER	CR_1039
S_1269	HAS_DISPOSITION	DR_913
S_1270	APPLIES_UNDER	CR_1040
S_1270	HAS_DISPOSITION	DR_914
S_1271	APPLIES_UNDER	CR_1041
S_1271	HAS_DISPOSITION	DR_915
S_1272	APPLIES_UNDER	CR_1042
S_1272	HAS_DISPOSITION	DR_916
S_1273	APPLIES_UNDER	CR_1043
S_1273	HAS_DISPOSITION	DR_917
S_1274	APPLIES_UNDER	CR_1044
S_1274	HAS_DISPOSITION	DR_918
S_1275	APPLIES_UNDER	CR_1045
S_1275	HAS_DISPOSITION	DR_919
S_1276	APPLIES_UNDER	CR_1046
S_1276	HAS_DISPOSITION	DR_920
S_1277	APPLIES_UNDER	CR_1047
S_1277	HAS_DISPOSITION	DR_921
S_1278	APPLIES_UNDER	CR_1048
S_1278	HAS_DISPOSITION	DR_922
S_1279	APPLIES_UNDER	CR_1049
S_1279	HAS_DISPOSITION	DR_923
S_128	HAS_DISPOSITION	DR_058
S_1280	APPLIES_UNDER	CR_1050
S_1280	HAS_DISPOSITION	DR_924
S_1281	APPLIES_UNDER	CR_1051
S_1281	HAS_DISPOSITION	DR_925
S_1282	APPLIES_UNDER	CR_1052
S_1282	HAS_DISPOSITION	DR_926
S_1283	APPLIES_UNDER	CR_1053
S_1283	HAS_DISPOSITION	DR_927
S_1284	APPLIES_UNDER	CR_1054
S_1284	HAS_DISPOSITION	DR_928
S_1285	APPLIES_UNDER	CR_1055
S_1285	HAS_DISPOSITION	DR_929
S_1286	APPLIES_UNDER	CR_1056
S_1286	HAS_DISPOSITION	DR_930
S_1287	APPLIES_UNDER	CR_1057
S_1287	HAS_DISPOSITION	DR_931
S_1288	APPLIES_UNDER	CR_1058
S_1288	HAS_DISPOSITION	DR_932
S_1289	APPLIES_UNDER	CR_1059
S_1289	HAS_DISPOSITION	DR_933
S_129	APPLIES_UNDER	CR_049
S_129	HAS_DISPOSITION	DR_058
S_1290	APPLIES_UNDER	CR_1060
S_1290	HAS_DISPOSITION	DR_934
S_1291	APPLIES_UNDER	CR_1061
S_1291	HAS_DISPOSITION	DR_935
S_1292	APPLIES_UNDER	CR_1062
S_1292	HAS_DISPOSITION	DR_936
S_1293	APPLIES_UNDER	CR_1063
S_1293	HAS_DISPOSITION	DR_937
S_1294	APPLIES_UNDER	CR_1064
S_1294	HAS_DISPOSITION	DR_938
S_1295	APPLIES_UNDER	CR_1065
S_1295	HAS_DISPOSITION	DR_939
S_1296	APPLIES_UNDER	CR_1066
S_1296	HAS_DISPOSITION	DR_940
S_1297	APPLIES_UNDER	CR_1067
S_1297	HAS_DISPOSITION	DR_941
S_1298	APPLIES_UNDER	CR_1068
S_1298	HAS_DISPOSITION	DR_942
S_1299	APPLIES_UNDER	CR_1069
S_1299	HAS_DISPOSITION	DR_943
S_130	APPLIES_UNDER	CR_050
S_1300	APPLIES_UNDER	CR_1070
S_1300	HAS_DISPOSITION	DR_944
S_1301	APPLIES_UNDER	CR_1071
S_1301	HAS_DISPOSITION	DR_945
S_1302	APPLIES_UNDER	CR_1072
S_1302	HAS_DISPOSITION	DR_946
S_1303	APPLIES_UNDER	CR_1073
S_1303	HAS_DISPOSITION	DR_947
S_1304	APPLIES_UNDER	CR_1074
S_1304	HAS_DISPOSITION	DR_948
S_1305	APPLIES_UNDER	CR_1075
S_1305	HAS_DISPOSITION	DR_949
S_1306	APPLIES_UNDER	CR_1076
S_1306	HAS_DISPOSITION	DR_950
S_1307	APPLIES_UNDER	CR_1077
S_1307	HAS_DISPOSITION	DR_951
S_1308	APPLIES_UNDER	CR_1078
S_1308	HAS_DISPOSITION	DR_952
S_1309	APPLIES_UNDER	CR_1079
S_1309	HAS_DISPOSITION	DR_953
S_131	APPLIES_UNDER	CR_051
S_131	HAS_DISPOSITION	DR_058
S_1310	APPLIES_UNDER	CR_1080
S_1310	HAS_DISPOSITION	DR_954
S_1311	APPLIES_UNDER	CR_1081
S_1311	HAS_DISPOSITION	DR_955
S_1312	APPLIES_UNDER	CR_1082
S_1312	HAS_DISPOSITION	DR_956
S_1313	APPLIES_UNDER	CR_1083
S_1313	HAS_DISPOSITION	DR_957
S_1314	APPLIES_UNDER	CR_1084
S_1314	HAS_DISPOSITION	DR_958
S_1315	APPLIES_UNDER	CR_1085
S_1315	HAS_DISPOSITION	DR_959
S_1316	APPLIES_UNDER	CR_1086
S_1316	HAS_DISPOSITION	DR_960
S_1317	APPLIES_UNDER	CR_1087
S_1317	HAS_DISPOSITION	DR_961
S_1318	APPLIES_UNDER	CR_1088
S_1318	HAS_DISPOSITION	DR_962
S_1319	APPLIES_UNDER	CR_1089
S_1319	HAS_DISPOSITION	DR_963
S_132	HAS_DISPOSITION	DR_060
S_1320	APPLIES_UNDER	CR_1090
S_1320	HAS_DISPOSITION	DR_964
S_1321	APPLIES_UNDER	CR_1091
S_1321	HAS_DISPOSITION	DR_965
S_1322	APPLIES_UNDER	CR_1092
S_1322	HAS_DISPOSITION	DR_966
S_1323	APPLIES_UNDER	CR_1093
S_1323	HAS_DISPOSITION	DR_967
S_1324	APPLIES_UNDER	CR_1094
S_1324	HAS_DISPOSITION	DR_968
S_1325	APPLIES_UNDER	CR_1095
S_1325	HAS_DISPOSITION	DR_969
S_1326	APPLIES_UNDER	CR_1096
S_1326	HAS_DISPOSITION	DR_970
S_1327	APPLIES_UNDER	CR_1097
S_1327	HAS_DISPOSITION	DR_971
S_1328	APPLIES_UNDER	CR_1098
S_1328	HAS_DISPOSITION	DR_972
S_1329	APPLIES_UNDER	CR_1099
S_1329	HAS_DISPOSITION	DR_973
S_133	HAS_DISPOSITION	DR_059
S_1330	APPLIES_UNDER	CR_1100
S_1330	HAS_DISPOSITION	DR_974
S_1331	APPLIES_UNDER	CR_1101
S_1331	HAS_DISPOSITION	DR_975
S_1332	APPLIES_UNDER	CR_1102
S_1332	HAS_DISPOSITION	DR_976
S_1333	APPLIES_UNDER	CR_1103
S_1333	HAS_DISPOSITION	DR_977
S_1334	APPLIES_UNDER	CR_1104
S_1334	HAS_DISPOSITION	DR_978
S_1335	APPLIES_UNDER	CR_1105
S_1335	HAS_DISPOSITION	DR_979
S_1336	APPLIES_UNDER	CR_1106
S_1336	HAS_DISPOSITION	DR_980
S_1337	APPLIES_UNDER	CR_1107
S_1337	HAS_DISPOSITION	DR_981
S_1338	APPLIES_UNDER	CR_1108
S_1338	HAS_DISPOSITION	DR_982
S_1339	APPLIES_UNDER	CR_1109
S_1339	HAS_DISPOSITION	DR_983
S_134	HAS_DISPOSITION	DR_059
S_1340	APPLIES_UNDER	CR_1110
S_1340	HAS_DISPOSITION	DR_984
S_1341	APPLIES_UNDER	CR_1111
S_1341	HAS_DISPOSITION	DR_985
S_1342	APPLIES_UNDER	CR_1112
S_1342	HAS_DISPOSITION	DR_986
S_1343	APPLIES_UNDER	CR_1113
S_1343	HAS_DISPOSITION	DR_987
S_1344	APPLIES_UNDER	CR_1114
S_1344	HAS_DISPOSITION	DR_988
S_1345	APPLIES_UNDER	CR_1115
S_1345	HAS_DISPOSITION	DR_989
S_1346	APPLIES_UNDER	CR_1116
S_1346	HAS_DISPOSITION	DR_990
S_1347	APPLIES_UNDER	CR_1117
S_1347	HAS_DISPOSITION	DR_991
S_1348	APPLIES_UNDER	CR_1118
S_1348	HAS_DISPOSITION	DR_992
S_1349	APPLIES_UNDER	CR_1119
S_1349	HAS_DISPOSITION	DR_993
S_1350	APPLIES_UNDER	CR_1120
S_1350	HAS_DISPOSITION	DR_994
S_1351	APPLIES_UNDER	CR_1121
S_1351	HAS_DISPOSITION	DR_995
S_1352	APPLIES_UNDER	CR_1122
S_1352	HAS_DISPOSITION	DR_996
S_1353	APPLIES_UNDER	CR_1123
S_1353	HAS_DISPOSITION	DR_997
S_1354	APPLIES_UNDER	CR_1124
S_1354	HAS_DISPOSITION	DR_998
S_1355	APPLIES_UNDER	CR_1125
S_1355	HAS_DISPOSITION	DR_999
S_1356	APPLIES_UNDER	CR_1126
S_1356	HAS_DISPOSITION	DR_1000
S_1357	APPLIES_UNDER	CR_1127
S_1357	HAS_DISPOSITION	DR_1001
S_1358	APPLIES_UNDER	CR_1128
S_1358	HAS_DISPOSITION	DR_1002
S_1359	APPLIES_UNDER	CR_1129
S_1359	HAS_DISPOSITION	DR_1003
S_136	HAS_DISPOSITION	DR_059
S_1360	APPLIES_UNDER	CR_1130
S_1360	HAS_DISPOSITION	DR_1004
S_1361	APPLIES_UNDER	CR_1131
S_1361	HAS_DISPOSITION	DR_1005
S_1362	APPLIES_UNDER	CR_1132
S_1362	HAS_DISPOSITION	DR_1006
S_1363	APPLIES_UNDER	CR_1133
S_1363	HAS_DISPOSITION	DR_1007
S_1364	APPLIES_UNDER	CR_1134
S_1364	HAS_DISPOSITION	DR_1008
S_1365	APPLIES_UNDER	CR_1135
S_1365	HAS_DISPOSITION	DR_1009
S_1366	APPLIES_UNDER	CR_1136
S_1366	HAS_DISPOSITION	DR_1010
S_1367	APPLIES_UNDER	CR_1137
S_1367	HAS_DISPOSITION	DR_1011
S_1368	APPLIES_UNDER	CR_1138
S_1368	HAS_DISPOSITION	DR_1012
S_1369	APPLIES_UNDER	CR_1139
S_1369	HAS_DISPOSITION	DR_1013
S_137	APPLIES_UNDER	CR_053
S_1370	APPLIES_UNDER	CR_1140
S_1370	HAS_DISPOSITION	DR_1014
S_1371	APPLIES_UNDER	CR_1141
S_1371	HAS_DISPOSITION	DR_1015
S_1372	APPLIES_UNDER	CR_1142
S_1372	HAS_DISPOSITION	DR_1016
S_1373	APPLIES_UNDER	CR_1143
S_1373	HAS_DISPOSITION	DR_1017
S_1374	APPLIES_UNDER	CR_1144
S_1374	HAS_DISPOSITION	DR_1018
S_1375	APPLIES_UNDER	CR_1145
S_1375	HAS_DISPOSITION	DR_1019
S_1376	APPLIES_UNDER	CR_1146
S_1376	HAS_DISPOSITION	DR_1020
S_1377	APPLIES_UNDER	CR_1147
S_1377	HAS_DISPOSITION	DR_1021
S_1378	APPLIES_UNDER	CR_1148
S_1378	HAS_DISPOSITION	DR_1022
S_1379	APPLIES_UNDER	CR_1149
S_1379	HAS_DISPOSITION	DR_1023
S_138	HAS_DISPOSITION	DR_061
S_1380	APPLIES_UNDER	CR_1150
S_1380	HAS_DISPOSITION	DR_1024
S_1381	APPLIES_UNDER	CR_1151
S_1381	HAS_DISPOSITION	DR_1025
S_1382	APPLIES_UNDER	CR_1152
S_1382	HAS_DISPOSITION	DR_1026
S_1383	APPLIES_UNDER	CR_1153
S_1383	HAS_DISPOSITION	DR_1027
S_1384	APPLIES_UNDER	CR_1154
S_1384	HAS_DISPOSITION	DR_1028
S_1385	APPLIES_UNDER	CR_1155
S_1385	HAS_DISPOSITION	DR_1029
S_1386	APPLIES_UNDER	CR_1156
S_1386	HAS_DISPOSITION	DR_1030
S_1387	APPLIES_UNDER	CR_1157
S_1387	HAS_DISPOSITION	DR_1031
S_1388	APPLIES_UNDER	CR_1158
S_1388	HAS_DISPOSITION	DR_1032
S_1389	APPLIES_UNDER	CR_1159
S_1389	HAS_DISPOSITION	DR_1033
S_1390	APPLIES_UNDER	CR_1160
S_1390	HAS_DISPOSITION	DR_1034
S_1391	APPLIES_UNDER	CR_1161
S_1391	HAS_DISPOSITION	DR_1035
S_1392	APPLIES_UNDER	CR_1162
S_1392	HAS_DISPOSITION	DR_1036
S_1393	APPLIES_UNDER	CR_1163
S_1393	HAS_DISPOSITION	DR_1037
S_1394	APPLIES_UNDER	CR_1164
S_1394	HAS_DISPOSITION	DR_1038
S_1395	APPLIES_UNDER	CR_1165
S_1395	HAS_DISPOSITION	DR_1039
S_1396	APPLIES_UNDER	CR_1166
S_1396	HAS_DISPOSITION	DR_1040
S_1397	APPLIES_UNDER	CR_1167
S_1397	HAS_DISPOSITION	DR_1041
S_1398	APPLIES_UNDER	CR_1168
S_1398	HAS_DISPOSITION	DR_1042
S_1399	APPLIES_UNDER	CR_1169
S_1399	HAS_DISPOSITION	DR_1043
S_140	HAS_DISPOSITION	DR_063
S_1400	APPLIES_UNDER	CR_1170
S_1400	HAS_DISPOSITION	DR_1044
S_1401	APPLIES_UNDER	CR_1171
S_1401	HAS_DISPOSITION	DR_1045
S_1402	APPLIES_UNDER	CR_1172
S_1402	HAS_DISPOSITION	DR_1046
S_1403	APPLIES_UNDER	CR_1173
S_1403	HAS_DISPOSITION	DR_1047
S_1404	APPLIES_UNDER	CR_1174
S_1404	HAS_DISPOSITION	DR_1048
S_1405	APPLIES_UNDER	CR_1175
S_1405	HAS_DISPOSITION	DR_1049
S_1406	APPLIES_UNDER	CR_1176
S_1406	HAS_DISPOSITION	DR_1050
S_1407	APPLIES_UNDER	CR_1177
S_1407	HAS_DISPOSITION	DR_1051
S_1408	APPLIES_UNDER	CR_1178
S_1408	HAS_DISPOSITION	DR_1052
S_1409	APPLIES_UNDER	CR_1179
S_1409	HAS_DISPOSITION	DR_1053
S_141	HAS_DISPOSITION	DR_063
S_1410	APPLIES_UNDER	CR_1180
S_1410	HAS_DISPOSITION	DR_1054
S_1411	APPLIES_UNDER	CR_1181
S_1411	HAS_DISPOSITION	DR_1055
S_1412	APPLIES_UNDER	CR_1182
S_1412	HAS_DISPOSITION	DR_1056
S_1413	APPLIES_UNDER	CR_1183
S_1413	HAS_DISPOSITION	DR_1057
S_1414	APPLIES_UNDER	CR_1184
S_1414	HAS_DISPOSITION	DR_1058
S_1415	APPLIES_UNDER	CR_1185
S_1415	HAS_DISPOSITION	DR_1059
S_1416	APPLIES_UNDER	CR_1186
S_1416	HAS_DISPOSITION	DR_1060
S_1417	APPLIES_UNDER	CR_1187
S_1417	HAS_DISPOSITION	DR_1061
S_1418	APPLIES_UNDER	CR_1188
S_1418	HAS_DISPOSITION	DR_1062
S_1419	APPLIES_UNDER	CR_1189
S_1419	HAS_DISPOSITION	DR_1063
S_142	HAS_DISPOSITION	DR_063
S_1420	APPLIES_UNDER	CR_1190
S_1420	HAS_DISPOSITION	DR_1064
S_1421	APPLIES_UNDER	CR_1191
S_1421	HAS_DISPOSITION	DR_1065
S_1422	APPLIES_UNDER	CR_1192
S_1422	HAS_DISPOSITION	DR_1066
S_1423	APPLIES_UNDER	CR_1193
S_1423	HAS_DISPOSITION	DR_1067
S_1424	APPLIES_UNDER	CR_1194
S_1424	HAS_DISPOSITION	DR_1068
S_1425	APPLIES_UNDER	CR_1195
S_1425	HAS_DISPOSITION	DR_1069
S_1426	APPLIES_UNDER	CR_1196
S_1426	HAS_DISPOSITION	DR_1070
S_1427	APPLIES_UNDER	CR_1197
S_1427	HAS_DISPOSITION	DR_1071
S_1428	APPLIES_UNDER	CR_1198
S_1428	HAS_DISPOSITION	DR_1072
S_1429	APPLIES_UNDER	CR_1199
S_1429	HAS_DISPOSITION	DR_1073
S_1430	APPLIES_UNDER	CR_1200
S_1430	HAS_DISPOSITION	DR_1074
S_1431	APPLIES_UNDER	CR_1201
S_1431	HAS_DISPOSITION	DR_1075
S_1432	APPLIES_UNDER	CR_1202
S_1432	HAS_DISPOSITION	DR_1076
S_1433	APPLIES_UNDER	CR_1203
S_1433	HAS_DISPOSITION	DR_1077
S_1434	APPLIES_UNDER	CR_1204
S_1434	HAS_DISPOSITION	DR_1078
S_1435	APPLIES_UNDER	CR_1205
S_1435	HAS_DISPOSITION	DR_1079
S_1436	APPLIES_UNDER	CR_1206
S_1436	HAS_DISPOSITION	DR_1080
S_1437	APPLIES_UNDER	CR_1207
S_1437	HAS_DISPOSITION	DR_1081
S_1438	APPLIES_UNDER	CR_1208
S_1438	HAS_DISPOSITION	DR_1082
S_1439	APPLIES_UNDER	CR_1209
S_1439	HAS_DISPOSITION	DR_1083
S_1440	APPLIES_UNDER	CR_1210
S_1440	HAS_DISPOSITION	DR_1084
S_1441	APPLIES_UNDER	CR_1211
S_1441	HAS_DISPOSITION	DR_1085
S_1442	APPLIES_UNDER	CR_1212
S_1442	HAS_DISPOSITION	DR_1086
S_1443	APPLIES_UNDER	CR_1213
S_1443	HAS_DISPOSITION	DR_1087
S_1444	APPLIES_UNDER	CR_1214
S_1445	APPLIES_UNDER	CR_1215
S_1446	APPLIES_UNDER	CR_1216
S_1447	APPLIES_UNDER	CR_1217
S_1447	HAS_DISPOSITION	DR_1091
S_1448	APPLIES_UNDER	CR_1218
S_1448	HAS_DISPOSITION	DR_1092
S_1449	APPLIES_UNDER	CR_1219
S_1450	APPLIES_UNDER	CR_1220
S_1451	APPLIES_UNDER	CR_1221
S_1451	HAS_DISPOSITION	DR_1095
S_1452	APPLIES_UNDER	CR_1222
S_1453	APPLIES_UNDER	CR_1223
S_1454	APPLIES_UNDER	CR_1224
S_1455	APPLIES_UNDER	CR_1225
S_1455	HAS_DISPOSITION	DR_1099
S_1456	APPLIES_UNDER	CR_1226
S_1456	HAS_DISPOSITION	DR_1100
S_1457	APPLIES_UNDER	CR_1227
S_1457	HAS_DISPOSITION	DR_1101
S_1458	APPLIES_UNDER	CR_1228
S_1459	APPLIES_UNDER	CR_1229
S_1460	APPLIES_UNDER	CR_1230
S_1460	HAS_DISPOSITION	DR_1104
S_1461	APPLIES_UNDER	CR_1231
S_1461	HAS_DISPOSITION	DR_1105
S_1462	APPLIES_UNDER	CR_1232
S_1463	APPLIES_UNDER	CR_1233
S_1463	HAS_DISPOSITION	DR_1107
S_1464	APPLIES_UNDER	CR_1234
S_1464	HAS_DISPOSITION	DR_1108
S_1465	APPLIES_UNDER	CR_1235
S_1465	HAS_DISPOSITION	DR_1109
S_1466	APPLIES_UNDER	CR_1236
S_1466	HAS_DISPOSITION	DR_1110
S_1467	APPLIES_UNDER	CR_1237
S_1467	HAS_DISPOSITION	DR_1111
S_1468	APPLIES_UNDER	CR_1238
S_1468	HAS_DISPOSITION	DR_1112
S_1469	APPLIES_UNDER	CR_1239
S_1469	HAS_DISPOSITION	DR_1113
S_147	APPLIES_UNDER	CR_054
S_147	HAS_DISPOSITION	DR_066
S_1470	APPLIES_UNDER	CR_1240
S_1470	HAS_DISPOSITION	DR_1114
S_1471	APPLIES_UNDER	CR_1241
S_1472	APPLIES_UNDER	CR_1242
S_1472	HAS_DISPOSITION	DR_1116
S_1473	APPLIES_UNDER	CR_1243
S_1473	HAS_DISPOSITION	DR_1117
S_1474	APPLIES_UNDER	CR_1244
S_1475	APPLIES_UNDER	CR_1245
S_1476	APPLIES_UNDER	CR_1246
S_1476	HAS_DISPOSITION	DR_1120
S_1477	APPLIES_UNDER	CR_1247
S_1477	HAS_DISPOSITION	DR_1121
S_1478	APPLIES_UNDER	CR_1248
S_1478	HAS_DISPOSITION	DR_1122
S_1479	APPLIES_UNDER	CR_1249
S_148	APPLIES_UNDER	CR_056
S_148	HAS_DISPOSITION	DR_066
S_1480	APPLIES_UNDER	CR_1250
S_1480	HAS_DISPOSITION	DR_1124
S_1481	APPLIES_UNDER	CR_1251
S_1481	HAS_DISPOSITION	DR_1125
S_1482	APPLIES_UNDER	CR_1252
S_1483	APPLIES_UNDER	CR_1253
S_1483	HAS_DISPOSITION	DR_1127
S_1484	APPLIES_UNDER	CR_1254
S_1485	APPLIES_UNDER	CR_1255
S_1485	HAS_DISPOSITION	DR_1129
S_1486	APPLIES_UNDER	CR_1256
S_1487	APPLIES_UNDER	CR_1257
S_1488	APPLIES_UNDER	CR_1258
S_1489	APPLIES_UNDER	CR_1259
S_1489	HAS_DISPOSITION	DR_1133
S_149	HAS_DISPOSITION	DR_066
S_1490	APPLIES_UNDER	CR_1260
S_1491	APPLIES_UNDER	CR_1261
S_1492	APPLIES_UNDER	CR_1262
S_1492	HAS_DISPOSITION	DR_1136
S_1493	APPLIES_UNDER	CR_1263
S_1494	APPLIES_UNDER	CR_1264
S_1494	HAS_DISPOSITION	DR_1138
S_1495	APPLIES_UNDER	CR_1265
S_1496	APPLIES_UNDER	CR_1266
S_1496	HAS_DISPOSITION	DR_1140
S_1497	APPLIES_UNDER	CR_1267
S_1497	HAS_DISPOSITION	DR_1141
S_1498	APPLIES_UNDER	CR_1268
S_1498	HAS_DISPOSITION	DR_1142
S_1499	APPLIES_UNDER	CR_1269
S_1499	HAS_DISPOSITION	DR_1143
S_1500	APPLIES_UNDER	CR_1270
S_1500	HAS_DISPOSITION	DR_1144
S_1501	APPLIES_UNDER	CR_1271
S_1501	HAS_DISPOSITION	DR_1145
S_1502	APPLIES_UNDER	CR_1272
S_1502	HAS_DISPOSITION	DR_1146
S_1503	APPLIES_UNDER	CR_1273
S_1503	HAS_DISPOSITION	DR_1147
S_1504	APPLIES_UNDER	CR_1274
S_1504	HAS_DISPOSITION	DR_1148
S_1505	APPLIES_UNDER	CR_1275
S_1505	HAS_DISPOSITION	DR_1149
S_1506	APPLIES_UNDER	CR_1276
S_1506	HAS_DISPOSITION	DR_1150
S_1507	APPLIES_UNDER	CR_1277
S_1507	HAS_DISPOSITION	DR_1151
S_1508	APPLIES_UNDER	CR_1278
S_1508	HAS_DISPOSITION	DR_1152
S_1509	APPLIES_UNDER	CR_1279
S_1509	HAS_DISPOSITION	DR_1153
S_151	HAS_DISPOSITION	DR_066
S_1510	APPLIES_UNDER	CR_1280
S_1510	HAS_DISPOSITION	DR_1154
S_1511	APPLIES_UNDER	CR_1281
S_1511	HAS_DISPOSITION	DR_1155
S_1512	APPLIES_UNDER	CR_1282
S_1512	HAS_DISPOSITION	DR_1156
S_1513	APPLIES_UNDER	CR_1283
S_1513	HAS_DISPOSITION	DR_1157
S_1514	APPLIES_UNDER	CR_1284
S_1514	HAS_DISPOSITION	DR_1158
S_1515	APPLIES_UNDER	CR_1285
S_1515	HAS_DISPOSITION	DR_1159
S_1516	APPLIES_UNDER	CR_1286
S_1516	HAS_DISPOSITION	DR_1160
S_1517	APPLIES_UNDER	CR_1287
S_1517	HAS_DISPOSITION	DR_1161
S_1518	APPLIES_UNDER	CR_1288
S_1518	HAS_DISPOSITION	DR_1162
S_1519	APPLIES_UNDER	CR_1289
S_1519	HAS_DISPOSITION	DR_1163
S_152	APPLIES_UNDER	CR_057
S_152	HAS_DISPOSITION	DR_066
S_1520	APPLIES_UNDER	CR_1290
S_1520	HAS_DISPOSITION	DR_1164
S_1521	APPLIES_UNDER	CR_1291
S_1521	HAS_DISPOSITION	DR_1165
S_1522	APPLIES_UNDER	CR_1292
S_1522	HAS_DISPOSITION	DR_1166
S_1523	APPLIES_UNDER	CR_1293
S_1523	HAS_DISPOSITION	DR_1167
S_1524	APPLIES_UNDER	CR_1294
S_1524	HAS_DISPOSITION	DR_1168
S_1525	APPLIES_UNDER	CR_1295
S_1525	HAS_DISPOSITION	DR_1169
S_1526	APPLIES_UNDER	CR_1296
S_1526	HAS_DISPOSITION	DR_1170
S_1527	APPLIES_UNDER	CR_1297
S_1527	HAS_DISPOSITION	DR_1171
S_1528	APPLIES_UNDER	CR_1298
S_1528	HAS_DISPOSITION	DR_1172
S_1529	APPLIES_UNDER	CR_1299
S_1529	HAS_DISPOSITION	DR_1173
S_153	HAS_DISPOSITION	DR_066
S_1530	APPLIES_UNDER	CR_1300
S_1530	HAS_DISPOSITION	DR_1174
S_1531	APPLIES_UNDER	CR_1301
S_1531	HAS_DISPOSITION	DR_1175
S_1532	APPLIES_UNDER	CR_1302
S_1532	HAS_DISPOSITION	DR_1176
S_1533	APPLIES_UNDER	CR_1303
S_1533	HAS_DISPOSITION	DR_1177
S_1534	APPLIES_UNDER	CR_1304
S_1534	HAS_DISPOSITION	DR_1178
S_1535	APPLIES_UNDER	CR_1305
S_1535	HAS_DISPOSITION	DR_1179
S_1536	APPLIES_UNDER	CR_1306
S_1536	HAS_DISPOSITION	DR_1180
S_1537	APPLIES_UNDER	CR_1307
S_1537	HAS_DISPOSITION	DR_1181
S_1538	APPLIES_UNDER	CR_1308
S_1538	HAS_DISPOSITION	DR_1182
S_1539	APPLIES_UNDER	CR_1309
S_1539	HAS_DISPOSITION	DR_1183
S_1540	APPLIES_UNDER	CR_1310
S_1540	HAS_DISPOSITION	DR_1184
S_1541	APPLIES_UNDER	CR_1311
S_1541	HAS_DISPOSITION	DR_1185
S_1542	APPLIES_UNDER	CR_1312
S_1542	HAS_DISPOSITION	DR_1186
S_1543	APPLIES_UNDER	CR_1313
S_1543	HAS_DISPOSITION	DR_1187
S_1544	APPLIES_UNDER	CR_1314
S_1544	HAS_DISPOSITION	DR_1188
S_1545	APPLIES_UNDER	CR_1315
S_1545	HAS_DISPOSITION	DR_1189
S_1546	APPLIES_UNDER	CR_1316
S_1546	HAS_DISPOSITION	DR_1190
S_1547	APPLIES_UNDER	CR_1317
S_1547	HAS_DISPOSITION	DR_1191
S_1548	APPLIES_UNDER	CR_1318
S_1548	HAS_DISPOSITION	DR_1192
S_1549	APPLIES_UNDER	CR_1319
S_1549	HAS_DISPOSITION	DR_1193
S_1550	APPLIES_UNDER	CR_1320
S_1550	HAS_DISPOSITION	DR_1194
S_1551	APPLIES_UNDER	CR_1321
S_1551	HAS_DISPOSITION	DR_1195
S_1552	APPLIES_UNDER	CR_1322
S_1552	HAS_DISPOSITION	DR_1196
S_1553	APPLIES_UNDER	CR_1323
S_1553	HAS_DISPOSITION	DR_1197
S_1554	APPLIES_UNDER	CR_1324
S_1554	HAS_DISPOSITION	DR_1198
S_1555	APPLIES_UNDER	CR_1325
S_1555	HAS_DISPOSITION	DR_1199
S_1556	APPLIES_UNDER	CR_1326
S_1556	HAS_DISPOSITION	DR_1200
S_1557	APPLIES_UNDER	CR_1327
S_1557	HAS_DISPOSITION	DR_1201
S_1558	APPLIES_UNDER	CR_1328
S_1558	HAS_DISPOSITION	DR_1202
S_1559	APPLIES_UNDER	CR_1329
S_1559	HAS_DISPOSITION	DR_1203
S_1560	APPLIES_UNDER	CR_1330
S_1560	HAS_DISPOSITION	DR_1204
S_1561	APPLIES_UNDER	CR_1331
S_1561	HAS_DISPOSITION	DR_1205
S_1562	APPLIES_UNDER	CR_1332
S_1562	HAS_DISPOSITION	DR_1206
S_1563	APPLIES_UNDER	CR_1333
S_1563	HAS_DISPOSITION	DR_1207
S_1564	APPLIES_UNDER	CR_1334
S_1564	HAS_DISPOSITION	DR_1213
S_1565	APPLIES_UNDER	CR_1335
S_1565	HAS_DISPOSITION	DR_1214
S_1566	APPLIES_UNDER	CR_1336
S_1566	HAS_DISPOSITION	DR_1215
S_1567	APPLIES_UNDER	CR_1337
S_1567	HAS_DISPOSITION	DR_1216
S_1568	APPLIES_UNDER	CR_1338
S_1568	HAS_DISPOSITION	DR_1217
S_1569	APPLIES_UNDER	CR_1339
S_1569	HAS_DISPOSITION	DR_1218
S_157	APPLIES_UNDER	CR_058
S_1570	APPLIES_UNDER	CR_1340
S_1570	HAS_DISPOSITION	DR_1219
S_1571	APPLIES_UNDER	CR_1341
S_1571	HAS_DISPOSITION	DR_1220
S_1572	APPLIES_UNDER	CR_1342
S_1572	HAS_DISPOSITION	DR_1221
S_1573	APPLIES_UNDER	CR_1343
S_1573	HAS_DISPOSITION	DR_1222
S_1574	APPLIES_UNDER	CR_1344
S_1574	HAS_DISPOSITION	DR_1223
S_1575	APPLIES_UNDER	CR_1345
S_1575	HAS_DISPOSITION	DR_1224
S_1576	APPLIES_UNDER	CR_1346
S_1576	HAS_DISPOSITION	DR_1225
S_1577	APPLIES_UNDER	CR_1347
S_1577	HAS_DISPOSITION	DR_1226
S_1578	APPLIES_UNDER	CR_1348
S_1578	HAS_DISPOSITION	DR_1227
S_1579	APPLIES_UNDER	CR_1349
S_1579	HAS_DISPOSITION	DR_1228
S_1580	APPLIES_UNDER	CR_1350
S_1580	HAS_DISPOSITION	DR_1229
S_1581	APPLIES_UNDER	CR_1351
S_1581	HAS_DISPOSITION	DR_1230
S_1582	APPLIES_UNDER	CR_1352
S_1582	HAS_DISPOSITION	DR_1231
S_1583	APPLIES_UNDER	CR_1353
S_1583	HAS_DISPOSITION	DR_1232
S_1584	APPLIES_UNDER	CR_1354
S_1584	HAS_DISPOSITION	DR_1233
S_1585	APPLIES_UNDER	CR_1355
S_1585	HAS_DISPOSITION	DR_1234
S_1586	APPLIES_UNDER	CR_1356
S_1586	HAS_DISPOSITION	DR_1235
S_1587	APPLIES_UNDER	CR_1357
S_1587	HAS_DISPOSITION	DR_1236
S_1588	APPLIES_UNDER	CR_1358
S_1588	HAS_DISPOSITION	DR_1237
S_1589	APPLIES_UNDER	CR_1359
S_1589	HAS_DISPOSITION	DR_1238
S_159	HAS_DISPOSITION	DR_065
S_1590	APPLIES_UNDER	CR_1360
S_1590	HAS_DISPOSITION	DR_1239
S_1591	APPLIES_UNDER	CR_1361
S_1591	HAS_DISPOSITION	DR_1240
S_1592	APPLIES_UNDER	CR_1362
S_1592	HAS_DISPOSITION	DR_1241
S_1593	APPLIES_UNDER	CR_1363
S_1593	HAS_DISPOSITION	DR_1242
S_1594	APPLIES_UNDER	CR_1364
S_1594	HAS_DISPOSITION	DR_1243
S_1595	APPLIES_UNDER	CR_1365
S_1595	HAS_DISPOSITION	DR_1244
S_1596	APPLIES_UNDER	CR_1366
S_1596	HAS_DISPOSITION	DR_1245
S_1597	APPLIES_UNDER	CR_1367
S_1597	HAS_DISPOSITION	DR_1246
S_1598	APPLIES_UNDER	CR_1368
S_1598	HAS_DISPOSITION	DR_1247
S_1599	APPLIES_UNDER	CR_1369
S_1599	HAS_DISPOSITION	DR_1248
S_160	HAS_DISPOSITION	DR_066
S_1600	APPLIES_UNDER	CR_1370
S_1600	HAS_DISPOSITION	DR_1249
S_1601	APPLIES_UNDER	CR_1371
S_1601	HAS_DISPOSITION	DR_1250
S_1602	APPLIES_UNDER	CR_1372
S_1602	HAS_DISPOSITION	DR_1251
S_1603	APPLIES_UNDER	CR_1373
S_1603	HAS_DISPOSITION	DR_1252
S_1604	APPLIES_UNDER	CR_1374
S_1604	HAS_DISPOSITION	DR_1253
S_1605	APPLIES_UNDER	CR_1375
S_1605	HAS_DISPOSITION	DR_1254
S_1606	APPLIES_UNDER	CR_1376
S_1606	HAS_DISPOSITION	DR_1255
S_1607	APPLIES_UNDER	CR_1377
S_1607	HAS_DISPOSITION	DR_1256
S_1608	APPLIES_UNDER	CR_1378
S_1608	HAS_DISPOSITION	DR_1257
S_1609	APPLIES_UNDER	CR_1379
S_1609	HAS_DISPOSITION	DR_1258
S_161	HAS_DISPOSITION	DR_066
S_1610	APPLIES_UNDER	CR_1380
S_1610	HAS_DISPOSITION	DR_1259
S_1611	APPLIES_UNDER	CR_1381
S_1611	HAS_DISPOSITION	DR_1260
S_1612	APPLIES_UNDER	CR_1382
S_1612	HAS_DISPOSITION	DR_1261
S_1613	APPLIES_UNDER	CR_1383
S_1613	HAS_DISPOSITION	DR_1262
S_1614	APPLIES_UNDER	CR_1384
S_1614	HAS_DISPOSITION	DR_1263
S_1615	APPLIES_UNDER	CR_1385
S_1615	HAS_DISPOSITION	DR_1264
S_1616	APPLIES_UNDER	CR_1386
S_1616	HAS_DISPOSITION	DR_1265
S_1617	APPLIES_UNDER	CR_1387
S_1617	HAS_DISPOSITION	DR_1266
S_1618	APPLIES_UNDER	CR_1388
S_1618	HAS_DISPOSITION	DR_1267
S_1619	APPLIES_UNDER	CR_1389
S_1619	HAS_DISPOSITION	DR_1268
S_1620	APPLIES_UNDER	CR_1390
S_1620	HAS_DISPOSITION	DR_1269
S_1621	APPLIES_UNDER	CR_1391
S_1621	HAS_DISPOSITION	DR_1270
S_1622	APPLIES_UNDER	CR_1392
S_1622	HAS_DISPOSITION	DR_1271
S_1623	APPLIES_UNDER	CR_1393
S_1623	HAS_DISPOSITION	DR_1272
S_1624	APPLIES_UNDER	CR_1394
S_1624	HAS_DISPOSITION	DR_1273
S_1625	APPLIES_UNDER	CR_1395
S_1625	HAS_DISPOSITION	DR_1274
S_1626	APPLIES_UNDER	CR_1396
S_1626	HAS_DISPOSITION	DR_1275
S_1627	APPLIES_UNDER	CR_1397
S_1627	HAS_DISPOSITION	DR_1276
S_1628	APPLIES_UNDER	CR_1398
S_1628	HAS_DISPOSITION	DR_1277
S_1629	APPLIES_UNDER	CR_1399
S_1629	HAS_DISPOSITION	DR_1278
S_1630	APPLIES_UNDER	CR_1400
S_1630	HAS_DISPOSITION	DR_1279
S_1631	APPLIES_UNDER	CR_1401
S_1631	HAS_DISPOSITION	DR_1280
S_1632	APPLIES_UNDER	CR_1402
S_1632	HAS_DISPOSITION	DR_1281
S_1633	APPLIES_UNDER	CR_1403
S_1633	HAS_DISPOSITION	DR_1282
S_1634	APPLIES_UNDER	CR_1404
S_1634	HAS_DISPOSITION	DR_1283
S_1635	APPLIES_UNDER	CR_1405
S_1635	HAS_DISPOSITION	DR_1284
S_1636	APPLIES_UNDER	CR_1406
S_1636	HAS_DISPOSITION	DR_1285
S_1637	APPLIES_UNDER	CR_1407
S_1637	HAS_DISPOSITION	DR_1286
S_1638	APPLIES_UNDER	CR_1408
S_1638	HAS_DISPOSITION	DR_1287
S_1639	APPLIES_UNDER	CR_1409
S_1639	HAS_DISPOSITION	DR_1288
S_164	HAS_DISPOSITION	DR_067
S_1640	APPLIES_UNDER	CR_1410
S_1640	HAS_DISPOSITION	DR_1289
S_1641	APPLIES_UNDER	CR_1411
S_1641	HAS_DISPOSITION	DR_1290
S_1642	APPLIES_UNDER	CR_1412
S_1642	HAS_DISPOSITION	DR_1291
S_1643	APPLIES_UNDER	CR_1413
S_1643	HAS_DISPOSITION	DR_1292
S_1644	APPLIES_UNDER	CR_1414
S_1644	HAS_DISPOSITION	DR_1293
S_1645	APPLIES_UNDER	CR_1415
S_1645	HAS_DISPOSITION	DR_1294
S_1646	APPLIES_UNDER	CR_1416
S_1646	HAS_DISPOSITION	DR_1295
S_1647	APPLIES_UNDER	CR_1417
S_1647	HAS_DISPOSITION	DR_1296
S_1648	APPLIES_UNDER	CR_1418
S_1648	HAS_DISPOSITION	DR_1297
S_1649	APPLIES_UNDER	CR_1419
S_1649	HAS_DISPOSITION	DR_1298
S_1650	APPLIES_UNDER	CR_1420
S_1650	HAS_DISPOSITION	DR_1299
S_1651	APPLIES_UNDER	CR_1421
S_1651	HAS_DISPOSITION	DR_1300
S_1652	APPLIES_UNDER	CR_1422
S_1652	HAS_DISPOSITION	DR_1301
S_1653	APPLIES_UNDER	CR_1423
S_1653	HAS_DISPOSITION	DR_1302
S_1654	APPLIES_UNDER	CR_1424
S_1654	HAS_DISPOSITION	DR_1303
S_1655	APPLIES_UNDER	CR_1425
S_1655	HAS_DISPOSITION	DR_1304
S_1656	APPLIES_UNDER	CR_1426
S_1656	HAS_DISPOSITION	DR_1305
S_1657	APPLIES_UNDER	CR_1427
S_1657	HAS_DISPOSITION	DR_1306
S_1658	APPLIES_UNDER	CR_1428
S_1658	HAS_DISPOSITION	DR_1307
S_1659	APPLIES_UNDER	CR_1429
S_1659	HAS_DISPOSITION	DR_1308
S_166	HAS_DISPOSITION	DR_067
S_1660	APPLIES_UNDER	CR_1430
S_1660	HAS_DISPOSITION	DR_1309
S_1661	APPLIES_UNDER	CR_1431
S_1661	HAS_DISPOSITION	DR_1310
S_1662	APPLIES_UNDER	CR_1432
S_1662	HAS_DISPOSITION	DR_1311
S_1663	APPLIES_UNDER	CR_1433
S_1663	HAS_DISPOSITION	DR_1312
S_1664	APPLIES_UNDER	CR_1434
S_1664	HAS_DISPOSITION	DR_1313
S_1665	APPLIES_UNDER	CR_1435
S_1665	HAS_DISPOSITION	DR_1314
S_1666	APPLIES_UNDER	CR_1436
S_1666	HAS_DISPOSITION	DR_1315
S_1667	APPLIES_UNDER	CR_1437
S_1667	HAS_DISPOSITION	DR_1316
S_1668	APPLIES_UNDER	CR_1438
S_1668	HAS_DISPOSITION	DR_1317
S_1669	APPLIES_UNDER	CR_1439
S_1669	HAS_DISPOSITION	DR_1318
S_1670	APPLIES_UNDER	CR_1440
S_1670	HAS_DISPOSITION	DR_1319
S_1671	APPLIES_UNDER	CR_1441
S_1671	HAS_DISPOSITION	DR_1320
S_1672	APPLIES_UNDER	CR_1442
S_1672	HAS_DISPOSITION	DR_1321
S_1673	APPLIES_UNDER	CR_1443
S_1673	HAS_DISPOSITION	DR_1322
S_1674	APPLIES_UNDER	CR_1444
S_1674	HAS_DISPOSITION	DR_1323
S_1675	APPLIES_UNDER	CR_1445
S_1675	HAS_DISPOSITION	DR_1324
S_1676	APPLIES_UNDER	CR_1446
S_1676	HAS_DISPOSITION	DR_1325
S_1677	APPLIES_UNDER	CR_1447
S_1677	HAS_DISPOSITION	DR_1326
S_1678	APPLIES_UNDER	CR_1448
S_1678	HAS_DISPOSITION	DR_1327
S_1679	APPLIES_UNDER	CR_1449
S_1679	HAS_DISPOSITION	DR_1328
S_168	HAS_DISPOSITION	DR_068
S_1680	APPLIES_UNDER	CR_1450
S_1680	HAS_DISPOSITION	DR_1329
S_1681	APPLIES_UNDER	CR_1451
S_1681	HAS_DISPOSITION	DR_1330
S_1682	APPLIES_UNDER	CR_1452
S_1682	HAS_DISPOSITION	DR_1331
S_1683	APPLIES_UNDER	CR_1453
S_1683	HAS_DISPOSITION	DR_1332
S_1684	APPLIES_UNDER	CR_1454
S_1684	HAS_DISPOSITION	DR_1333
S_1685	APPLIES_UNDER	CR_1455
S_1685	HAS_DISPOSITION	DR_1334
S_1686	APPLIES_UNDER	CR_1456
S_1686	HAS_DISPOSITION	DR_1335
S_1687	APPLIES_UNDER	CR_1457
S_1687	HAS_DISPOSITION	DR_1336
S_1688	APPLIES_UNDER	CR_1458
S_1688	HAS_DISPOSITION	DR_1337
S_1689	APPLIES_UNDER	CR_1459
S_1689	HAS_DISPOSITION	DR_1338
S_169	HAS_DISPOSITION	DR_068
S_1690	APPLIES_UNDER	CR_1460
S_1690	HAS_DISPOSITION	DR_1339
S_1691	APPLIES_UNDER	CR_1461
S_1691	HAS_DISPOSITION	DR_1340
S_1692	APPLIES_UNDER	CR_1462
S_1692	HAS_DISPOSITION	DR_1341
S_1693	APPLIES_UNDER	CR_1463
S_1693	HAS_DISPOSITION	DR_1342
S_1694	APPLIES_UNDER	CR_1464
S_1694	HAS_DISPOSITION	DR_1343
S_1695	APPLIES_UNDER	CR_1465
S_1695	HAS_DISPOSITION	DR_1344
S_1696	APPLIES_UNDER	CR_1466
S_1696	HAS_DISPOSITION	DR_1345
S_1697	APPLIES_UNDER	CR_1467
S_1697	HAS_DISPOSITION	DR_1346
S_1698	APPLIES_UNDER	CR_1468
S_1698	HAS_DISPOSITION	DR_1347
S_1699	APPLIES_UNDER	CR_1469
S_1699	HAS_DISPOSITION	DR_1348
S_170	HAS_DISPOSITION	DR_182
S_1700	APPLIES_UNDER	CR_1470
S_1700	HAS_DISPOSITION	DR_1349
S_1701	APPLIES_UNDER	CR_1471
S_1701	HAS_DISPOSITION	DR_1350
S_1702	APPLIES_UNDER	CR_1472
S_1702	HAS_DISPOSITION	DR_1351
S_1703	APPLIES_UNDER	CR_1473
S_1703	HAS_DISPOSITION	DR_1352
S_172	HAS_DISPOSITION	DR_069
S_173	HAS_DISPOSITION	DR_069
S_174	HAS_DISPOSITION	DR_069
S_175	HAS_DISPOSITION	DR_069
S_178	HAS_DISPOSITION	DR_071
S_179	HAS_DISPOSITION	DR_072
S_181	HAS_DISPOSITION	DR_073
S_183	HAS_DISPOSITION	DR_073
S_184	HAS_DISPOSITION	DR_073
S_185	HAS_DISPOSITION	DR_073
S_187	APPLIES_UNDER	CR_062
S_187	HAS_DISPOSITION	DR_074
S_188	HAS_DISPOSITION	DR_075
S_190	HAS_DISPOSITION	DR_076
S_191	APPLIES_UNDER	CR_063
S_192	APPLIES_UNDER	CR_064
S_193	HAS_DISPOSITION	DR_077
S_195	HAS_DISPOSITION	DR_077
S_196	HAS_DISPOSITION	DR_077
S_197	HAS_DISPOSITION	DR_078
S_199	HAS_DISPOSITION	DR_079
S_201	HAS_DISPOSITION	DR_081
S_203	HAS_DISPOSITION	DR_081
S_205	HAS_DISPOSITION	DR_081
S_207	HAS_DISPOSITION	DR_081
S_210	HAS_DISPOSITION	DR_081
S_211	HAS_DISPOSITION	DR_081
S_212	HAS_DISPOSITION	DR_080
S_213	HAS_DISPOSITION	DR_082
S_218	HAS_DISPOSITION	DR_081
S_221	HAS_DISPOSITION	DR_081
S_228	HAS_DISPOSITION	DR_081
S_229	HAS_DISPOSITION	DR_081
S_230	HAS_DISPOSITION	DR_081
S_231	HAS_DISPOSITION	DR_081
S_236	HAS_DISPOSITION	DR_086
S_237	HAS_DISPOSITION	DR_086
S_246	HAS_DISPOSITION	DR_088
S_248	HAS_DISPOSITION	DR_088
S_252	HAS_DISPOSITION	DR_088
S_254	APPLIES_UNDER	CR_070
S_255	HAS_DISPOSITION	DR_087
S_256	HAS_DISPOSITION	DR_087
S_257	APPLIES_UNDER	CR_071
S_258	HAS_DISPOSITION	DR_089
S_259	APPLIES_UNDER	CR_074
S_259	HAS_DISPOSITION	DR_092
S_261	APPLIES_UNDER	CR_075
S_262	HAS_DISPOSITION	DR_092
S_263	HAS_DISPOSITION	DR_092
S_265	HAS_DISPOSITION	DR_093
S_266	APPLIES_UNDER	CR_072
S_267	APPLIES_UNDER	CR_073
S_268	APPLIES_UNDER	CR_081
S_268	HAS_DISPOSITION	DR_096
S_270	HAS_DISPOSITION	DR_097
S_277	APPLIES_UNDER	CR_083
S_277	HAS_DISPOSITION	DR_099
S_279	HAS_DISPOSITION	DR_100
S_280	HAS_DISPOSITION	DR_101
S_281	APPLIES_UNDER	CR_086
S_282	APPLIES_UNDER	CR_152
S_282	HAS_DISPOSITION	DR_102
S_283	APPLIES_UNDER	CR_087
S_283	HAS_DISPOSITION	DR_102
S_285	HAS_DISPOSITION	DR_103
S_286	APPLIES_UNDER	CR_076
S_286	APPLIES_UNDER	CR_089
S_287	APPLIES_UNDER	CR_078
S_288	APPLIES_UNDER	CR_077
S_288	APPLIES_UNDER	CR_079
S_289	APPLIES_UNDER	CR_091
S_289	HAS_DISPOSITION	DR_106
S_290	APPLIES_UNDER	CR_092
S_290	APPLIES_UNDER	CR_094
S_291	APPLIES_UNDER	CR_093
S_291	HAS_DISPOSITION	DR_106
S_292	HAS_DISPOSITION	DR_106
S_294	HAS_DISPOSITION	DR_111
S_296	HAS_DISPOSITION	DR_110
S_297	HAS_DISPOSITION	DR_110
S_297	HAS_DISPOSITION	DR_111
S_298	HAS_DISPOSITION	DR_110
S_298	HAS_DISPOSITION	DR_111
S_300	HAS_DISPOSITION	DR_111
S_301	HAS_DISPOSITION	DR_111
S_302	HAS_DISPOSITION	DR_113
S_304	HAS_DISPOSITION	DR_114
S_305	HAS_DISPOSITION	DR_114
S_307	HAS_DISPOSITION	DR_119
S_308	HAS_DISPOSITION	DR_118
S_308	HAS_DISPOSITION	DR_119
S_311	HAS_DISPOSITION	DR_119
S_314	HAS_DISPOSITION	DR_118
S_314	HAS_DISPOSITION	DR_119
S_315	HAS_DISPOSITION	DR_120
S_316	APPLIES_UNDER	CR_095
S_316	APPLIES_UNDER	CR_096
S_316	HAS_DISPOSITION	DR_122
S_318	HAS_DISPOSITION	DR_121
S_318	HAS_DISPOSITION	DR_122
S_320	HAS_DISPOSITION	DR_125
S_321	HAS_DISPOSITION	DR_125
S_322	HAS_DISPOSITION	DR_124
S_323	HAS_DISPOSITION	DR_124
S_324	APPLIES_UNDER	CR_098
S_324	HAS_DISPOSITION	DR_124
S_327	HAS_DISPOSITION	DR_124
S_328	HAS_DISPOSITION	DR_124
S_328	HAS_DISPOSITION	DR_125
S_329	HAS_DISPOSITION	DR_124
S_329	HAS_DISPOSITION	DR_125
S_330	HAS_DISPOSITION	DR_124
S_331	HAS_DISPOSITION	DR_125
S_333	HAS_DISPOSITION	DR_124
S_334	HAS_DISPOSITION	DR_125
S_335	HAS_DISPOSITION	DR_124
S_335	HAS_DISPOSITION	DR_125
S_336	HAS_DISPOSITION	DR_125
S_337	HAS_DISPOSITION	DR_124
S_337	HAS_DISPOSITION	DR_125
S_338	HAS_DISPOSITION	DR_128
S_338	HAS_DISPOSITION	DR_129
S_339	APPLIES_UNDER	CR_099
S_339	APPLIES_UNDER	CR_101
S_342	APPLIES_UNDER	CR_100
S_343	APPLIES_UNDER	CR_102
S_350	HAS_DISPOSITION	DR_136
S_351	HAS_DISPOSITION	DR_137
S_352	APPLIES_UNDER	CR_103
S_352	HAS_DISPOSITION	DR_135
S_353	APPLIES_UNDER	CR_104
S_353	APPLIES_UNDER	CR_105
S_354	APPLIES_UNDER	CR_106
S_354	HAS_DISPOSITION	DR_141
S_355	APPLIES_UNDER	CR_107
S_355	HAS_DISPOSITION	DR_141
S_356	HAS_DISPOSITION	DR_147
S_357	APPLIES_UNDER	CR_108
S_357	HAS_DISPOSITION	DR_146
S_358	APPLIES_UNDER	CR_109
S_358	HAS_DISPOSITION	DR_150
S_359	APPLIES_UNDER	CR_113
S_359	HAS_DISPOSITION	DR_155
S_360	APPLIES_UNDER	CR_115
S_360	HAS_DISPOSITION	DR_159
S_361	APPLIES_UNDER	CR_116
S_361	HAS_DISPOSITION	DR_160
S_362	HAS_DISPOSITION	DR_168
S_363	APPLIES_UNDER	CR_117
S_364	APPLIES_UNDER	CR_118
S_364	APPLIES_UNDER	CR_151
S_366	APPLIES_UNDER	CR_119
S_366	HAS_DISPOSITION	DR_169
S_368	HAS_DISPOSITION	DR_171
S_369	APPLIES_UNDER	CR_121
S_369	HAS_DISPOSITION	DR_172
S_374	APPLIES_UNDER	CR_123
S_375	HAS_DISPOSITION	DR_173
S_377	HAS_DISPOSITION	DR_175
S_378	HAS_DISPOSITION	DR_174
S_379	HAS_DISPOSITION	DR_174
S_380	HAS_DISPOSITION	DR_174
S_381	APPLIES_UNDER	CR_125
S_381	HAS_DISPOSITION	DR_174
S_382	HAS_DISPOSITION	DR_176
S_384	HAS_DISPOSITION	DR_176
S_384	HAS_DISPOSITION	DR_177
S_385	APPLIES_UNDER	CR_124
S_385	HAS_DISPOSITION	DR_178
S_389	HAS_DISPOSITION	DR_180
S_390	APPLIES_UNDER	CR_128
S_390	HAS_DISPOSITION	DR_181
S_391	APPLIES_UNDER	CR_129
S_392	APPLIES_UNDER	CR_134
S_394	APPLIES_UNDER	CR_131
S_394	APPLIES_UNDER	CR_132
S_395	HAS_DISPOSITION	DR_183
S_397	APPLIES_UNDER	CR_130
S_398	APPLIES_UNDER	CR_135
S_399	APPLIES_UNDER	CR_136
S_399	HAS_DISPOSITION	DR_184
S_400	APPLIES_UNDER	CR_138
S_400	HAS_DISPOSITION	DR_183
S_401	APPLIES_UNDER	CR_139
S_401	HAS_DISPOSITION	DR_186
S_402	APPLIES_UNDER	CR_141
S_402	HAS_DISPOSITION	DR_187
S_403	APPLIES_UNDER	CR_144
S_403	HAS_DISPOSITION	DR_188
S_404	APPLIES_UNDER	CR_145
S_405	APPLIES_UNDER	CR_137
S_406	HAS_DISPOSITION	DR_185
S_535	APPLIES_UNDER	CR_153
S_535	HAS_DISPOSITION	DR_189
S_536	APPLIES_UNDER	CR_154
S_536	HAS_DISPOSITION	DR_190
S_537	APPLIES_UNDER	CR_155
S_537	HAS_DISPOSITION	DR_191
S_538	APPLIES_UNDER	CR_156
S_538	HAS_DISPOSITION	DR_192
S_539	APPLIES_UNDER	CR_157
S_539	HAS_DISPOSITION	DR_193
S_540	APPLIES_UNDER	CR_158
S_540	HAS_DISPOSITION	DR_194
S_541	APPLIES_UNDER	CR_159
S_541	HAS_DISPOSITION	DR_195
S_542	APPLIES_UNDER	CR_160
S_542	HAS_DISPOSITION	DR_196
S_543	APPLIES_UNDER	CR_161
S_543	HAS_DISPOSITION	DR_197
S_544	APPLIES_UNDER	CR_162
S_544	HAS_DISPOSITION	DR_198
S_545	APPLIES_UNDER	CR_163
S_545	HAS_DISPOSITION	DR_199
S_546	APPLIES_UNDER	CR_164
S_546	HAS_DISPOSITION	DR_200
S_547	APPLIES_UNDER	CR_165
S_547	HAS_DISPOSITION	DR_201
S_548	APPLIES_UNDER	CR_166
S_548	HAS_DISPOSITION	DR_202
S_549	APPLIES_UNDER	CR_167
S_549	HAS_DISPOSITION	DR_203
S_550	APPLIES_UNDER	CR_168
S_550	HAS_DISPOSITION	DR_204
S_551	APPLIES_UNDER	CR_169
S_551	HAS_DISPOSITION	DR_205
S_552	APPLIES_UNDER	CR_170
S_552	HAS_DISPOSITION	DR_206
S_553	APPLIES_UNDER	CR_171
S_553	HAS_DISPOSITION	DR_207
S_554	APPLIES_UNDER	CR_172
S_554	HAS_DISPOSITION	DR_208
S_555	APPLIES_UNDER	CR_173
S_555	HAS_DISPOSITION	DR_209
S_556	APPLIES_UNDER	CR_174
S_556	HAS_DISPOSITION	DR_210
S_557	APPLIES_UNDER	CR_175
S_557	HAS_DISPOSITION	DR_211
S_558	APPLIES_UNDER	CR_176
S_558	HAS_DISPOSITION	DR_212
S_559	APPLIES_UNDER	CR_177
S_559	HAS_DISPOSITION	DR_213
S_560	APPLIES_UNDER	CR_178
S_560	HAS_DISPOSITION	DR_214
S_561	APPLIES_UNDER	CR_179
S_561	HAS_DISPOSITION	DR_215
S_562	APPLIES_UNDER	CR_180
S_562	HAS_DISPOSITION	DR_216
S_563	APPLIES_UNDER	CR_181
S_563	HAS_DISPOSITION	DR_217
S_564	APPLIES_UNDER	CR_182
S_564	HAS_DISPOSITION	DR_218
S_565	APPLIES_UNDER	CR_183
S_565	HAS_DISPOSITION	DR_219
S_566	APPLIES_UNDER	CR_184
S_566	HAS_DISPOSITION	DR_220
S_567	APPLIES_UNDER	CR_185
S_567	HAS_DISPOSITION	DR_221
S_568	APPLIES_UNDER	CR_186
S_568	HAS_DISPOSITION	DR_222
S_569	APPLIES_UNDER	CR_187
S_569	HAS_DISPOSITION	DR_223
S_570	APPLIES_UNDER	CR_188
S_570	HAS_DISPOSITION	DR_224
S_571	APPLIES_UNDER	CR_189
S_571	HAS_DISPOSITION	DR_225
S_572	APPLIES_UNDER	CR_190
S_572	HAS_DISPOSITION	DR_226
S_573	APPLIES_UNDER	CR_191
S_573	HAS_DISPOSITION	DR_227
S_574	APPLIES_UNDER	CR_192
S_574	HAS_DISPOSITION	DR_228
S_575	APPLIES_UNDER	CR_193
S_575	HAS_DISPOSITION	DR_229
S_576	APPLIES_UNDER	CR_194
S_576	HAS_DISPOSITION	DR_230
S_577	APPLIES_UNDER	CR_195
S_577	HAS_DISPOSITION	DR_231
S_578	APPLIES_UNDER	CR_196
S_578	HAS_DISPOSITION	DR_232
S_579	APPLIES_UNDER	CR_197
S_579	HAS_DISPOSITION	DR_233
S_580	APPLIES_UNDER	CR_198
S_580	HAS_DISPOSITION	DR_234
S_581	APPLIES_UNDER	CR_199
S_581	HAS_DISPOSITION	DR_235
S_582	APPLIES_UNDER	CR_200
S_582	HAS_DISPOSITION	DR_236
S_583	APPLIES_UNDER	CR_201
S_583	HAS_DISPOSITION	DR_237
S_584	APPLIES_UNDER	CR_202
S_584	HAS_DISPOSITION	DR_238
S_585	APPLIES_UNDER	CR_203
S_585	HAS_DISPOSITION	DR_239
S_586	APPLIES_UNDER	CR_204
S_586	HAS_DISPOSITION	DR_240
S_587	APPLIES_UNDER	CR_205
S_587	HAS_DISPOSITION	DR_241
S_588	APPLIES_UNDER	CR_206
S_588	HAS_DISPOSITION	DR_242
S_589	APPLIES_UNDER	CR_207
S_589	HAS_DISPOSITION	DR_243
S_590	APPLIES_UNDER	CR_208
S_590	HAS_DISPOSITION	DR_244
S_591	APPLIES_UNDER	CR_209
S_591	HAS_DISPOSITION	DR_245
S_592	APPLIES_UNDER	CR_210
S_592	HAS_DISPOSITION	DR_246
S_593	APPLIES_UNDER	CR_211
S_593	HAS_DISPOSITION	DR_247
S_594	APPLIES_UNDER	CR_212
S_594	HAS_DISPOSITION	DR_248
S_595	APPLIES_UNDER	CR_213
S_595	HAS_DISPOSITION	DR_249
S_596	APPLIES_UNDER	CR_214
S_596	HAS_DISPOSITION	DR_250
S_597	APPLIES_UNDER	CR_215
S_597	HAS_DISPOSITION	DR_251
S_598	APPLIES_UNDER	CR_216
S_598	HAS_DISPOSITION	DR_252
S_599	APPLIES_UNDER	CR_217
S_599	HAS_DISPOSITION	DR_253
S_599	HAS_DISPOSITION	DR_254
S_600	APPLIES_UNDER	CR_218
S_600	HAS_DISPOSITION	DR_255
S_600	HAS_DISPOSITION	DR_256
S_601	APPLIES_UNDER	CR_219
S_601	HAS_DISPOSITION	DR_257
S_601	HAS_DISPOSITION	DR_258
S_602	APPLIES_UNDER	CR_220
S_602	HAS_DISPOSITION	DR_259
S_603	APPLIES_UNDER	CR_221
S_603	HAS_DISPOSITION	DR_260
S_604	APPLIES_UNDER	CR_222
S_604	HAS_DISPOSITION	DR_261
S_605	APPLIES_UNDER	CR_223
S_605	HAS_DISPOSITION	DR_262
S_606	APPLIES_UNDER	CR_224
S_606	HAS_DISPOSITION	DR_263
S_607	APPLIES_UNDER	CR_225
S_607	HAS_DISPOSITION	DR_264
S_607	HAS_DISPOSITION	DR_265
S_608	APPLIES_UNDER	CR_226
S_608	HAS_DISPOSITION	DR_266
S_608	HAS_DISPOSITION	DR_267
S_609	APPLIES_UNDER	CR_227
S_609	HAS_DISPOSITION	DR_268
S_609	HAS_DISPOSITION	DR_269
S_610	APPLIES_UNDER	CR_228
S_610	HAS_DISPOSITION	DR_270
S_611	APPLIES_UNDER	CR_229
S_611	HAS_DISPOSITION	DR_271
S_612	APPLIES_UNDER	CR_230
S_612	HAS_DISPOSITION	DR_272
S_613	APPLIES_UNDER	CR_231
S_613	HAS_DISPOSITION	DR_273
S_614	APPLIES_UNDER	CR_232
S_614	HAS_DISPOSITION	DR_274
S_615	APPLIES_UNDER	CR_233
S_615	HAS_DISPOSITION	DR_275
S_616	APPLIES_UNDER	CR_234
S_616	HAS_DISPOSITION	DR_276
S_617	APPLIES_UNDER	CR_235
S_617	HAS_DISPOSITION	DR_277
S_618	APPLIES_UNDER	CR_236
S_618	HAS_DISPOSITION	DR_278
S_619	APPLIES_UNDER	CR_237
S_619	HAS_DISPOSITION	DR_279
S_620	APPLIES_UNDER	CR_238
S_620	HAS_DISPOSITION	DR_280
S_621	APPLIES_UNDER	CR_239
S_621	HAS_DISPOSITION	DR_281
S_622	APPLIES_UNDER	CR_240
S_622	HAS_DISPOSITION	DR_282
S_623	APPLIES_UNDER	CR_241
S_623	HAS_DISPOSITION	DR_283
S_624	APPLIES_UNDER	CR_242
S_624	HAS_DISPOSITION	DR_284
S_625	APPLIES_UNDER	CR_243
S_625	HAS_DISPOSITION	DR_285
S_626	APPLIES_UNDER	CR_255
S_626	HAS_DISPOSITION	DR_298
S_627	APPLIES_UNDER	CR_256
S_627	HAS_DISPOSITION	DR_299
S_628	APPLIES_UNDER	CR_257
S_628	HAS_DISPOSITION	DR_300
S_629	APPLIES_UNDER	CR_258
S_629	HAS_DISPOSITION	DR_301
S_630	APPLIES_UNDER	CR_259
S_630	HAS_DISPOSITION	DR_302
S_631	APPLIES_UNDER	CR_260
S_631	HAS_DISPOSITION	DR_303
S_632	APPLIES_UNDER	CR_261
S_632	HAS_DISPOSITION	DR_304
S_633	APPLIES_UNDER	CR_262
S_633	HAS_DISPOSITION	DR_305
S_634	APPLIES_UNDER	CR_263
S_634	HAS_DISPOSITION	DR_306
S_635	APPLIES_UNDER	CR_264
S_635	HAS_DISPOSITION	DR_307
S_636	APPLIES_UNDER	CR_265
S_636	HAS_DISPOSITION	DR_308
S_637	APPLIES_UNDER	CR_266
S_637	HAS_DISPOSITION	DR_309
S_638	APPLIES_UNDER	CR_267
S_638	HAS_DISPOSITION	DR_310
S_639	APPLIES_UNDER	CR_268
S_639	HAS_DISPOSITION	DR_311
S_640	APPLIES_UNDER	CR_269
S_640	HAS_DISPOSITION	DR_312
S_641	APPLIES_UNDER	CR_270
S_641	HAS_DISPOSITION	DR_313
S_642	APPLIES_UNDER	CR_271
S_642	HAS_DISPOSITION	DR_314
S_643	APPLIES_UNDER	CR_272
S_643	HAS_DISPOSITION	DR_315
S_644	APPLIES_UNDER	CR_273
S_644	HAS_DISPOSITION	DR_316
S_645	APPLIES_UNDER	CR_274
S_645	HAS_DISPOSITION	DR_317
S_646	APPLIES_UNDER	CR_275
S_646	HAS_DISPOSITION	DR_318
S_647	APPLIES_UNDER	CR_276
S_647	HAS_DISPOSITION	DR_319
S_648	APPLIES_UNDER	CR_277
S_648	HAS_DISPOSITION	DR_320
S_649	APPLIES_UNDER	CR_278
S_649	HAS_DISPOSITION	DR_321
S_650	APPLIES_UNDER	CR_279
S_650	HAS_DISPOSITION	DR_322
S_651	APPLIES_UNDER	CR_280
S_651	HAS_DISPOSITION	DR_323
S_652	APPLIES_UNDER	CR_281
S_652	HAS_DISPOSITION	DR_324
S_653	APPLIES_UNDER	CR_282
S_653	HAS_DISPOSITION	DR_325
S_654	APPLIES_UNDER	CR_283
S_654	HAS_DISPOSITION	DR_326
S_655	APPLIES_UNDER	CR_284
S_655	HAS_DISPOSITION	DR_327
S_656	APPLIES_UNDER	CR_285
S_656	HAS_DISPOSITION	DR_328
S_657	APPLIES_UNDER	CR_286
S_657	HAS_DISPOSITION	DR_329
S_658	APPLIES_UNDER	CR_287
S_658	HAS_DISPOSITION	DR_330
S_659	APPLIES_UNDER	CR_288
S_659	HAS_DISPOSITION	DR_331
S_660	APPLIES_UNDER	CR_289
S_660	HAS_DISPOSITION	DR_332
S_661	APPLIES_UNDER	CR_290
S_661	HAS_DISPOSITION	DR_333
S_662	APPLIES_UNDER	CR_291
S_662	HAS_DISPOSITION	DR_334
S_663	APPLIES_UNDER	CR_292
S_663	HAS_DISPOSITION	DR_335
S_664	APPLIES_UNDER	CR_293
S_664	HAS_DISPOSITION	DR_336
S_665	APPLIES_UNDER	CR_294
S_665	HAS_DISPOSITION	DR_337
S_666	APPLIES_UNDER	CR_295
S_666	HAS_DISPOSITION	DR_338
S_667	APPLIES_UNDER	CR_296
S_667	HAS_DISPOSITION	DR_339
S_668	APPLIES_UNDER	CR_297
S_668	HAS_DISPOSITION	DR_340
S_669	APPLIES_UNDER	CR_298
S_669	HAS_DISPOSITION	DR_341
S_670	APPLIES_UNDER	CR_299
S_670	HAS_DISPOSITION	DR_342
S_671	APPLIES_UNDER	CR_300
S_671	HAS_DISPOSITION	DR_343
S_672	APPLIES_UNDER	CR_301
S_672	HAS_DISPOSITION	DR_344
S_673	APPLIES_UNDER	CR_302
S_673	HAS_DISPOSITION	DR_345
S_674	APPLIES_UNDER	CR_303
S_674	HAS_DISPOSITION	DR_346
S_675	APPLIES_UNDER	CR_304
S_675	HAS_DISPOSITION	DR_347
S_676	APPLIES_UNDER	CR_305
S_676	HAS_DISPOSITION	DR_348
S_677	APPLIES_UNDER	CR_306
S_677	HAS_DISPOSITION	DR_349
S_678	APPLIES_UNDER	CR_307
S_678	HAS_DISPOSITION	DR_350
S_679	APPLIES_UNDER	CR_308
S_679	HAS_DISPOSITION	DR_351
S_680	APPLIES_UNDER	CR_309
S_680	HAS_DISPOSITION	DR_352
S_681	APPLIES_UNDER	CR_310
S_681	HAS_DISPOSITION	DR_353
S_682	APPLIES_UNDER	CR_311
S_682	HAS_DISPOSITION	DR_354
S_683	APPLIES_UNDER	CR_312
S_683	HAS_DISPOSITION	DR_355
S_684	APPLIES_UNDER	CR_313
S_684	HAS_DISPOSITION	DR_356
S_685	APPLIES_UNDER	CR_314
S_685	HAS_DISPOSITION	DR_357
S_686	APPLIES_UNDER	CR_315
S_686	HAS_DISPOSITION	DR_358
S_687	APPLIES_UNDER	CR_316
S_687	HAS_DISPOSITION	DR_359
S_688	APPLIES_UNDER	CR_317
S_688	HAS_DISPOSITION	DR_360
S_689	APPLIES_UNDER	CR_318
S_689	HAS_DISPOSITION	DR_361
S_690	APPLIES_UNDER	CR_319
S_690	HAS_DISPOSITION	DR_362
S_691	APPLIES_UNDER	CR_320
S_691	HAS_DISPOSITION	DR_363
S_692	APPLIES_UNDER	CR_321
S_692	HAS_DISPOSITION	DR_364
S_693	APPLIES_UNDER	CR_322
S_693	HAS_DISPOSITION	DR_365
S_694	APPLIES_UNDER	CR_323
S_694	HAS_DISPOSITION	DR_366
S_695	APPLIES_UNDER	CR_324
S_695	HAS_DISPOSITION	DR_367
S_696	APPLIES_UNDER	CR_325
S_696	HAS_DISPOSITION	DR_368
S_697	APPLIES_UNDER	CR_326
S_697	HAS_DISPOSITION	DR_369
S_698	APPLIES_UNDER	CR_327
S_698	HAS_DISPOSITION	DR_370
S_699	APPLIES_UNDER	CR_328
S_699	HAS_DISPOSITION	DR_371
S_700	APPLIES_UNDER	CR_329
S_700	HAS_DISPOSITION	DR_372
S_701	APPLIES_UNDER	CR_330
S_701	HAS_DISPOSITION	DR_373
S_702	APPLIES_UNDER	CR_331
S_702	HAS_DISPOSITION	DR_374
S_703	APPLIES_UNDER	CR_332
S_703	HAS_DISPOSITION	DR_375
S_704	APPLIES_UNDER	CR_333
S_704	HAS_DISPOSITION	DR_376
S_705	APPLIES_UNDER	CR_334
S_705	HAS_DISPOSITION	DR_377
S_706	APPLIES_UNDER	CR_335
S_706	HAS_DISPOSITION	DR_378
S_707	APPLIES_UNDER	CR_336
S_707	HAS_DISPOSITION	DR_379
S_708	APPLIES_UNDER	CR_337
S_708	HAS_DISPOSITION	DR_380
S_709	APPLIES_UNDER	CR_338
S_709	HAS_DISPOSITION	DR_381
S_710	APPLIES_UNDER	CR_339
S_710	HAS_DISPOSITION	DR_382
S_711	APPLIES_UNDER	CR_340
S_711	HAS_DISPOSITION	DR_383
S_712	APPLIES_UNDER	CR_341
S_712	HAS_DISPOSITION	DR_384
S_713	APPLIES_UNDER	CR_342
S_713	HAS_DISPOSITION	DR_385
S_714	APPLIES_UNDER	CR_343
S_714	HAS_DISPOSITION	DR_386
S_715	APPLIES_UNDER	CR_344
S_715	HAS_DISPOSITION	DR_286
S_716	APPLIES_UNDER	CR_244
S_716	HAS_DISPOSITION	DR_287
S_717	APPLIES_UNDER	CR_245
S_717	HAS_DISPOSITION	DR_288
S_718	APPLIES_UNDER	CR_246
S_718	HAS_DISPOSITION	DR_289
S_719	APPLIES_UNDER	CR_247
S_719	HAS_DISPOSITION	DR_290
S_720	APPLIES_UNDER	CR_248
S_720	HAS_DISPOSITION	DR_291
S_721	APPLIES_UNDER	CR_249
S_721	HAS_DISPOSITION	DR_292
S_722	APPLIES_UNDER	CR_250
S_722	HAS_DISPOSITION	DR_293
S_723	APPLIES_UNDER	CR_251
S_723	HAS_DISPOSITION	DR_294
S_724	APPLIES_UNDER	CR_252
S_724	HAS_DISPOSITION	DR_295
S_725	APPLIES_UNDER	CR_253
S_725	HAS_DISPOSITION	DR_296
S_726	APPLIES_UNDER	CR_254
S_726	HAS_DISPOSITION	DR_297
S_737	APPLIES_UNDER	CR_366
S_737	HAS_DISPOSITION	DR_387
S_738	APPLIES_UNDER	CR_367
S_738	HAS_DISPOSITION	DR_388
S_739	APPLIES_UNDER	CR_368
S_739	HAS_DISPOSITION	DR_389
S_740	APPLIES_UNDER	CR_369
S_741	APPLIES_UNDER	CR_370
S_742	APPLIES_UNDER	CR_371
S_742	HAS_DISPOSITION	DR_390
S_743	APPLIES_UNDER	CR_372
S_743	HAS_DISPOSITION	DR_391
S_744	APPLIES_UNDER	CR_373
S_744	HAS_DISPOSITION	DR_392
S_745	APPLIES_UNDER	CR_374
S_745	HAS_DISPOSITION	DR_393
S_746	APPLIES_UNDER	CR_375
S_746	HAS_DISPOSITION	DR_394
S_747	APPLIES_UNDER	CR_376
S_747	HAS_DISPOSITION	DR_395
S_748	APPLIES_UNDER	CR_377
S_748	HAS_DISPOSITION	DR_396
S_749	APPLIES_UNDER	CR_378
S_749	HAS_DISPOSITION	DR_397
S_750	APPLIES_UNDER	CR_379
S_750	HAS_DISPOSITION	DR_398
S_751	APPLIES_UNDER	CR_380
S_751	HAS_DISPOSITION	DR_399
S_752	APPLIES_UNDER	CR_381
S_752	HAS_DISPOSITION	DR_400
S_753	APPLIES_UNDER	CR_382
S_753	HAS_DISPOSITION	DR_401
S_754	APPLIES_UNDER	CR_383
S_754	HAS_DISPOSITION	DR_402
S_755	APPLIES_UNDER	CR_384
S_755	HAS_DISPOSITION	DR_403
S_756	APPLIES_UNDER	CR_385
S_756	HAS_DISPOSITION	DR_404
S_757	APPLIES_UNDER	CR_386
S_757	HAS_DISPOSITION	DR_405
S_758	APPLIES_UNDER	CR_387
S_758	HAS_DISPOSITION	DR_406
S_759	APPLIES_UNDER	CR_388
S_759	HAS_DISPOSITION	DR_409
S_760	APPLIES_UNDER	CR_389
S_760	HAS_DISPOSITION	DR_410
S_761	APPLIES_UNDER	CR_390
S_761	HAS_DISPOSITION	DR_411
S_762	APPLIES_UNDER	CR_391
S_762	HAS_DISPOSITION	DR_412
S_763	APPLIES_UNDER	CR_392
S_763	HAS_DISPOSITION	DR_413
S_764	APPLIES_UNDER	CR_393
S_764	HAS_DISPOSITION	DR_414
S_765	APPLIES_UNDER	CR_394
S_765	HAS_DISPOSITION	DR_415
S_766	APPLIES_UNDER	CR_395
S_766	HAS_DISPOSITION	DR_416
S_767	APPLIES_UNDER	CR_396
S_767	HAS_DISPOSITION	DR_417
S_768	APPLIES_UNDER	CR_397
S_768	HAS_DISPOSITION	DR_418
S_769	APPLIES_UNDER	CR_398
S_769	HAS_DISPOSITION	DR_419
S_770	APPLIES_UNDER	CR_399
S_770	HAS_DISPOSITION	DR_420
S_771	APPLIES_UNDER	CR_400
S_771	HAS_DISPOSITION	DR_421
S_772	APPLIES_UNDER	CR_401
S_772	HAS_DISPOSITION	DR_422
S_773	APPLIES_UNDER	CR_402
S_773	HAS_DISPOSITION	DR_423
S_774	APPLIES_UNDER	CR_403
S_774	HAS_DISPOSITION	DR_424
S_775	APPLIES_UNDER	CR_404
S_775	HAS_DISPOSITION	DR_425
S_776	APPLIES_UNDER	CR_405
S_776	HAS_DISPOSITION	DR_426
S_777	APPLIES_UNDER	CR_406
S_777	HAS_DISPOSITION	DR_427
S_778	APPLIES_UNDER	CR_407
S_778	HAS_DISPOSITION	DR_428
S_779	APPLIES_UNDER	CR_408
S_779	HAS_DISPOSITION	DR_429
S_780	APPLIES_UNDER	CR_409
S_780	HAS_DISPOSITION	DR_430
S_781	APPLIES_UNDER	CR_410
S_781	HAS_DISPOSITION	DR_431
S_782	APPLIES_UNDER	CR_411
S_782	HAS_DISPOSITION	DR_432
S_783	APPLIES_UNDER	CR_412
S_783	HAS_DISPOSITION	DR_433
S_784	APPLIES_UNDER	CR_413
S_784	HAS_DISPOSITION	DR_434
S_785	APPLIES_UNDER	CR_414
S_785	HAS_DISPOSITION	DR_435
S_786	APPLIES_UNDER	CR_415
S_786	HAS_DISPOSITION	DR_436
S_787	APPLIES_UNDER	CR_416
S_787	HAS_DISPOSITION	DR_437
S_788	APPLIES_UNDER	CR_417
S_788	HAS_DISPOSITION	DR_438
S_789	APPLIES_UNDER	CR_418
S_789	HAS_DISPOSITION	DR_439
S_790	APPLIES_UNDER	CR_419
S_790	HAS_DISPOSITION	DR_440
S_791	APPLIES_UNDER	CR_420
S_791	HAS_DISPOSITION	DR_441
S_792	APPLIES_UNDER	CR_421
S_792	HAS_DISPOSITION	DR_442
S_793	APPLIES_UNDER	CR_422
S_793	HAS_DISPOSITION	DR_443
S_794	APPLIES_UNDER	CR_423
S_794	HAS_DISPOSITION	DR_444
S_795	APPLIES_UNDER	CR_424
S_795	HAS_DISPOSITION	DR_445
S_796	APPLIES_UNDER	CR_425
S_796	HAS_DISPOSITION	DR_446
S_797	APPLIES_UNDER	CR_426
S_797	HAS_DISPOSITION	DR_447
S_798	APPLIES_UNDER	CR_427
S_798	HAS_DISPOSITION	DR_448
S_799	APPLIES_UNDER	CR_428
S_799	HAS_DISPOSITION	DR_449
S_800	APPLIES_UNDER	CR_429
S_800	HAS_DISPOSITION	DR_450
S_801	APPLIES_UNDER	CR_430
S_801	HAS_DISPOSITION	DR_451
S_802	APPLIES_UNDER	CR_431
S_802	HAS_DISPOSITION	DR_452
S_803	APPLIES_UNDER	CR_432
S_803	HAS_DISPOSITION	DR_453
S_804	APPLIES_UNDER	CR_433
S_804	HAS_DISPOSITION	DR_454
S_805	APPLIES_UNDER	CR_434
S_805	HAS_DISPOSITION	DR_455
S_806	APPLIES_UNDER	CR_435
S_806	HAS_DISPOSITION	DR_456
S_807	APPLIES_UNDER	CR_436
S_807	HAS_DISPOSITION	DR_457
S_808	APPLIES_UNDER	CR_437
S_808	HAS_DISPOSITION	DR_458
S_809	APPLIES_UNDER	CR_438
S_809	HAS_DISPOSITION	DR_459
S_810	APPLIES_UNDER	CR_439
S_810	HAS_DISPOSITION	DR_460
S_811	APPLIES_UNDER	CR_440
S_811	HAS_DISPOSITION	DR_461
S_812	APPLIES_UNDER	CR_441
S_812	HAS_DISPOSITION	DR_462
S_813	APPLIES_UNDER	CR_442
S_813	HAS_DISPOSITION	DR_463
S_814	APPLIES_UNDER	CR_443
S_814	HAS_DISPOSITION	DR_464
S_815	APPLIES_UNDER	CR_444
S_815	HAS_DISPOSITION	DR_465
S_816	APPLIES_UNDER	CR_445
S_816	HAS_DISPOSITION	DR_466
S_817	APPLIES_UNDER	CR_446
S_817	HAS_DISPOSITION	DR_467
S_818	APPLIES_UNDER	CR_447
S_818	HAS_DISPOSITION	DR_468
S_819	APPLIES_UNDER	CR_448
S_819	HAS_DISPOSITION	DR_469
S_820	APPLIES_UNDER	CR_449
S_820	HAS_DISPOSITION	DR_470
S_821	APPLIES_UNDER	CR_450
S_821	HAS_DISPOSITION	DR_471
S_822	APPLIES_UNDER	CR_451
S_822	HAS_DISPOSITION	DR_472
S_823	APPLIES_UNDER	CR_452
S_823	HAS_DISPOSITION	DR_473
S_824	APPLIES_UNDER	CR_453
S_824	HAS_DISPOSITION	DR_474
S_825	APPLIES_UNDER	CR_454
S_825	HAS_DISPOSITION	DR_475
S_826	APPLIES_UNDER	CR_455
S_826	HAS_DISPOSITION	DR_476
S_827	APPLIES_UNDER	CR_456
S_827	HAS_DISPOSITION	DR_477
S_828	APPLIES_UNDER	CR_457
S_828	HAS_DISPOSITION	DR_478
S_829	APPLIES_UNDER	CR_458
S_829	HAS_DISPOSITION	DR_479
S_830	APPLIES_UNDER	CR_459
S_830	HAS_DISPOSITION	DR_480
S_831	APPLIES_UNDER	CR_460
S_831	HAS_DISPOSITION	DR_481
S_832	APPLIES_UNDER	CR_461
S_832	HAS_DISPOSITION	DR_482
S_833	APPLIES_UNDER	CR_462
S_833	HAS_DISPOSITION	DR_483
S_834	APPLIES_UNDER	CR_463
S_834	HAS_DISPOSITION	DR_484
S_835	APPLIES_UNDER	CR_464
S_835	HAS_DISPOSITION	DR_485
S_836	APPLIES_UNDER	CR_465
S_836	HAS_DISPOSITION	DR_486
S_837	APPLIES_UNDER	CR_466
S_837	HAS_DISPOSITION	DR_487
S_838	APPLIES_UNDER	CR_467
S_838	HAS_DISPOSITION	DR_488
S_839	APPLIES_UNDER	CR_468
S_839	HAS_DISPOSITION	DR_489
S_840	APPLIES_UNDER	CR_469
S_840	HAS_DISPOSITION	DR_490
S_841	APPLIES_UNDER	CR_470
S_841	HAS_DISPOSITION	DR_491
S_842	APPLIES_UNDER	CR_471
S_842	HAS_DISPOSITION	DR_492
S_843	APPLIES_UNDER	CR_472
S_843	HAS_DISPOSITION	DR_493
S_844	APPLIES_UNDER	CR_473
S_844	HAS_DISPOSITION	DR_494
S_845	APPLIES_UNDER	CR_474
S_845	HAS_DISPOSITION	DR_495
S_846	APPLIES_UNDER	CR_475
S_846	HAS_DISPOSITION	DR_496
S_847	APPLIES_UNDER	CR_476
S_847	HAS_DISPOSITION	DR_497
S_848	APPLIES_UNDER	CR_477
S_848	HAS_DISPOSITION	DR_498
S_849	APPLIES_UNDER	CR_478
S_849	HAS_DISPOSITION	DR_499
S_850	APPLIES_UNDER	CR_479
S_850	HAS_DISPOSITION	DR_500
S_851	APPLIES_UNDER	CR_480
S_851	HAS_DISPOSITION	DR_501
S_852	APPLIES_UNDER	CR_481
S_852	HAS_DISPOSITION	DR_502
S_853	APPLIES_UNDER	CR_482
S_853	HAS_DISPOSITION	DR_503
S_854	APPLIES_UNDER	CR_483
S_854	HAS_DISPOSITION	DR_504
S_855	APPLIES_UNDER	CR_484
S_855	HAS_DISPOSITION	DR_505
S_856	APPLIES_UNDER	CR_485
S_856	HAS_DISPOSITION	DR_506
S_857	APPLIES_UNDER	CR_486
S_857	HAS_DISPOSITION	DR_507
S_858	APPLIES_UNDER	CR_487
S_858	HAS_DISPOSITION	DR_508
S_859	APPLIES_UNDER	CR_488
S_859	HAS_DISPOSITION	DR_509
S_860	APPLIES_UNDER	CR_489
S_860	HAS_DISPOSITION	DR_510
S_861	APPLIES_UNDER	CR_490
S_861	HAS_DISPOSITION	DR_511
S_862	APPLIES_UNDER	CR_491
S_862	HAS_DISPOSITION	DR_512
S_863	APPLIES_UNDER	CR_492
S_863	HAS_DISPOSITION	DR_513
S_864	APPLIES_UNDER	CR_493
S_864	HAS_DISPOSITION	DR_514
S_865	APPLIES_UNDER	CR_494
S_865	HAS_DISPOSITION	DR_515
S_866	APPLIES_UNDER	CR_495
S_866	HAS_DISPOSITION	DR_516
S_867	APPLIES_UNDER	CR_496
S_867	HAS_DISPOSITION	DR_517
S_868	APPLIES_UNDER	CR_497
S_868	HAS_DISPOSITION	DR_518
S_869	APPLIES_UNDER	CR_498
S_869	HAS_DISPOSITION	DR_519
S_870	APPLIES_UNDER	CR_499
S_870	HAS_DISPOSITION	DR_520
S_871	APPLIES_UNDER	CR_500
S_871	HAS_DISPOSITION	DR_521
S_872	APPLIES_UNDER	CR_501
S_872	HAS_DISPOSITION	DR_522
S_873	APPLIES_UNDER	CR_502
S_873	HAS_DISPOSITION	DR_523
S_874	APPLIES_UNDER	CR_503
S_874	HAS_DISPOSITION	DR_524
S_875	APPLIES_UNDER	CR_504
S_875	HAS_DISPOSITION	DR_525
S_876	APPLIES_UNDER	CR_505
S_876	HAS_DISPOSITION	DR_526
S_877	APPLIES_UNDER	CR_506
S_877	HAS_DISPOSITION	DR_527
S_878	APPLIES_UNDER	CR_507
S_878	HAS_DISPOSITION	DR_528
S_879	APPLIES_UNDER	CR_508
S_879	HAS_DISPOSITION	DR_529
S_880	APPLIES_UNDER	CR_509
S_880	HAS_DISPOSITION	DR_530
S_881	APPLIES_UNDER	CR_510
S_881	HAS_DISPOSITION	DR_531
S_882	APPLIES_UNDER	CR_511
S_882	HAS_DISPOSITION	DR_532
S_883	APPLIES_UNDER	CR_512
S_883	HAS_DISPOSITION	DR_533
S_884	APPLIES_UNDER	CR_513
S_884	HAS_DISPOSITION	DR_534
S_885	APPLIES_UNDER	CR_514
S_885	HAS_DISPOSITION	DR_535
S_886	APPLIES_UNDER	CR_515
S_886	HAS_DISPOSITION	DR_536
S_887	APPLIES_UNDER	CR_516
S_887	HAS_DISPOSITION	DR_537
S_888	APPLIES_UNDER	CR_517
S_888	HAS_DISPOSITION	DR_538
S_889	APPLIES_UNDER	CR_518
S_889	HAS_DISPOSITION	DR_539
S_890	APPLIES_UNDER	CR_519
S_890	HAS_DISPOSITION	DR_540
S_891	APPLIES_UNDER	CR_520
S_891	HAS_DISPOSITION	DR_541
S_892	APPLIES_UNDER	CR_521
S_892	HAS_DISPOSITION	DR_542
S_893	APPLIES_UNDER	CR_522
S_893	HAS_DISPOSITION	DR_543
S_894	APPLIES_UNDER	CR_523
S_894	HAS_DISPOSITION	DR_544
S_895	APPLIES_UNDER	CR_524
S_895	HAS_DISPOSITION	DR_545
S_896	APPLIES_UNDER	CR_525
S_896	HAS_DISPOSITION	DR_546
S_897	APPLIES_UNDER	CR_526
S_897	HAS_DISPOSITION	DR_547
S_898	APPLIES_UNDER	CR_527
S_898	HAS_DISPOSITION	DR_548
S_899	APPLIES_UNDER	CR_528
S_899	HAS_DISPOSITION	DR_549
S_900	APPLIES_UNDER	CR_529
S_900	HAS_DISPOSITION	DR_550
S_901	APPLIES_UNDER	CR_530
S_901	HAS_DISPOSITION	DR_551
S_902	APPLIES_UNDER	CR_531
S_902	HAS_DISPOSITION	DR_552
S_903	APPLIES_UNDER	CR_532
S_903	HAS_DISPOSITION	DR_553
S_904	APPLIES_UNDER	CR_533
S_904	HAS_DISPOSITION	DR_554
S_905	APPLIES_UNDER	CR_534
S_905	HAS_DISPOSITION	DR_555
S_906	APPLIES_UNDER	CR_535
S_906	HAS_DISPOSITION	DR_556
S_907	APPLIES_UNDER	CR_536
S_907	HAS_DISPOSITION	DR_557
S_908	APPLIES_UNDER	CR_537
S_908	HAS_DISPOSITION	DR_558
S_909	APPLIES_UNDER	CR_538
S_909	HAS_DISPOSITION	DR_559
S_910	APPLIES_UNDER	CR_539
S_910	HAS_DISPOSITION	DR_560
S_911	APPLIES_UNDER	CR_540
S_911	HAS_DISPOSITION	DR_561
S_912	APPLIES_UNDER	CR_541
S_912	HAS_DISPOSITION	DR_562
S_913	APPLIES_UNDER	CR_542
S_913	HAS_DISPOSITION	DR_563
S_914	APPLIES_UNDER	CR_543
S_914	HAS_DISPOSITION	DR_564
S_915	APPLIES_UNDER	CR_544
S_915	HAS_DISPOSITION	DR_565
S_916	APPLIES_UNDER	CR_545
S_916	HAS_DISPOSITION	DR_566
S_917	APPLIES_UNDER	CR_546
S_917	HAS_DISPOSITION	DR_567
S_918	APPLIES_UNDER	CR_547
S_918	HAS_DISPOSITION	DR_568
S_919	APPLIES_UNDER	CR_548
S_919	HAS_DISPOSITION	DR_569
S_920	APPLIES_UNDER	CR_549
S_920	HAS_DISPOSITION	DR_570
S_921	APPLIES_UNDER	CR_550
S_921	HAS_DISPOSITION	DR_571
S_922	APPLIES_UNDER	CR_551
S_922	HAS_DISPOSITION	DR_572
S_923	APPLIES_UNDER	CR_552
S_923	HAS_DISPOSITION	DR_573
S_924	APPLIES_UNDER	CR_553
S_924	HAS_DISPOSITION	DR_574
S_925	APPLIES_UNDER	CR_554
S_925	HAS_DISPOSITION	DR_575
S_926	APPLIES_UNDER	CR_555
S_926	HAS_DISPOSITION	DR_576
S_927	APPLIES_UNDER	CR_556
S_927	HAS_DISPOSITION	DR_577
S_928	APPLIES_UNDER	CR_557
S_928	HAS_DISPOSITION	DR_578
S_929	APPLIES_UNDER	CR_558
S_929	HAS_DISPOSITION	DR_579
S_930	APPLIES_UNDER	CR_559
S_930	HAS_DISPOSITION	DR_580
S_931	APPLIES_UNDER	CR_560
S_931	HAS_DISPOSITION	DR_581
S_932	APPLIES_UNDER	CR_561
S_932	HAS_DISPOSITION	DR_582
S_933	APPLIES_UNDER	CR_562
S_933	HAS_DISPOSITION	DR_583
S_934	APPLIES_UNDER	CR_563
S_934	HAS_DISPOSITION	DR_584
S_935	APPLIES_UNDER	CR_564
S_935	HAS_DISPOSITION	DR_585
S_936	APPLIES_UNDER	CR_565
S_936	HAS_DISPOSITION	DR_586
S_937	APPLIES_UNDER	CR_566
S_937	HAS_DISPOSITION	DR_587
S_938	APPLIES_UNDER	CR_567
S_938	HAS_DISPOSITION	DR_588
S_939	APPLIES_UNDER	CR_568
S_939	HAS_DISPOSITION	DR_589
S_940	APPLIES_UNDER	CR_569
S_940	HAS_DISPOSITION	DR_590
S_941	APPLIES_UNDER	CR_570
S_941	HAS_DISPOSITION	DR_591
S_942	APPLIES_UNDER	CR_571
S_942	HAS_DISPOSITION	DR_592
S_943	APPLIES_UNDER	CR_572
S_943	HAS_DISPOSITION	DR_593
S_944	APPLIES_UNDER	CR_573
S_944	HAS_DISPOSITION	DR_594
S_945	APPLIES_UNDER	CR_574
S_945	HAS_DISPOSITION	DR_595
S_946	APPLIES_UNDER	CR_575
S_946	HAS_DISPOSITION	DR_596
S_947	APPLIES_UNDER	CR_576
S_947	HAS_DISPOSITION	DR_597
S_948	APPLIES_UNDER	CR_577
S_948	HAS_DISPOSITION	DR_598
S_949	APPLIES_UNDER	CR_578
S_949	HAS_DISPOSITION	DR_599
S_950	APPLIES_UNDER	CR_579
S_950	HAS_DISPOSITION	DR_600
S_951	APPLIES_UNDER	CR_580
S_951	HAS_DISPOSITION	DR_601
S_952	APPLIES_UNDER	CR_581
S_952	HAS_DISPOSITION	DR_602
S_953	APPLIES_UNDER	CR_582
S_953	HAS_DISPOSITION	DR_603
S_954	APPLIES_UNDER	CR_583
S_954	HAS_DISPOSITION	DR_604
S_955	APPLIES_UNDER	CR_584
S_955	HAS_DISPOSITION	DR_605
S_956	APPLIES_UNDER	CR_585
S_956	HAS_DISPOSITION	DR_606
S_957	APPLIES_UNDER	CR_586
S_957	HAS_DISPOSITION	DR_607
S_958	APPLIES_UNDER	CR_587
S_958	HAS_DISPOSITION	DR_608
S_959	APPLIES_UNDER	CR_588
S_959	HAS_DISPOSITION	DR_609
S_960	APPLIES_UNDER	CR_589
S_960	HAS_DISPOSITION	DR_610
S_961	APPLIES_UNDER	CR_590
S_961	HAS_DISPOSITION	DR_611
S_962	APPLIES_UNDER	CR_591
S_962	HAS_DISPOSITION	DR_612
S_963	APPLIES_UNDER	CR_592
S_963	HAS_DISPOSITION	DR_613
S_964	APPLIES_UNDER	CR_593
S_964	HAS_DISPOSITION	DR_614
S_965	APPLIES_UNDER	CR_594
S_965	HAS_DISPOSITION	DR_615
S_966	APPLIES_UNDER	CR_595
S_966	HAS_DISPOSITION	DR_616
S_967	APPLIES_UNDER	CR_596
S_967	HAS_DISPOSITION	DR_617
S_968	APPLIES_UNDER	CR_597
S_968	HAS_DISPOSITION	DR_618
S_969	APPLIES_UNDER	CR_598
S_969	HAS_DISPOSITION	DR_619
S_970	APPLIES_UNDER	CR_599
S_970	HAS_DISPOSITION	DR_620
S_971	APPLIES_UNDER	CR_600
S_971	HAS_DISPOSITION	DR_621
S_972	APPLIES_UNDER	CR_601
S_972	HAS_DISPOSITION	DR_622
S_973	APPLIES_UNDER	CR_602
S_973	HAS_DISPOSITION	DR_623
S_974	APPLIES_UNDER	CR_603
S_974	HAS_DISPOSITION	DR_624
S_975	APPLIES_UNDER	CR_604
S_975	HAS_DISPOSITION	DR_625
S_976	APPLIES_UNDER	CR_605
S_976	HAS_DISPOSITION	DR_626
S_977	APPLIES_UNDER	CR_606
S_977	HAS_DISPOSITION	DR_627
S_978	APPLIES_UNDER	CR_607
S_978	HAS_DISPOSITION	DR_628
S_979	APPLIES_UNDER	CR_608
S_979	HAS_DISPOSITION	DR_629
S_980	APPLIES_UNDER	CR_609
S_980	HAS_DISPOSITION	DR_630
S_981	APPLIES_UNDER	CR_610
S_981	HAS_DISPOSITION	DR_631
S_982	APPLIES_UNDER	CR_611
S_982	HAS_DISPOSITION	DR_632
S_983	APPLIES_UNDER	CR_612
S_983	HAS_DISPOSITION	DR_633
S_984	APPLIES_UNDER	CR_613
S_984	HAS_DISPOSITION	DR_634
S_985	APPLIES_UNDER	CR_614
S_985	HAS_DISPOSITION	DR_635
S_986	APPLIES_UNDER	CR_615
S_986	HAS_DISPOSITION	DR_636
S_987	APPLIES_UNDER	CR_616
S_987	HAS_DISPOSITION	DR_637
S_988	APPLIES_UNDER	CR_617
S_988	HAS_DISPOSITION	DR_638
S_989	APPLIES_UNDER	CR_618
S_989	HAS_DISPOSITION	DR_639
S_990	APPLIES_UNDER	CR_619
S_990	HAS_DISPOSITION	DR_640
S_991	APPLIES_UNDER	CR_620
S_991	HAS_DISPOSITION	DR_641
S_992	APPLIES_UNDER	CR_621
S_992	HAS_DISPOSITION	DR_642
S_993	APPLIES_UNDER	CR_622
S_993	HAS_DISPOSITION	DR_643
S_994	APPLIES_UNDER	CR_623
S_994	HAS_DISPOSITION	DR_644
S_995	APPLIES_UNDER	CR_624
S_995	HAS_DISPOSITION	DR_645
S_996	APPLIES_UNDER	CR_625
S_996	HAS_DISPOSITION	DR_646
S_997	APPLIES_UNDER	CR_626
S_997	HAS_DISPOSITION	DR_647
S_998	APPLIES_UNDER	CR_627
S_998	HAS_DISPOSITION	DR_648
S_999	APPLIES_UNDER	CR_628
S_999	HAS_DISPOSITION	DR_649
TM_001	APPLIES_TO	C_001
TM_001	APPLIES_TO	C_1278
TM_001	APPLIES_TO	C_1288
TM_001	APPLIES_TO	C_1445
TM_001	APPLIES_TO	C_1597
TM_001	APPLIES_TO	C_200
TM_001	APPLIES_TO	C_2335
TM_001	APPLIES_TO	C_332
TM_001	APPLIES_TO	C_454
TM_001	APPLIES_TO	C_776
TM_002	APPLIES_TO	C_001
TM_002	APPLIES_TO	C_1278
TM_002	APPLIES_TO	C_1445
TM_002	APPLIES_TO	C_1597
TM_002	APPLIES_TO	C_2335
TM_002	APPLIES_TO	C_332
TM_002	APPLIES_TO	C_454
TM_002	APPLIES_TO	C_776
TM_003	APPLIES_TO	C_001
TM_003	APPLIES_TO	C_1278
TM_003	APPLIES_TO	C_1288
TM_003	APPLIES_TO	C_1445
TM_003	APPLIES_TO	C_1597
TM_003	APPLIES_TO	C_200
TM_003	APPLIES_TO	C_2335
TM_003	APPLIES_TO	C_332
TM_003	APPLIES_TO	C_776
TM_004	APPLIES_TO	C_001
TM_004	APPLIES_TO	C_1288
TM_004	APPLIES_TO	C_1445
TM_004	APPLIES_TO	C_1597
TM_004	APPLIES_TO	C_200
TM_004	APPLIES_TO	C_2335
TM_004	APPLIES_TO	C_332
TM_004	APPLIES_TO	C_454
TM_004	APPLIES_TO	C_776
TM_005	APPLIES_TO	C_001
TM_005	APPLIES_TO	C_1278
TM_005	APPLIES_TO	C_1288
TM_005	APPLIES_TO	C_1445
TM_005	APPLIES_TO	C_1597
TM_005	APPLIES_TO	C_200
TM_005	APPLIES_TO	C_332
TM_005	APPLIES_TO	C_454
TM_005	APPLIES_TO	C_776
TM_006	APPLIES_TO	C_1278
TM_006	APPLIES_TO	C_1288
TM_006	APPLIES_TO	C_1597
TM_006	APPLIES_TO	C_200
TM_006	APPLIES_TO	C_332
TM_006	APPLIES_TO	C_454
TM_006	APPLIES_TO	C_776
